"Bankrupt","Year","AR_by_OpIncome","FB_Plus_OpInc_ByFB","PercentMedicaidDays","PercentMedicareDays","CurrentRatio","Debt2Equity","DaysSalesOutstanding","LaborCompRatio","OpProfitMargin","DaysCashOnHand","BedUtil","AdjPxDays","Alt1Ohls3","AltmanX2","AltmanX3","AltmanX4","OhlsonX1","OhlsonX2","OhlsonX4","OhlsonX6","OhlsonX7","OhlsonX9","OhlsonX5","OhlsonX8","Govt","Urban","ForProfit","HC1","HC2","HC4","HC5","AR_by_OpIncome.y.1.","FB_Plus_OpInc_ByFB.y.1.","PercentMedicaidDays.y.1.","PercentMedicareDays.y.1.","CurrentRatio.y.1.","Debt2Equity.y.1.","DaysSalesOutstanding.y.1.","LaborCompRatio.y.1.","OpProfitMargin.y.1.","DaysCashOnHand.y.1.","BedUtil.y.1.","AdjPxDays.y.1.","Alt1Ohls3.y.1.","AltmanX2.y.1.","AltmanX3.y.1.","AltmanX4.y.1.","OhlsonX1.y.1.","OhlsonX2.y.1.","OhlsonX4.y.1.","OhlsonX6.y.1.","OhlsonX7.y.1.","OhlsonX9.y.1.","OhlsonX5.y.1.","OhlsonX8.y.1.","HC4_5.y.1.","AR_by_OpIncome.y.2.","FB_Plus_OpInc_ByFB.y.2.","PercentMedicaidDays.y.2.","PercentMedicareDays.y.2.","CurrentRatio.y.2.","Debt2Equity.y.2.","DaysSalesOutstanding.y.2.","LaborCompRatio.y.2.","OpProfitMargin.y.2.","DaysCashOnHand.y.2.","BedUtil.y.2.","AdjPxDays.y.2.","Alt1Ohls3.y.2.","AltmanX2.y.2.","AltmanX3.y.2.","AltmanX4.y.2.","OhlsonX1.y.2.","OhlsonX2.y.2.","OhlsonX4.y.2.","OhlsonX6.y.2.","OhlsonX7.y.2.","OhlsonX9.y.2.","OhlsonX5.y.2.","OhlsonX8.y.2.","D_AR_by_OpIncome","D_FB_Plus_OpInc_ByFB","D_CurrentRatio","D_Debt2Equity","D_LiabFundBalRatio","D_DaysSalesOutstanding","D_LaborCompRatio","D_OpProfitMargin","D_DaysCashOnHand","D_BedUtil","D_AdjPxDays","D_Alt1Ohls3","D_AltmanX2","D_AltmanX3","D_AltmanX4","D_OhlsonX1","D_OhlsonX2","D_OhlsonX4","D_OhlsonX6","D_OhlsonX7","D_OhlsonX9","NegLiab.y.1.","NegLiab.y.2."
1,2015,0.017,1.62,0.03,0.23,0.45,-0.78,-213.12,6.34,-10.46,1.54,0.07,0.320383,-0.84,-0.22,-1.39,-0.06,9.74,3.41,2.22,-1.47,-0.41,-2560661,1,1,0,0,1,0,0,0,0,1.483,1.49,0.03,0.23,-0.18,-0.55,-195.91,1.04,-1.01,11.26,0.11,0.549525,-9.49,0.54,-5.75,0.03,7.77,16.68,-5.46,-7.39,-0.34,888134,1,1,0,0.129,1.5,0.03,0.23,0.26,-0.7,36.56,0.85,-0.61,3.38,0.23,0.820226,-1.47,-1.52,-1.17,-0.36,9.38,4.23,3.89,-1.45,-0.28,-12568551,1,1,-0.98853675,0.087248322,-3.5,0.418181818,0.339622642,0.08784646,5.096153846,9.356435644,-0.863232682,-0.363636364,-0.416981939,-0.911485774,-1.407407407,-0.75826087,-3,0.253539254,-0.795563549,-1.406593407,-0.801082544,0.205882353,-3.883192176,0,0
1,2014,3.304,0.72,0.22,0.3,0.98,1.98,48.8,0.5,-0.04,2.52,0.4,3.268594,-0.01,0.05,0.03,0.06,11.07,0.81,1.02,0.03,0.04,2222744,0,0,0,1,0,0,0,1,0,0.173,-0.04,0.22,0.3,0.86,2.61,46.32,0.59,-0.11,1.13,0.41,3.106545,-0.06,-0.07,-0.05,-0.08,10.96,0.85,1.17,-0.07,-0.06,-2772787,0,1,1,2.273,0.6,0.22,0.3,0.81,1.6,49.41,0.58,-0.06,6.97,0.43,2.946332,-0.08,0.05,0.02,0.07,10.99,0.79,1.24,0,0.03,2163159,0,0,18.0982659,-19,0.139534884,-0.24137931,-0.211469534,0.053540587,-0.152542373,-0.636363636,1.230088496,-0.024390244,0.052163738,-0.833333333,-1.714285714,-1.6,-1.75,0.010036496,-0.047058824,-0.128205128,-1.428571429,-1.666666667,-1.801628109,0,0
1,2019,0.103,2.79,0.06,0.3,0.41,-0.23,41.95,0.43,-0.11,8.33,0.61,5.032925,-0.67,-0.42,-0.16,-0.36,10.65,1.16,2.45,-0.28,-0.14,-12387512,1,1,0,0,0,1,0,0,0,0.075,-1.02,0.06,0.3,0.66,0.2,50.67,0.43,-0.18,12.53,0.61,5.548293,-0.26,-0.79,-0.3,-0.99,10.9,0.8,1.53,-0.39,-0.37,-29671292,1,1,0,3.543,1,0.06,0.3,1.2,0.06,48.51,0.39,0,0,0.58,5.219291,0.08,0.02,0.07,0.05,11.45,0.43,0.83,0.05,0.17,1401453,0,0,0.373333333,-3.735294118,-0.378787879,-2.15,-2.87371134,-0.172093941,0,-0.388888889,-0.335195531,0,-0.092887668,1.576923077,-0.46835443,-0.466666667,-0.636363636,-0.02293578,0.45,0.60130719,-0.282051282,-0.621621622,-0.582508507,0,0
1,2018,6.385,1.02,0.01,0.14,-1.42,0,70.31,0.33,0.01,-14.77,0.27,6.101041,0.61,0.03,0.12,166007400,11.34,-0.25,-0.7,0.03,679549600,1660074,0,0,0,0,1,1,0,0,0,4.765,1.04,0.01,0.14,-13.24,0,75.99,0.32,0.03,-5.73,0.29,6.172228,0.41,0.05,0.14,341371700,11.51,-0.03,-0.08,0.05,957658000,3413717,0,0,0,4.911,1.03,0.01,0.14,3.13,0,72.03,0.34,0.02,-4.85,0.28,5.870375,0.22,0.12,0.11,1.1,11.6,0.11,0.32,0.04,1.07,8867717,0,0,0.339979014,-0.019230769,-0.892749245,0,5.666666667,-0.074746677,0.03125,-0.666666667,1.577661431,-0.068965517,-0.011533437,0.487804878,-0.4,-0.142857143,-0.513704856,-0.014769765,7.333333333,7.75,-0.4,-0.290404717,-0.513704856,1,0
1,2010,0.034,1.4,0.04,0.21,0.4,-0.8,34.56,0.61,-0.28,9.19,0.64,7.869629,-0.88,-0.55,-0.78,-0.17,10.88,3.32,2.5,-0.12,-0.23,-20242379,1,1,0,0,1,0,1,0,0,0.036,1.66,0.04,0.21,0.47,-0.81,47.84,0.66,-0.36,9.47,0.73,8.969349,-0.69,0.17,-0.85,0.07,11.01,2.55,2.14,-0.46,-0.33,7173200,1,1,0,0.048,1.5,0.04,0.21,0.71,-1.1,43.5,0.59,-0.25,17.3,0.81,9.409693,-0.25,-0.7,-0.59,-0.29,11.19,2.43,1.42,-0.18,-0.24,-35337126,1,1,-0.055555556,-0.156626506,-0.14893617,-0.012345679,-0.133333333,-0.277591973,-0.075757576,-0.222222222,-0.029567054,-0.123287671,-0.122608675,0.275362319,-4.235294118,-0.082352941,-3.428571429,-0.011807448,0.301960784,0.168224299,-0.739130435,-0.303030303,-3.821945436,0,0
1,2018,0.085,0.62,0.03,0.27,1.98,0.55,52.96,0.73,-0.22,78.85,0.27,4.781488,0.2,-0.03,-0.14,-0.07,11.98,0.49,0.51,-0.01,-0.29,-3572993,0,1,0,0,0,0,0,0,0,0.149,0.82,0.03,0.27,2.34,0.49,44.26,0.67,-0.1,89.01,0.28,4.853282,0.24,0.04,-0.05,0.08,11.96,0.45,0.43,0.03,-0.12,3915190,0,0,0,0.115,0.76,0.03,0.27,2.14,0.56,47.45,0.7,-0.14,88.41,0.32,5.288008,0.21,0.02,-0.06,0.04,11.95,0.48,0.47,0,-0.13,1989644,0,1,-0.429530201,-0.243902439,-0.153846154,0.12244898,0.172839506,0.196565748,0.089552239,1.2,-0.114144478,-0.035714286,-0.014792876,-0.166666667,-1.75,1.8,-1.875,0.001672241,0.088888889,0.186046512,-1.333333333,1.416666667,-1.912597601,0,0
1,2018,2.89,0.85,0.17,0.19,1.64,0.6,53.2,0.53,-0.1,10.24,0.26,4.978889,0.08,0,-0.02,0,12.02,0.45,0.61,-0.03,-0.05,-71950,0,1,0,0,0,0,1,0,0,0.193,0.65,0.17,0.19,2.78,0.79,59.51,0.63,-0.25,31.5,0.31,5.561352,0.15,-0.05,-0.11,-0.09,12.1,0.49,0.36,-0.07,-0.23,-5650423,0,1,0,1.543,0.79,0.17,0.19,3.64,0.82,69.7,0.58,-0.15,47.02,0.35,6.479234,0.2,-0.03,-0.05,-0.06,12.19,0.49,0.27,-0.03,-0.09,-3912153,0,1,13.97409326,0.307692308,-0.410071942,-0.240506329,-0.15625,-0.1060326,-0.158730159,-0.6,-0.674920635,-0.161290323,-0.104734065,-0.466666667,-1,-0.818181818,-1,-0.00661157,-0.081632653,0.694444444,-0.571428571,-0.782608696,-0.98726644,0,0
1,2017,2.341,0.92,0.18,0.26,-13.1,0.07,70.01,0.33,-0.06,-1.02,0.1,1.150563,0.3,-0.07,0,-1.56,10.26,0.04,-0.08,-0.07,0.01,-1357431,1,1,0,0,1,0,0,1,0,1.466,0.86,0.18,0.26,-9.04,0.07,63.62,0.29,-0.1,-3.94,0.1,1.1875,0.29,3.72,-0.08,95.32,10.32,0.04,-0.11,-0.13,-2.09,78468261,1,1,1,0.119,1.1,0.18,0.26,0.08,-0.03,70.1,0.28,-0.21,-7.85,0.1,1.191784,-3.05,-0.22,-0.18,-0.06,10.47,3.38,12.23,-0.22,-0.05,-5343296,1,1,0.59686221,0.069767442,0.449115044,0,0.25,0.100440113,0.137931034,-0.4,-0.741116751,0,-0.031104842,0.034482759,-1.018817204,-1,-1.016365925,-0.005813953,0,-0.272727273,-0.461538462,-1.004784689,-1.017299109,0,0
1,2016,0.146,0.51,0.12,0.2,2.34,0.32,116.71,0.58,-0.22,13.19,0.1,0.59576,0.41,0.19,-0.32,0.62,8.45,0.31,0.43,-0.09,-1.05,613742,1,1,1,1,0,0,0,0,0,0.007,0.35,0.12,0.2,1.35,0.32,5.64,0.61,-0.23,57.98,0.07,0.5124,0.12,-0.8,-0.41,-2.42,8.17,0.33,0.74,-0.03,-1.23,-1970825,1,1,0,1.521,0.84,0.12,0.2,7.18,0.32,123.18,0.56,-0.12,76.86,0.1,0.559176,0.61,0.22,-0.13,2.28,8.66,0.1,0.14,0.22,-1.32,901801,1,0,19.85714286,0.457142857,0.733333333,0,-0.102040816,19.69326241,-0.049180328,-0.043478261,-0.772507761,0.428571429,0.162685402,2.416666667,-1.2375,-0.219512195,-1.256198347,0.034271726,-0.060606061,-0.418918919,2,-0.146341463,-1.311413748,0,0
1,2009,0.181,1.47,0.06,0.25,0.41,-0.88,44.15,0.49,-0.24,1.71,0.52,7.655179,-0.66,-0.18,-0.28,-0.09,11.49,2.02,2.43,-0.09,-0.14,-12351926,1,1,0,0,1,0,0,0,0,0.042,1.71,0.06,0.25,0.4,-0.99,48.09,0.57,-0.31,5.67,0.57,8.004863,-0.6,-0.22,-0.53,-0.12,11.52,1.81,2.49,-0.22,-0.29,-15576631,1,1,0,0.046,2.11,0.06,0.25,0.47,-1.37,57.88,0.55,-0.34,1.88,0.56,7.807614,-0.41,-0.33,-0.53,-0.21,11.53,1.58,2.12,-0.34,-0.33,-23705000,1,1,3.30952381,-0.140350877,0.025,-0.111111111,-0.112107623,-0.081929715,-0.140350877,-0.225806452,-0.698412698,-0.087719298,-0.043683946,0.1,-0.181818182,-0.471698113,-0.25,-0.002604167,0.116022099,-0.024096386,-0.590909091,-0.517241379,-0.207021981,0,0
1,2018,3.339,1.06,0.16,0.14,2.13,-1.96,72.4,0.42,-0.03,-1.52,0.36,4.211505,0.21,-0.04,0,-0.02,11.94,1.85,0.47,-0.04,0,-3885104,0,1,0,0,1,0,0,0,0,0.167,1.24,0.16,0.14,3.13,-2.13,48.51,0.39,-0.13,67.86,0.38,4.649756,0.27,-0.17,-0.12,-0.09,11.99,1.77,0.32,-0.17,-0.07,-18720235,0,1,0,4.908,0.96,0.16,0.14,2.75,-2.68,48.51,0.34,0.02,69.51,0.38,4.813876,0.21,0.03,0.07,0.02,12.14,1.52,0.36,0.03,0.05,4448378,0,0,18.99401198,-0.14516129,-0.319488818,-0.079812207,-0.048034934,0.492475778,0.076923077,-0.769230769,-1.022399057,-0.052631579,-0.094252473,-0.222222222,-0.764705882,-1,-0.777777778,-0.004170142,0.04519774,0.46875,-0.764705882,-1,-0.792464998,0,0
1,2019,1.518,5.35,0.13,0.37,0.53,-6.26,54.37,0.58,-0.19,1.34,0.37,1.675806,-0.32,-0.17,-0.19,-0.16,10.08,1.06,1.9,-0.17,-0.17,-2787456,1,1,1,0,0,0,1,0,0,0.186,-1.46,0.13,0.37,0.62,3.47,38.18,0.62,-0.19,14.82,0.45,1.985689,-0.2,-0.16,-0.15,-0.18,10.06,0.89,1.62,-0.16,-0.17,-2627338,1,1,0,0.044,-0.73,0.13,0.37,0.64,1.15,56.64,0.64,-0.36,9.22,0.19,1.938897,-0.16,-0.27,-0.34,-0.36,10.1,0.74,1.57,-0.27,-0.46,-4532506,1,1,7.161290323,-4.664383562,-0.14516129,-2.804034582,-3.07980653,0.424044002,-0.064516129,0,-0.909581646,-0.177777778,-0.156058174,0.6,0.0625,0.266666667,-0.111111111,0.001988072,0.191011236,0.172839506,0.0625,0,0.060943053,0,0
1,2013,0.153,-0.25,0.06,0.3,0.43,0.4,33.34,0.88,-0.55,7.93,0.63,5.221056,-0.25,-0.1,-0.44,-0.16,11.63,0.6,2.34,-0.14,-0.74,-7642405,1,1,0,0,1,1,0,0,0,0.032,0.2,0.06,0.3,0.68,0.36,39.94,0.74,-0.34,15.9,0.67,5.467567,-0.11,-0.01,-0.33,-0.01,11.66,0.52,1.47,-0.02,-0.64,-542595,1,1,0,1.488,0.86,0.06,0.3,0.85,0.4,44.4,0.6,-0.05,13.16,0.76,6.115446,-0.05,0,-0.01,0,11.67,0.52,1.18,0.01,-0.03,-40000,1,0,3.78125,-2.25,-0.367647059,0.111111111,0.401869159,-0.165247872,0.189189189,0.617647059,-0.501257862,-0.059701493,-0.04508605,1.272727273,9,0.333333333,15,-0.002572899,0.153846154,0.591836735,6,0.15625,13.08491601,0,0
1,2010,8.529,1.03,0.01,0.37,2.91,0.4,52.31,0.36,0.03,58.56,0.46,4.724696,0.14,0.06,0.09,0.19,12.2,0.34,0.34,0.06,0.27,8869564,0,0,0,0,0,0,1,0,0,6.055,1,0.01,0.37,2.75,0.48,50.57,0.37,0,66.06,0.44,4.396646,0.15,0,0.06,-0.01,12.17,0.38,0.36,0.01,0.15,-477198,0,0,0,4.315,0.99,0.01,0.37,2.64,0.48,50.26,0.37,-0.01,47.13,0.49,4.682378,0.12,0.01,0.06,0.03,12.16,0.37,0.38,0.02,0.15,1572744,0,0,0.408587944,0.03,0.058181818,-0.166666667,-0.177419355,0.034407752,-0.027027027,3,-0.113533152,0.045454545,0.074613694,-0.066666667,6,0.5,-20,0.002465078,-0.105263158,-0.055555556,5,0.8,-19.58675854,0,0
1,2018,0.177,5.83,0.11,0.06,2.37,-55.1,38.54,0.35,-0.06,48.2,0.34,4.43574,0.27,-0.08,0,-0.08,11.22,1.01,0.42,-0.08,0,-4200702,0,1,0,0,0,0,0,0,0,5.306,1.13,0.11,0.06,2.59,11.86,35.91,0.33,0.01,50.62,0.07,3.081635,0.26,0.01,0.07,0.01,11.24,0.94,0.39,0.01,0.08,311525,0,0,0,2.273,0.36,0.11,0.06,2.96,13.57,26.48,0.38,-0.02,49.81,0.16,3.556401,0.3,-0.08,0.02,-0.08,11.25,0.94,0.34,-0.08,0.02,-4158970,0,1,-0.966641538,4.159292035,-0.084942085,-5.645868465,-5.762135922,0.073238652,0.060606061,-7,-0.047807191,3.857142857,0.439411222,0.038461538,-9,-1,-9,-0.001779359,0.074468085,0.076923077,-9,-1,-14.48431747,0,0
1,2018,4.555,1.18,0.02,0.42,-0.81,0,69,0.33,0.14,-4.19,0.23,1.687893,0.93,0.27,0.36,572458200,10.32,-0.51,-1.24,0.27,753332300,5724582,0,0,0,1,1,0,0,0,0,4.566,1.19,0.02,0.42,-2.56,0,69.91,0.33,0.13,-5.11,0.22,1.641033,0.53,2.43,0.31,5545628400,10.4,-0.15,-0.39,0.24,706332500,55456284,0,0,0,5.182,0.98,0.02,0.42,0.16,0,63.38,0.33,0.01,-0.33,0.23,1.659125,-1.93,0.06,0.12,0.02,10.38,2.3,6.27,0.06,0.05,1279100,1,0,-0.002409111,-0.008403361,-0.68359375,0,1.615384615,-0.013016736,0,0.076923077,-0.180039139,0.045454545,0.028555184,0.754716981,-0.888888889,0.161290323,-0.896773069,-0.007692308,2.4,2.179487179,0.125,0.066540616,-0.896773069,1,0
1,2017,0.045,1.17,0.09,0.6,0.08,0.32,14.08,0.46,-0.09,1.75,0.38,1.295984,-2.4,-1.93,-0.17,-0.74,8.82,2.62,11.87,-0.27,-0.07,-9032738,1,1,0,1,0,0,0,0,1,0.004,-0.78,0.09,0.6,0.18,0.01,2.64,0.51,-0.19,-0.12,0.34,1.19159,-0.64,-0.36,-0.34,-0.47,9.15,0.78,5.7,-0.34,-0.44,-2381064,1,1,1,0.073,0.73,0.09,0.6,0.79,0.29,14.08,0.38,-0.05,1.18,0.31,1.061707,-0.05,0.54,-0.13,1.32,9.13,0.41,1.27,-0.14,-0.33,3474287,1,1,10.25,-2.5,-0.555555556,31,-1.460227273,4.333333333,-0.098039216,-0.526315789,-15.58333333,0.117647059,0.087608993,2.75,4.361111111,-0.5,0.574468085,-0.036065574,2.358974359,1.08245614,-0.205882353,-0.840909091,2.793572117,0,0
1,2015,0.156,1.12,0.06,0.3,0.39,-0.9,32.04,0.42,-0.07,0.12,0.17,0.163027,-0.75,-0.12,-0.23,-0.04,9.67,3.27,2.56,-0.16,-0.07,-1368370,0,1,0,0,0,0,0,0,0,0.118,1.18,0.06,0.3,0.37,-0.84,31.97,0.42,-0.1,1.2,0.13,0.117884,-0.88,-0.26,-0.34,-0.08,9.56,3.41,2.71,-0.34,-0.1,-2519191,0,1,0,0.108,1.24,0.06,0.3,0.45,-0.92,34.55,0.42,-0.11,1.88,0.2,0.189321,-0.63,0,-0.38,0,9.67,2.92,2.23,-0.17,-0.13,48706,0,1,0.322033898,-0.050847458,0.054054054,0.071428571,0.014084507,0.002189553,0,-0.3,-0.9,0.307692308,0.38294425,-0.147727273,-0.538461538,-0.323529412,-0.5,0.011506276,-0.041055718,-0.055350554,-0.529411765,-0.3,-0.456821654,0,0
1,2018,4.282,1.25,0.05,0.29,0.52,-0.56,84.81,0.64,-0.18,12.52,0.27,3.977057,-0.7,-0.2,-0.19,-0.1,12.42,2.03,1.94,-0.21,-0.09,-34268849,0,1,0,0,0,0,1,0,0,3.643,1.28,0.05,0.29,0.61,-0.71,63.6,0.63,-0.16,10.56,0.3,4.274151,-0.49,-0.23,-0.18,-0.12,12.34,1.9,1.64,-0.22,-0.1,-35997909,0,1,0,1.528,1.61,0.05,0.29,0.49,-0.58,55.91,0.74,-0.31,6.93,0.31,4.202029,-0.75,-0.71,-0.56,-0.34,11.84,2.12,2.06,-0.63,-0.26,-68520144,0,1,0.175404886,-0.0234375,-0.147540984,-0.211267606,-0.066350711,0.333490566,0.015873016,0.125,0.185606061,-0.1,-0.069509477,0.428571429,-0.130434783,0.055555556,-0.166666667,0.006482982,0.068421053,0.182926829,-0.045454545,-0.1,-0.048032234,0,0
1,2018,4.451,1.25,0.03,0.18,-0.2,0,58.22,0.25,0.37,-7,0.27,1.689496,2.2,0.72,0.77,2425298800,10.79,-1.82,-4.9,0.72,2614579700,24252988,0,0,0,0,1,0,0,0,0,4.451,1.31,0.03,0.18,-0.36,0,62.21,0.24,0.36,-8.98,0.31,1.746255,1.36,-4.5,0.7,-16026561800,10.84,-1,-2.79,0.63,2474301400,-160265618,0,0,0,4.444,1.09,0.03,0.18,-0.92,0,56.77,0.25,0.38,0,0.29,1.730967,0.7,1.31,0.64,4860964700,10.89,-0.37,-1.09,0.59,2397253900,48609647,0,0,0,-0.045801527,-0.444444444,0,0.3,-0.064137598,0.041666667,0.027777778,-0.220489978,-0.129032258,-0.032503271,0.617647059,-1.16,0.1,-1.15132995,-0.004612546,0.82,0.756272401,0.142857143,0.056694104,-1.15132995,1,1
1,2015,2.047,0.93,0.04,0.28,1.45,0.18,41.73,0.55,-0.01,0.51,0.33,3.879716,0.11,1.94,0.13,5.32,11.06,0.36,0.69,0.05,0.34,85743801,0,0,0,0,1,0,1,0,0,0.129,1.35,0.04,0.28,1.63,-1.82,43.92,0.69,-0.16,3.54,0.25,3.741773,0.19,-0.11,-0.22,-0.06,11.47,1.86,0.61,-0.27,-0.12,-7386313,0,1,0,0.135,1.38,0.04,0.28,1.57,-2.04,45.13,0.75,-0.15,19.52,0.3,4.44588,0.19,0.21,-0.16,0.13,11.62,1.65,0.64,0.1,-0.1,16539850,0,0,14.86821705,-0.311111111,-0.110429448,-1.098901099,-1.263888889,-0.049863388,-0.202898551,-0.9375,-0.855932203,0.32,0.036865678,-0.421052632,-18.63636364,-1.590909091,-89.66666667,-0.035745423,-0.806451613,0.131147541,-1.185185185,-3.833333333,-12.6084711,0,0
1,2013,0.128,0.79,0.02,0.39,2.36,0.27,56.83,0.74,-0.14,38.21,0.5,3.726193,0.2,-0.08,-0.07,-0.25,11.03,0.33,0.42,-0.08,-0.22,-3559112,0,1,0,0,0,1,0,0,0,0.184,0.84,0.02,0.39,2.83,0.23,61.56,0.72,-0.12,53.3,0.51,3.745805,0.25,-0.05,-0.06,-0.17,11.1,0.3,0.35,-0.05,-0.19,-2333716,0,1,0,2.072,0.99,0.02,0.39,4.38,0.2,56.91,0.63,-0.01,99.32,0.57,3.89996,0.4,0.03,0.05,0.11,11.13,0.26,0.23,0.03,0.2,1407814,0,0,-0.304347826,-0.05952381,-0.166077739,0.173913043,0.166666667,-0.076835608,0.027777778,0.166666667,-0.283114447,-0.019607843,-0.005235724,-0.2,0.6,0.166666667,0.470588235,-0.006306306,0.1,0.2,0.6,0.157894737,0.525083601,0,0
1,2018,8.288,1.08,0.04,0.31,3.9,0.32,85.4,0.35,0.05,-6.76,0.56,7.791521,0.27,0.08,0.13,0.82,11.94,0.09,0.26,0.08,1.36,8279780,0,0,0,0,1,0,1,0,0,0.52,0.96,0.04,0.31,1.58,0.32,77.54,0.37,-0.03,-1.32,0.61,8.274093,0.12,-0.03,0.02,-0.15,11.99,0.21,0.63,-0.03,0.09,-3396957,0,1,0,4.243,0.94,0.04,0.31,1.25,0.32,87.43,0.35,-0.04,-0.91,0.6,8.034977,0.07,0.65,0.01,2.41,12.1,0.27,0.8,-0.04,0.05,81317722,0,1,14.93846154,0.125,1.46835443,0,-0.615384615,0.101367036,-0.054054054,-2.666666667,4.121212121,-0.081967213,-0.058323251,1.25,-3.666666667,5.5,-6.466666667,-0.004170142,-0.571428571,-0.587301587,-3.666666667,14.11111111,-3.437410895,0,0
1,2018,4.495,1.12,0.01,0.34,-0.28,0.32,53.91,0.31,0.17,-7.52,0.2,1.279606,1.19,0.23,0.31,657601300,10.6,-0.93,-3.52,0.23,874000500,6576013,0,0,0,0,1,0,0,0,0,4.438,1.32,0.01,0.34,-0.4,0.32,51.21,0.26,0.36,-5.84,0.22,1.286564,0.97,0.45,0.59,1271592800,10.6,-0.7,-2.5,0.45,1652549500,12715928,0,0,0,4.458,1.32,0.01,0.34,-1.81,0.32,55.87,0.31,0.29,-2.83,0.24,1.348634,0.35,-1.79,0.39,-5512644000,10.7,-0.12,-0.55,0.37,1205995500,-55126440,0,0,0.012843623,-0.151515152,-0.3,0,0.170731707,0.052724077,0.192307692,-0.527777778,0.287671233,-0.090909091,-0.005408204,0.226804124,-0.488888889,-0.474576271,-0.482852294,0,0.328571429,0.408,-0.488888889,-0.471119927,-0.482852294,1,1
1,2018,0.092,1.13,0.02,0.56,0.17,0.32,-49.55,0.27,0.1,-4.69,0.2,1.118924,3.07,0.64,0.96,454174600,9.23,-3.7,5.9,0.64,681440300,4541746,0,0,0,0,1,0,0,0,1,0.136,1.08,0.02,0.56,0.15,0,-39.83,0.27,0.06,-4.74,0.15,0.9486,1.36,0.22,0.39,242727400,9.68,-1.6,6.63,0.22,438400100,2427274,0,0,1,0.02,1.18,0.02,0.56,0,0.32,-19.72,0.26,0.12,-5.69,0.15,1.041821,0.69,-4.83,0.47,-7585383800,10.02,-0.69,1675.99,0.32,743141800,-75853838,0,0,-0.323529412,0.046296296,0.133333333,32,0.274193548,0.244037158,0,0.666666667,-0.010548523,0.333333333,0.179553026,1.257352941,1.909090909,1.461538462,0.87113033,-0.046487603,1.3125,-0.110105581,1.909090909,0.554379892,0.87113033,1,1
1,2019,6.656,1.17,0.13,0.29,-1.43,0.01,48.13,0.27,0.11,-0.03,0.61,12.233217,0.58,0.22,0.27,2547084100,12.01,-0.23,-0.7,0.22,3136108100,25470841,0,0,0,0,1,0,1,0,0,6.653,1.2,0.13,0.29,-17.62,0.01,51.7,0.28,0.11,-0.97,0.6,12.408853,0.37,0.21,0.26,2384037400,12.01,-0.01,-0.06,0.21,3007778000,23840374,0,0,0,8.492,1.11,0.13,0.29,1.3,0.02,59.55,0.28,0.05,-0.85,0.58,12.011284,0.08,0.09,0.15,0.32,12.11,0.27,0.77,0.09,0.54,11185261,0,0,0.000450924,-0.025,-0.918842225,0,18,-0.069052224,-0.035714286,0,-0.969072165,0.016666667,-0.014154088,0.567567568,0.047619048,0.038461538,0.068390999,0,22,10.66666667,0.047619048,0.042666081,0.068390999,1,0
1,2010,1.488,12.81,0.04,0.2,1.06,-15.79,53.56,0.54,-0.34,4.73,0.52,6.828595,0.03,0,-0.31,0,12.09,1.03,0.95,0,-0.3,-300244,0,1,0,0,1,1,0,0,0,0.153,16.83,0.04,0.2,1.41,-21.06,50.55,0.62,-0.43,2.69,0.62,6.886066,0.15,-0.31,-0.42,-0.3,11.86,1.03,0.71,-0.17,-0.41,-29971054,0,1,0,0.164,-0.31,0.04,0.2,0.85,1.58,47.95,0.57,-0.28,6.91,0.55,7.102795,-0.05,-0.22,-0.27,-0.3,11.94,0.75,1.17,-0.08,-0.36,-23534934,1,1,8.725490196,-0.23885918,-0.24822695,-0.250237417,0.14788515,0.059545005,-0.129032258,-0.209302326,0.758364312,-0.161290323,-0.008345984,-0.8,-1,-0.261904762,-1,0.019392917,0,0.338028169,-1,-0.268292683,-0.989982201,0,0
1,2017,2.937,0.86,0.22,0.42,0.66,2.41,40.91,0.37,-0.02,0.78,0.27,2.795549,-0.11,0.05,0.01,0.06,10.65,0.8,1.53,-0.01,0.01,1419907,1,1,0,0,0,0,0,0,0,8.594,1.04,0.22,0.42,0.21,0.02,67.99,0.31,0.01,-1.42,0.28,2.919602,-0.71,-0.01,0.08,-0.01,11.15,0.91,4.68,-0.01,0.09,-499109,1,1,0,7.253,1.08,0.22,0.42,0.22,0.32,66.62,0.32,0.01,-7.66,0.27,2.785134,-0.69,-1.93,0.08,-2.17,11.08,0.89,4.46,0.04,0.09,-87461156,1,0,-0.658249942,-0.173076923,2.142857143,119.5,-0.59650924,-0.398293867,0.193548387,-3,-1.549295775,-0.035714286,-0.042489696,-0.845070423,-6,-0.875,-7,-0.044843049,-0.120879121,-0.673076923,0,-0.888888889,-3.844883583,0,0
1,2008,1.487,-1.25,0.03,0.46,0.56,4.43,33.68,0.41,-0.2,-2.47,0.25,2.817891,-0.13,-0.22,-0.21,-0.25,10.67,0.87,1.79,-0.23,-0.24,-6537505,1,1,0,0,1,0,1,0,0,3.622,0.7,0.03,0.46,1.38,1.63,70.8,0.39,-0.07,20.75,0.3,3.00571,0.1,-0.06,0,-0.09,10.89,0.72,0.72,-0.06,0,-2329416,0,1,0,2.47,0.97,0.03,0.46,1.88,1.38,69.66,0.37,-0.01,9.16,0.29,3.121542,0.16,0,0.07,0,10.89,0.66,0.53,0.01,0.11,0,0,0,-0.589453341,-2.785714286,-0.594202899,1.717791411,1.613899614,-0.524293785,0.051282051,1.857142857,-1.119036145,-0.166666667,-0.062487399,-2.3,2.666666667,-21,1.777777778,-0.02020202,0.208333333,1.486111111,2.833333333,-24,1.806499569,0,0
1,2019,1.786,0.39,0.01,0.57,1.97,1.5,169.61,0.69,-0.55,61.84,0.2,1.560436,0.18,-0.18,-0.13,-0.27,11.01,0.67,0.51,0,-0.19,-7755178,0,0,1,0,0,0,0,0,0,2.409,0.71,0.01,0.57,4.38,1.03,121.56,0.31,-0.18,59.04,0.16,8.361469,0.33,-0.01,-0.07,-0.01,11.15,0.56,0.23,0.03,-0.13,-356801,0,0,0,6.844,1.19,0.01,0.57,1.64,1.1,74.77,0.07,0.03,37.64,0.11,17.18853,0.23,0.16,0.1,0.22,11.55,0.7,0.61,0.16,0.15,11240150,0,0,-0.258613533,-0.450704225,-0.550228311,0.45631068,0.656,0.395278052,1.225806452,2.055555556,0.047425474,0.25,-0.813377769,-0.454545455,17,0.857142857,26,-0.012556054,0.196428571,1.217391304,-1,0.461538462,20.73530343,0,0
1,2019,2.15,1,0.26,0.32,2.2,0.04,75.04,0.4,0,-9.05,0.29,3.038482,0.19,0.02,0.05,0.1,10.81,0.2,0.45,0.02,0.26,658406,0,0,0,1,1,0,0,0,0,1.47,0.79,0.26,0.32,1.97,0,67.21,0.46,-0.13,-0.41,0.29,3.185954,0.16,-0.15,-0.12,-0.9,10.75,0.17,0.51,-0.15,-0.71,-4871125,0,1,0,2.875,0.91,0.26,0.32,4.26,0,74.09,0.44,-0.06,-6.58,0.3,3.235156,0.25,1.82,-0.02,23.81,10.82,0.08,0.23,-0.05,-0.31,62931427,0,1,0.462585034,0.265822785,0.116751269,4,0.2,0.116500521,-0.130434783,-1,21.07317073,0,-0.046288176,0.1875,-1.133333333,-1.416666667,-1.111111111,0.005581395,0.176470588,-0.117647059,-1.133333333,-1.366197183,-1.13516508,0,0
1,2012,0.057,-0.92,0.29,0.36,1.13,5.79,52.6,0.7,-0.25,24.11,0.41,5.983415,0.03,-0.04,-0.12,-0.05,12.27,0.89,0.89,-0.05,-0.13,-6436159,0,1,0,0,0,0,0,0,0,0.136,0.13,0.29,0.36,1.31,4.05,53.92,0.67,-0.15,31.77,0.42,5.987421,0.07,0.02,-0.06,0.02,12.27,0.85,0.77,0.01,-0.08,2808434,0,0,0,0.146,0.08,0.29,0.36,1.29,4.43,55.02,0.53,-0.14,27.21,0.41,5.824995,0.07,0.03,-0.03,0.03,12.22,0.86,0.78,0.02,-0.04,4232198,0,0,-0.580882353,-8.076923077,-0.13740458,0.42962963,0.464285714,-0.024480712,0.044776119,0.666666667,-0.241107963,-0.023809524,-0.000669069,-0.571428571,-3,1,-3.5,0,0.047058824,0.155844156,-6,0.625,-3.291725211,0,0
0,2010,7.5,0.95,0.06,0.3,1.21,-1.95,28.62,0.32,0.01,9.19,0.25,0.832432,0.1,0.03,0.26,0.02,8.49,1.55,0.83,0.03,0.17,98113,0,0,0,0,1,0,0,0,0,5.025,0.78,0.06,0.3,1.66,-2.08,26.91,0.3,0.03,10.16,0.3,0.850514,0.23,0.08,0.36,0.05,8.45,1.61,0.6,0.14,0.23,250749,0,0,0,2.995,1.08,0.06,0.3,1.45,-2.12,36.33,0.3,-0.01,12.1,0.33,1.629384,0.19,-0.23,0.19,-0.15,8.72,1.52,0.69,-0.04,0.13,-961152,0,1,0.492537313,0.217948718,-0.271084337,-0.0625,0.060377358,0.063545151,0.066666667,-0.666666667,-0.095472441,-0.166666667,-0.021260085,-0.565217391,-0.625,-0.277777778,-0.6,0.004733728,-0.037267081,0.383333333,-0.785714286,-0.260869565,-0.608720274,0,0
0,2008,7.023,1,0.13,0.31,3.14,0.17,35,0.32,0,62.23,0.67,13.625052,0.27,0.05,0.02,0.21,12.44,0.25,0.32,0.05,0.09,9316317,0,0,0,0,0,0,1,0,0,3.242,0.96,0.13,0.31,2.07,0.21,39.48,0.31,-0.02,51.68,0.65,13.231548,0.18,-0.08,-0.01,-0.27,12.45,0.31,0.48,0.04,-0.03,-14768694,0,0,0,0.543,0.99,0.13,0.31,4.16,0.16,43.3,0.31,-0.01,44.65,0.74,12.226213,0.24,0,0.01,0,12.42,0.21,0.24,0.06,0.04,0,0,0,1.166255398,0.041666667,0.516908213,-0.19047619,-0.244444444,-0.113475177,0.032258065,-1,0.204140867,0.030769231,0.029739831,0.5,-1.625,-3,-1.777777778,-0.000803213,-0.193548387,-0.333333333,0.25,-4,-1.630815223,0,0
0,2010,6.666,1.04,0.07,0.43,6.18,0.69,44.8,0.42,0.03,106.34,0.47,3.775869,0.4,0.05,0.09,0.12,12.09,0.45,0.16,0.05,0.21,6533091,0,0,0,0,0,0,0,0,0,3.854,0.98,0.07,0.43,4.55,0.78,47.58,0.44,-0.02,89.99,0.52,3.96023,0.32,0.01,0.07,0.02,12.06,0.49,0.22,0.01,0.13,1268454,0,0,0,3.608,0.96,0.07,0.43,4.54,0.87,60.79,0.44,-0.03,58.16,0.57,4.076419,0.3,-0.02,0.06,-0.04,12.08,0.51,0.22,-0.02,0.11,-2375969,0,1,0.729631552,0.06122449,0.358241758,-0.115384615,-0.126315789,-0.058427911,-0.045454545,-2.5,0.181686854,-0.096153846,-0.046553104,0.25,4,0.285714286,5,0.002487562,-0.081632653,-0.272727273,4,0.615384615,4.150435885,0,0
0,2011,1.538,0.68,0.21,0.2,1.29,0.52,46.6,0.5,-0.17,37.33,0.65,7.887495,0.09,0.09,-0.1,0.16,12.5,0.54,0.77,0.1,-0.19,16010614,0,0,0,0,0,0,0,0,0,2.816,0.67,0.21,0.2,0.83,0.42,54.52,0.5,-0.14,31.41,0.65,7.713067,-0.07,0.04,-0.09,0.07,12.36,0.57,1.21,0.14,-0.16,6546634,0,0,0,1.536,0.4,0.21,0.2,0.68,0.34,74.53,0.57,-0.27,14.95,0.72,8.24892,-0.15,-0.13,-0.19,-0.21,12.34,0.6,1.46,-0.08,-0.31,-19891349,0,1,-0.453835227,0.014925373,0.554216867,0.238095238,-0.113636364,-0.145267792,0,0.214285714,0.188475008,0,0.02261461,-2.285714286,1.25,0.111111111,1.285714286,0.011326861,-0.052631579,-0.363636364,-0.285714286,0.1875,1.44562534,0,0
0,2012,4.27,0.97,0.02,0.27,1.32,0.68,42.8,0.5,-0.02,28.21,0.43,12.085863,0.04,0.06,0.04,0.12,12.79,0.48,0.76,0.07,0.09,13905489,0,0,0,0,0,0,0,1,0,4.104,0.97,0.02,0.27,1.2,0.81,32.04,0.51,-0.02,22.68,0.48,12.518853,0.02,-0.05,0.04,-0.11,12.74,0.51,0.84,0.01,0.09,-12975724,0,0,1,4.055,0.97,0.02,0.27,1.41,0.67,33.96,0.38,-0.02,24.24,0.46,10.903277,0.04,0.01,0.04,0.03,12.75,0.46,0.71,0.05,0.09,3302119,0,0,0.040448343,0,0.1,-0.160493827,-0.123809524,0.335830212,-0.019607843,0,0.24382716,-0.104166667,-0.034587034,1,-2.2,0,-2.090909091,0.003924647,-0.058823529,-0.095238095,6,0,-2.071654191,0,0
0,2020,8.285,1.18,0.08,0.37,1.29,0.46,43.55,0.44,0.06,0.32,0.78,12.870468,0.07,0.15,0.17,0.31,13.5,0.48,0.78,0.17,0.35,75397046,0,0,0,0,0,0,0,0,1,6.61,1.52,0.08,0.37,2.72,1.1,41.06,0.4,0.13,0.35,0.78,12.271058,0.2,0.17,0.27,0.3,13.37,0.58,0.37,0.23,0.46,76561973,0,0,1,5.816,2.15,0.08,0.37,2.84,1.91,40.24,0.4,0.18,0.37,0.72,11.9837,0.22,0.04,0.4,0.06,13.19,0.7,0.35,0.37,0.58,14493556,0,0,0.253403933,-0.223684211,-0.525735294,-0.581818182,-0.328467153,0.060642962,0.1,-0.538461538,-0.085714286,0,0.048847459,-0.65,-0.117647059,-0.37037037,0.033333333,0.009723261,-0.172413793,1.108108108,-0.260869565,-0.239130435,-0.015215478,0,0
0,2009,7.406,1.01,0.15,0.2,0.98,0.27,46.94,0.4,0.01,7.37,0.62,13.42475,0,-0.01,0.03,-0.02,12.94,0.34,1.02,-0.01,0.09,-2300106,1,1,0,0,0,0,0,0,0,3.871,0.95,0.15,0.2,1.12,0.33,43.89,0.37,-0.04,4.03,0.61,13.419167,0.02,-0.15,-0.01,-0.45,12.97,0.34,0.9,-0.16,-0.03,-45995814,0,1,0,7.195,1.06,0.15,0.2,1.33,0.28,43.61,0.39,0.06,13.29,0.65,13.863431,0.04,-0.14,0.1,-0.46,13.13,0.31,0.75,0,0.32,-50077873,0,1,0.913200723,0.063157895,-0.125,-0.181818182,-0.056603774,0.069491912,0.081081081,-1.25,0.828784119,0.016393443,0.000416047,-1,-0.933333333,-4,-0.955555556,-0.00231303,0,0.133333333,-0.9375,-4,-0.949993145,0,0
0,2015,2.343,1.35,0.06,0.31,-2.96,-0.8,66.73,0.42,-0.15,-214.95,0.75,11.376772,-10.41,-0.59,-1.55,-0.06,10.93,9.29,-0.34,-1.91,-0.17,-22947929,0,1,0,0,0,0,0,1,0,3.591,1.22,0.06,0.31,-3.35,-0.89,85.42,0.42,-0.1,-243.51,0.63,10.425239,-7.34,0.46,-0.45,0.07,11.18,7.01,-0.3,-0.94,-0.06,23097679,0,1,1,0.677,1.1,0.06,0.31,-3.34,-0.83,78.38,0.42,-0.05,-259.14,0.62,9.589264,-13.04,-8.35,0.35,-0.65,10.58,12.88,-0.3,-0.65,0.03,-227773769,0,1,-0.347535505,0.106557377,-0.11641791,-0.101123596,-0.042735043,-0.218801218,0,0.5,-0.117284711,0.19047619,0.091272056,0.418256131,-2.282608696,2.444444444,-1.857142857,-0.02236136,0.325249643,0.133333333,1.031914894,1.833333333,-1.993516665,0,0
0,2010,4.476,1.37,0.33,0.4,-3.9,0.43,59.52,0.23,0.23,-3.54,0.52,2.972268,0.29,-0.23,0.33,-0.9,12.17,0.26,-0.26,0.33,1.27,-31064832,0,0,0,0,1,0,0,0,0,4.491,1.24,0.33,0.4,-1.17,0.33,57.75,0.24,0.21,-4.58,0.51,2.817771,0.34,0.27,0.25,2.08,12.28,0.13,-0.86,0.25,1.93,40470980,0,0,0,4.56,1.27,0.33,0.4,3.57,0.62,60.91,0.28,0.18,-2.47,0.53,2.969748,0.13,-0.61,0.19,-1.48,12.3,0.41,0.28,0.2,0.46,-94022277,0,0,-0.003340013,0.10483871,2.333333333,0.303030303,1.333333333,0.030649351,-0.041666667,0.095238095,-0.227074236,0.019607843,0.054829509,-0.147058824,-1.851851852,0.32,-1.432692308,-0.008957655,1,-0.697674419,0.32,-0.341968912,-1.767582895,0,0
0,2017,0.963,0.99,0.19,0.45,2.54,-0.76,49.02,0.5,-0.01,3.24,0.23,1.714005,0.25,0.03,0.08,45350100,9.85,-2.56,0.39,0.02,111149500,453501,0,0,0,1,1,0,0,1,0,2.315,0.97,0.19,0.45,3.18,-0.75,55.47,0.53,-0.04,0.21,0.23,1.74575,0.28,-0.04,-0.03,-59594500,9.87,-2.44,0.31,-0.03,-34739800,-595945,0,1,1,0.114,1,0.19,0.45,2.72,-0.75,0.28,0.5,0,0.12,0.29,2.025866,0.26,0.16,0.08,220050700,9.9,-2.39,0.37,0.1,113572100,2200507,0,0,-0.584017279,0.020618557,-0.201257862,0.013333333,0.014084507,-0.11627907,-0.056603774,-0.75,14.42857143,0,-0.018184162,-0.107142857,-1.75,-3.666666667,-1.760977943,-0.002026342,0.049180328,0.258064516,-1.666666667,-4.199485892,-1.760977943,1,1
0,2014,5.857,1.07,0.02,0.33,6.46,0.2,48.83,0.31,0.06,0.04,0.56,4.818253,0.56,0.32,0.09,1.25,12.38,0.25,0.15,0.08,0.35,52499095,0,0,0,0,0,0,0,1,0,4.523,1.24,0.02,0.33,6.22,0.2,50.71,0.33,0.13,0.18,0.53,4.481366,0.48,0.25,0.24,1.04,11.81,0.24,0.16,0.25,0.99,23287265,0,0,1,3.858,0.91,0.02,0.33,2.64,0.29,66.93,0.35,-0.03,0.1,0.62,4.404949,0.25,-0.12,0.01,-0.33,11.56,0.34,0.38,0.01,0.04,-8413242,0,0,0.294936989,-0.137096774,0.038585209,0,0.0625,-0.037073556,-0.060606061,-0.538461538,-0.777777778,0.056603774,0.075175069,0.166666667,0.28,-0.625,0.201923077,0.048264183,0.041666667,-0.0625,-0.68,-0.646464646,1.254412229,0,0
0,2012,4.727,1.16,0.11,0.21,1.22,42.64,91.66,0.47,0,23.62,0.59,6.093231,0.12,0.04,0.04,0.04,11.54,0.99,0.82,0.04,0.04,2779875,0,0,0,0,1,1,0,0,0,7.072,-0.14,0.11,0.21,1.23,-14.83,88.1,0.47,0.02,17.04,0.54,5.501709,0.12,0,0.16,0,11.38,1.03,0.81,0.07,0.16,-174403,0,0,0,5.318,-1.65,0.11,0.21,1.35,-14.97,81.76,0.43,0.04,19.28,0.52,5.378246,0.18,0.15,0.26,0.15,11.28,1.03,0.74,0.12,0.25,8579214,0,0,-0.331589367,-9.285714286,-0.008130081,-3.875252866,-4.356435644,0.040408627,0,-1,0.386150235,0.092592593,0.107516046,0,4,-0.75,4,0.014059754,-0.038834951,0.012345679,-0.428571429,-0.75,-16.93937604,0,0
0,2011,5.534,1.01,0.03,0.44,6.61,0.11,48.64,0.48,0.01,209.01,0.34,6.642549,0.5,0.04,0.06,0.22,12.61,0.18,0.15,0.04,0.33,8438840,0,0,1,0,0,0,1,0,0,4.702,1,0.03,0.44,5.58,0.14,51.35,0.43,0,176.24,0.35,2.658378,0.4,0.05,0.06,0.25,12.58,0.2,0.18,0.05,0.29,10042694,0,0,0,0.724,0.99,0.03,0.44,5.76,0.17,51.3,0.44,-0.02,183.1,0.35,2.672801,0.39,0.05,0.05,0.24,12.53,0.21,0.17,0.05,0.23,9772536,0,0,0.17694598,0.01,0.184587814,-0.214285714,-0.12,-0.052775073,0.11627907,1,0.185939628,-0.028571429,1.498722529,0.25,-0.2,0,-0.12,0.002384738,-0.1,-0.166666667,-0.2,0.137931034,-0.159703562,0,0
0,2015,4.062,0.98,0.04,0.32,1.74,0.52,37.29,0.58,-0.01,41.31,0.61,17.558203,0.08,0,0.05,0.01,13.25,0.42,0.58,0.13,0.12,1904044,0,0,0,0,0,0,0,0,1,2.302,0.96,0.04,0.32,1.03,0.49,38.94,0.61,-0.04,29.77,0.59,16.577346,0,0.05,0.03,0.12,13.27,0.43,0.97,0.02,0.07,20286067,0,0,1,3.609,0.98,0.04,0.32,1.49,0.53,35.93,0.6,-0.02,36.17,0.64,19.196237,0.06,0.09,0.04,0.22,13.16,0.42,0.67,0.05,0.1,33453193,0,0,0.764552563,0.020833333,0.689320388,0.06122449,-0.064935065,-0.042372881,-0.049180328,-0.75,0.387638562,0.033898305,0.059168518,8,-1,0.666666667,-0.916666667,-0.001507159,-0.023255814,-0.402061856,5.5,0.714285714,-0.906140308,0,0
0,2020,7.178,1.16,0.06,0.16,0.43,0.85,46.22,0.32,0.05,0.02,0.59,37.031339,-0.23,-0.04,0.15,-0.06,14.35,0.68,2.36,0.14,0.23,-48497249,0,0,0,0,0,0,0,0,0,4.501,1.58,0.06,0.16,1.06,1.16,41.94,0.29,0.18,0.02,0.73,39.514003,0.01,0.1,0.33,0.16,14.28,0.61,0.94,0.25,0.54,107215484,0,0,0,5.81,1.37,0.06,0.16,0.89,1.56,44.01,0.34,0.1,0.02,0.69,36.544744,-0.02,0.08,0.23,0.12,14.19,0.68,1.12,0.14,0.33,82037889,0,0,0.594756721,-0.265822785,-0.594339623,-0.267241379,0.337579618,0.102050548,0.103448276,-0.722222222,0,-0.191780822,-0.06282998,-24,-1.4,-0.545454545,-1.375,0.004901961,0.114754098,1.510638298,-0.44,-0.574074074,-1.452334376,0,0
0,2012,5.861,1.12,0.14,0.38,3.92,-0.46,87.87,0.34,0.16,-6.24,0.55,4.543979,0.25,0.05,0.24,317292800,11.5,-0.7,0.26,0.22,1660560200,3172928,0,0,0,0,1,1,0,0,0,5.801,1.13,0.14,0.38,3.11,-0.48,81.91,0.33,0.18,-10.21,0.6,4.722526,0.22,0.09,0.28,573382700,11.46,-0.71,0.32,0.24,1822286200,5733827,0,0,0,6.579,1.1,0.14,0.38,1.63,-0.09,68.15,0.29,0.14,-42.84,0.46,3.666932,0.04,0.01,0.14,103294900,11.91,-0.03,0.61,0.11,1476957300,1032949,0,0,0.010343044,-0.008849558,0.260450161,-0.041666667,-0.023809524,0.072762788,0.03030303,-0.111111111,-0.388834476,-0.083333333,-0.037807521,0.136363636,-0.444444444,-0.142857143,-0.446629973,0.003490401,-0.014084507,-0.1875,-0.083333333,-0.088748957,-0.446629973,1,1
0,2016,1.492,0.79,0.08,0.42,0.73,0.11,53.38,0.62,-0.09,8.88,0.44,3.091982,-0.11,-0.05,-0.06,-0.11,11.47,0.48,1.37,-0.07,-0.12,-3402073,1,1,0,1,0,0,0,0,0,0.1,0.74,0.08,0.42,1.13,0.33,51.23,0.68,-0.14,4.39,0.43,3.27189,0.03,-0.1,-0.09,-0.24,11.44,0.41,0.88,-0.1,-0.22,-6265962,0,1,0,0.117,0.81,0.08,0.42,1.2,0.3,50.69,0.67,-0.12,10.23,0.42,2.87339,0.04,-0.04,-0.06,-0.1,11.53,0.37,0.83,-0.04,-0.17,-2548202,0,1,13.92,0.067567568,-0.353982301,-0.666666667,0.338235294,0.041967597,-0.088235294,-0.357142857,1.022779043,0.023255814,-0.054985956,-4.666666667,-0.5,-0.333333333,-0.541666667,0.002622378,0.170731707,0.556818182,-0.3,-0.454545455,-0.457054958,0,0
0,2011,1.532,0.87,0.16,0.4,2.24,0.02,49.69,0.65,-0.1,17.96,0.36,1.992134,0.13,-0.01,-0.03,-0.07,10.58,0.12,0.45,-0.03,-0.24,-245667,0,1,0,0,0,0,0,1,0,0.132,0.77,0.16,0.4,2.26,0.01,42.35,0.62,-0.19,18.29,0.35,2.00693,0.12,-0.13,-0.11,-1.2,10.57,0.1,0.44,-0.13,-1.07,-3410078,0,1,1,1.495,0.85,0.16,0.4,2.72,0.01,64.42,0.63,-0.13,9.45,0.4,2.365214,0.16,-0.11,-0.06,-1.13,10.7,0.1,0.37,-0.12,-0.54,-3560147,0,1,10.60606061,0.12987013,-0.008849558,1,0.166666667,0.173317591,0.048387097,-0.473684211,-0.018042646,0.028571429,-0.007372454,0.083333333,-0.923076923,-0.727272727,-0.941666667,0.000946074,0.2,0.022727273,-0.769230769,-0.775700935,-0.927958539,0,0
0,2013,8.506,1.05,0.04,0.43,4.28,0.59,54.59,0.35,0.06,12.35,0.73,10.302109,0.09,0.07,0.06,0.19,13.35,0.39,0.23,0.05,0.14,32278848,0,0,0,0,0,0,0,0,0,7.85,1.08,0.04,0.43,3.2,0.64,43.62,0.31,0.08,3.83,0.74,9.781592,0.08,0.06,0.07,0.14,13.26,0.41,0.31,0.1,0.18,23866511,0,0,0,7.524,1.09,0.04,0.43,2.84,0.72,39.99,0.31,0.09,16.79,0.8,9.753647,0.06,0.14,0.08,0.33,13.2,0.44,0.35,0.09,0.18,54236233,0,0,0.083566879,-0.027777778,0.3375,-0.078125,-0.085714286,0.251490142,0.129032258,-0.25,2.224543081,-0.013513514,0.053213935,0.125,0.166666667,-0.142857143,0.357142857,0.00678733,-0.048780488,-0.258064516,-0.5,-0.222222222,0.35247452,0,0
0,2020,0.086,0.86,0.06,0.38,2.19,0.69,40.59,0.7,-0.13,182.5,0.75,18.580553,0.21,0.07,-0.04,0.13,14.38,0.51,0.46,0.07,-0.07,80110000,0,0,0,0,0,0,0,0,1,0.186,0.91,0.06,0.38,1.94,0.43,47.75,0.65,-0.07,109.8,0.77,19.584804,0.17,0.08,-0.01,0.19,14.07,0.42,0.52,0.06,-0.02,71449000,0,0,1,0.125,0.87,0.06,0.38,1.76,0.27,46.72,0.67,-0.1,90.4,0.75,18.799942,0.16,0.1,-0.04,0.26,13.84,0.37,0.57,0.05,-0.11,68590000,0,0,-0.537634409,-0.054945055,0.128865979,0.604651163,0.405405405,-0.149947644,0.076923077,0.857142857,0.662112933,-0.025974026,-0.051277051,0.235294118,-0.125,3,-0.315789474,0.022032694,0.214285714,-0.115384615,0.166666667,2.5,0.121219331,0,0
0,2015,0.053,0.67,0.19,0.32,3.17,0.59,45.18,0.61,-0.23,163.3,0.85,45.778496,0.35,-0.04,-0.12,-0.08,14.66,0.47,0.32,0.03,-0.24,-57688000,0,0,0,0,0,0,0,0,0,0.056,0.7,0.19,0.32,3.23,0.49,50.09,0.62,-0.24,175.25,0.79,44.121983,0.36,0.02,-0.11,0.04,14.66,0.44,0.31,0.02,-0.26,28073000,0,0,0,0.06,0.71,0.19,0.32,3.5,0.52,53.34,0.6,-0.25,182.87,0.74,42.885531,0.38,0.13,-0.11,0.3,14.63,0.44,0.29,0.04,-0.24,206842000,0,0,-0.053571429,-0.042857143,-0.018575851,0.204081633,0.153846154,-0.098023558,-0.016129032,-0.041666667,-0.068188302,0.075949367,0.037543938,-0.027777778,-3,0.090909091,-3,0,0.068181818,0.032258065,0.5,-0.076923077,-3.054928223,0,0
0,2020,2.345,0.67,0.06,0.3,0.94,0.84,47.96,0.41,-0.09,-22.47,0.46,4.306456,-0.01,-0.08,-0.07,-0.13,11.68,0.59,1.06,-0.09,-0.12,-6278222,1,1,0,0,0,0,0,1,0,2.689,0.97,0.06,0.3,2.7,0.75,51.04,0.41,-0.01,37.5,0.42,4.201782,0.28,0.2,0.05,0.38,11.7,0.52,0.37,0.02,0.09,16742685,1,0,1,0.033,-3.96,0.06,0.3,0.6,0.37,48.51,0.42,0,-36.56,0.42,6.041378,-0.15,0,0.13,-0.01,11.2,0.54,1.67,-2.27,0.23,-148018,1,1,-0.127928598,-0.309278351,-0.651851852,0.12,0.3,-0.060344828,0,8,-1.5992,0.095238095,0.024911811,-1.035714286,-1.4,-2.4,-1.342105263,-0.001709402,0.134615385,1.864864865,-5.5,-2.333333333,-1.374982985,0,0
0,2020,0.194,0.74,0.07,0.2,0.01,0.43,48.16,0.56,-0.23,0.01,0.51,4.951096,-0.91,0,-0.01,0,14.62,0.94,86.97,0,-0.01,1610368,0,0,1,0,0,0,0,1,0,0.187,0.75,0.07,0.2,0.01,0.44,47.28,0.54,-0.22,0.01,0.54,5.376977,-0.89,-0.01,-0.01,-0.01,14.47,0.94,71.36,0,-0.02,-11920517,0,1,1,1.514,0.85,0.07,0.2,1.14,0.34,49.37,0.51,-0.14,0.01,0.61,5.911025,0.02,0.02,-0.08,0.06,12.27,0.34,0.88,0.02,-0.24,2798911,0,0,0.037433155,-0.013333333,0,-0.022727273,0.156228493,0.018612521,0.037037037,0.045454545,0,-0.055555556,-0.079204542,0.02247191,-1,0,-1,0.010366275,0,0.21875,0,-0.5,-1.135092127,0,0
0,2020,8.534,1.05,0.03,0.18,7.93,0.34,119.37,0.33,0.06,139.85,0.73,4.741994,0.36,0.05,0.09,0.18,12.99,0.29,0.13,0.06,0.31,15822171,0,0,0,0,0,0,0,0,1,6.59,1.1,0.03,0.18,6.92,0.32,33.39,0.31,0.12,200.58,0.61,4.196355,0.3,0.05,0.13,0.2,12.89,0.28,0.14,0.11,0.46,15020397,0,0,1,7.151,1.07,0.03,0.18,5.54,0.34,25.03,0.33,0.09,194.56,0.52,3.753338,0.28,0.04,0.11,0.13,12.84,0.3,0.18,0.05,0.36,9771448,0,0,0.294992413,-0.045454545,0.145953757,0.0625,0.076923077,2.575022462,0.064516129,-0.5,-0.302771961,0.196721311,0.130026892,0.2,0,-0.307692308,-0.1,0.007757952,0.035714286,-0.071428571,-0.454545455,-0.326086957,0.053379015,0,0
0,2016,0.193,0.92,0.18,0.36,1.91,0.25,84.81,0.45,-0.12,10.2,0.29,3.454588,0.07,0.02,0,0.07,13.05,0.27,0.52,0.02,-0.02,5900524,0,0,1,0,0,0,0,1,0,0.171,0.93,0.18,0.36,1.58,0.27,74.27,0.46,-0.12,10.86,0.32,3.420659,0.05,0.03,-0.01,0.12,13.04,0.28,0.63,0.03,-0.03,10989375,0,0,1,0.107,0.9,0.18,0.36,1.54,0.3,68.96,0.49,-0.18,3.92,0.31,3.265008,0.04,0.01,-0.03,0.03,13,0.28,0.65,0.01,-0.09,2460143,0,0,0.128654971,-0.010752688,0.208860759,-0.074074074,-0.076923077,0.141914636,-0.02173913,0,-0.060773481,-0.09375,0.009918849,0.4,-0.333333333,-1,-0.416666667,0.000766871,-0.035714286,-0.174603175,-0.333333333,-0.333333333,-0.463070102,0,0
0,2016,4.516,1.16,0.02,0.02,94.95,0.32,41.15,0.23,0.25,0.01,0.19,1.179459,0.57,0,0.19,0,12.57,0.01,0.01,0.17,31.56,0,0,0,0,0,0,0,0,0,1,4.502,1.14,0.02,0.02,155.59,0.32,32.59,0.25,0.23,0.01,0.18,1.191598,0.55,0,0.17,0,12.57,0,0.01,0.15,48.67,0,0,0,1,4.497,1.15,0.02,0.02,276.34,0.32,31.9,0.24,0.25,0.01,0.08,1.252214,0.54,0,0.19,0,12.57,0,0,0.16,95.1,0,0,0,0.003109729,0.01754386,-0.389742271,0,1,0.262657257,-0.08,0.086956522,0,0.055555556,-0.01018716,0.036363636,0,0.117647059,0,0,1,0,0.133333333,-0.351551264,0,0,0
0,2020,4.555,1.57,0,0.42,-2.22,1.65,93.58,0.44,0.16,68.6,0.42,2.111499,1.29,0.31,0.3,0.65,10.46,0.47,-0.45,0.31,0.64,7465186,0,0,0,1,1,0,1,0,0,5.853,1.7,0,0.42,2.21,0.25,97.04,0.44,0.1,-5.03,0.4,2.053926,0.53,6,0.32,10.86,9.77,0.55,0.45,0.32,0.57,72909894,0,0,0,0.166,1.12,0,0.42,0.03,0.32,87.04,0.42,-0.26,-2.02,0.39,2.195441,-11,-2.66,-0.98,-0.24,9.15,11.3,38.1,-1.22,-0.09,-17437480,1,1,-0.221766615,-0.076470588,-2.004524887,5.6,-0.282258065,-0.0356554,0,0.6,-14.63817097,0.05,0.028030708,1.433962264,-0.948333333,-0.0625,-0.94014733,0.07062436,-0.145454545,-2,-0.03125,0.122807018,-0.897610796,0,0
0,2021,5.83,1.09,0.02,0.29,16.28,0.02,57.39,0.32,0.2,729.09,0.61,8.628955,0.66,0.08,0.1,1.3,13.83,0.06,0.06,0.08,1.63,57930159,0,0,0,0,0,0,0,0,1,7.197,1.04,0.02,0.29,19.33,0.04,56.95,0.35,0.1,699.77,0.6,7.383977,0.64,0.07,0.06,0.86,13.75,0.08,0.05,0.06,0.83,42417958,0,0,1,5.81,1.09,0.02,0.29,24.9,0.03,51.91,0.33,0.18,617.02,0.62,7.325191,0.6,0.08,0.12,1.61,13.65,0.05,0.04,0.08,2.33,49138778,0,0,-0.189940253,0.048076923,-0.157785825,-0.5,-0.125,0.007726076,-0.085714286,1,0.041899481,0.016666667,0.168605346,0.03125,0.142857143,0.666666667,0.511627907,0.005818182,-0.25,0.2,0.333333333,0.963855422,0.36569891,0,0
0,2008,8.52,1.38,0.16,0.15,0.99,5.75,42.78,0.29,0.02,0.32,0.45,14.860495,0,0.02,0.19,0.03,12.61,0.89,1.01,0.07,0.21,5117907,1,0,0,0,0,0,0,0,0,6.656,2,0.16,0.15,0.88,6.58,41.84,0.32,0.04,0.37,0.55,14.814092,-0.04,0.04,0.26,0.04,12.52,0.91,1.14,0.1,0.28,6716377,1,0,0,7.162,2.26,0.16,0.15,0.92,9.9,40.9,0.31,0.04,5.23,0.57,14.847526,-0.03,0,0.23,0,12.38,0.94,1.09,0.11,0.25,0,1,0,0.280048077,-0.31,0.125,-0.126139818,-0.173998045,0.022466539,-0.09375,-0.5,-0.135135135,-0.181818182,0.003132355,-1,-0.5,-0.269230769,-0.25,0.007188498,-0.021978022,-0.114035088,-0.3,-0.25,-0.237995872,0,0
0,2015,3.772,0.99,0.04,0.28,2.46,0.09,62.2,0.36,-0.01,121.55,0.76,24.0844,0.3,0.07,0.01,0.26,14.13,0.27,0.41,0.06,0.02,67828998,0,0,0,0,0,0,0,0,0,7.447,1.01,0.04,0.28,3.29,0.16,82.93,0.35,0.01,132.12,0.68,22.853992,0.39,0.04,0.02,0.16,14.06,0.28,0.3,0.05,0.07,39703754,0,0,0,1.102,0.97,0.04,0.28,2.58,0.17,58.75,0.38,-0.02,124.08,0.67,21.289185,0.29,0.03,0,0.12,14.01,0.3,0.39,0.03,-0.02,29466028,0,0,-0.49348731,-0.01980198,-0.252279635,-0.4375,-0.075,-0.249969854,0.028571429,-2,-0.080003028,0.117647059,0.053837772,-0.230769231,0.75,-0.5,0.625,0.004978663,-0.035714286,0.366666667,0.2,-0.714285714,0.70837745,0,0
0,2012,7.013,1.01,0.04,0.55,2.19,0.16,63.8,0.48,0.01,7.34,0.4,2.629201,0.07,0.02,0.05,0.12,12.08,0.19,0.46,0.04,0.29,2884371,0,0,0,0,0,0,0,0,1,0.135,0.86,0.04,0.55,3.55,0.22,72.02,0.61,-0.3,46.18,0.4,2.344174,0.1,0.08,-0.06,0.37,12.07,0.21,0.28,-0.02,-0.3,9587836,0,1,1,3.278,0.96,0.04,0.55,3.21,0.26,64.65,0.44,-0.06,35,0.43,2.625108,0.09,0.04,0.02,0.18,12,0.24,0.31,0.04,0.08,4862257,0,0,50.94814815,0.174418605,-0.383098592,-0.272727273,-0.148148148,-0.114134963,-0.213114754,-1.033333333,-0.841056735,0,0.121589524,-0.3,-0.75,-1.833333333,-0.675675676,0.0008285,-0.095238095,0.642857143,-3,-1.966666667,-0.699163503,0,0
0,2021,4.443,2.38,0.01,0.5,1.6,1.43,41.7,0.41,0.22,18.65,0.41,0.549219,0.15,-0.01,0.49,-0.01,11.1,0.7,0.62,0.5,0.71,-460640,0,0,0,0,1,0,0,0,0,4.447,2.18,0.01,0.5,1.46,1.1,43.9,0.41,0.22,34.71,0.35,0.452021,0.13,0,0.48,0,11.01,0.66,0.69,0.5,0.74,-108536,0,0,0,4.438,2.54,0.01,0.5,1.38,1.02,43.45,0.37,0.26,8.81,0.43,0.552378,0.1,-0.05,0.66,-0.09,10.94,0.63,0.72,0.58,1.04,-2153719,0,0,-0.000899483,0.091743119,0.095890411,0.3,0.2,-0.050113895,0,0,-0.462690867,0.171428571,0.215029833,0.153846154,-1,0.020833333,-1,0.008174387,0.060606061,-0.101449275,0,-0.040540541,3.244121766,0,0
0,2011,7.153,1.23,0.16,0.36,1.99,0.06,163.36,0.49,0.11,0.01,0.67,25.672447,0.28,0.05,0.2,0.14,13.75,0.33,0.5,0.17,0.6,29999173,0,0,1,0,0,0,0,0,1,6.584,1.25,0.16,0.36,2.09,0.1,126.52,0.38,0.13,0.02,0.64,24.395514,0.3,-0.14,0.21,-0.4,13.7,0.34,0.48,0.18,0.63,-84605308,0,0,1,4.537,1.41,0.16,0.36,2.49,0.09,107.21,0.41,0.28,0.02,0.64,23.637482,0.37,0.01,0.32,0.04,13.84,0.31,0.4,0.08,1.03,10023813,0,0,0.086421628,-0.016,-0.04784689,-0.4,-0.076923077,0.29117926,0.289473684,-0.153846154,-0.5,0.046875,0.052342943,-0.066666667,-1.357142857,-0.047619048,-1.35,0.003649635,-0.029411765,0.041666667,-0.055555556,-0.047619048,-1.354577907,0,0
0,2009,8.41,1.01,0.01,0.33,1.57,0.63,39.32,0.35,0,25.93,0.75,16.046372,0.1,-0.09,0.06,-0.18,12.64,0.5,0.64,-0.01,0.11,-19172109,0,1,0,0,0,0,0,0,0,3.305,0.89,0.01,0.33,1.24,0.41,49.79,0.39,-0.06,-9.51,0.74,14.608491,0.04,-0.05,-0.01,-0.14,12.63,0.4,0.81,-0.04,-0.03,-11455038,0,1,0,2.426,0.98,0.01,0.33,1.26,0.36,44.39,0.37,-0.01,-13.43,0.77,11.861547,0.03,0,0.04,0,12.64,0.35,0.8,0.05,0.13,0,0,0,1.544629349,0.134831461,0.266129032,0.536585366,0.484848485,-0.210283189,-0.102564103,-1,-3.726603575,0.013513514,0.098427757,1.5,0.8,-7,0.285714286,0.000791766,0.25,-0.209876543,-0.75,-4.666666667,0.673683579,0,0
0,2021,4.921,1.1,0.02,0.27,2.11,0.6,215.06,0.37,0.05,96.54,0.7,26.342228,0.24,0.07,0.08,0.14,13.7,0.51,0.47,0.15,0.15,43810400,0,0,0,0,0,0,0,1,0,5.254,1.01,0.02,0.27,1.72,0.64,118.19,0.41,0,95.25,0.7,25.51515,0.18,-0.01,0.03,-0.02,13.61,0.54,0.58,0.1,0.05,-4869137,0,0,1,8.1,1.11,0.02,0.27,1.66,0.64,131.88,0.44,0.05,60.37,0.76,27.320298,0.18,0.02,0.08,0.04,13.68,0.56,0.6,0.09,0.15,13644629,0,0,-0.063380282,0.089108911,0.226744186,-0.0625,-0.118644068,0.819612488,-0.097560976,5,0.013543307,0,0.032415173,0.333333333,-8,1.666666667,-8,0.006612785,-0.055555556,-0.189655172,0.5,2,-9.997569795,0,0
0,2017,7.144,1.18,0.08,0.23,1.66,0.05,31.22,0.35,0.09,0.03,0.68,23.679878,0.09,0.13,0.22,0.76,13.01,0.17,0.6,0.17,1.3,40265372,1,0,0,0,1,0,1,0,0,7.534,1.14,0.08,0.23,1.84,0.18,46.57,0.35,0.07,0,0.75,19.837655,0.12,-0.15,0.17,-0.54,12.98,0.27,0.55,0.12,0.61,-44469540,1,0,0,5.843,1.19,0.08,0.23,2.29,-0.04,54.12,0.33,0.12,-0.01,0.81,18.735492,0.16,0.15,0.24,1.72,12.93,0.08,0.44,0.22,2.83,41774346,1,0,-0.051765331,0.035087719,-0.097826087,-0.722222222,-0.459459459,-0.329611338,0,0.285714286,3,-0.093333333,0.193683326,-0.25,-1.866666667,0.294117647,-2.407407407,0.002311248,-0.37037037,0.090909091,0.416666667,1.131147541,-1.905459602,0,0
0,2016,4.495,1.79,0.14,0.34,2.8,1.46,40.74,0.26,0.29,6.7,0.74,7.825354,0.11,0.05,0.38,0.07,13.29,0.62,0.36,0.15,0.62,18647397,0,0,0,0,0,0,0,0,1,4.504,1.81,0.14,0.34,3.05,1.67,43.42,0.2,0.28,19.81,0.72,7.330377,0.13,0.06,0.35,0.1,13.24,0.65,0.33,0.18,0.54,25253004,0,0,1,4.531,1.68,0.14,0.34,2.99,2.05,47.89,0.21,0.22,25.07,0.68,6.700169,0.13,0.04,0.26,0.06,13.17,0.69,0.33,0.26,0.37,13952906,0,0,-0.001998224,-0.011049724,-0.081967213,-0.125748503,-0.114130435,-0.061722708,0.3,0.035714286,-0.661786976,0.027777778,0.067524085,-0.153846154,-0.166666667,0.085714286,-0.3,0.003776435,-0.046153846,0.090909091,-0.166666667,0.148148148,-0.261577078,0,0
0,2011,2.872,0.87,0.02,0.36,1.94,0.8,73.41,0.37,-0.09,8.6,0.32,4.291255,0.09,0,-0.02,-0.01,12.44,0.49,0.52,0,-0.03,-858124,0,1,0,0,0,0,0,0,1,7.654,1.01,0.02,0.36,2.95,0.8,58.07,0.34,0.01,34.48,0.34,4.617851,0.13,0.06,0.06,0.11,12.42,0.48,0.34,0.05,0.12,9484229,0,0,1,0.955,0.97,0.02,0.36,3.33,0.92,52.39,0.35,-0.02,68.02,0.4,4.866623,0.17,0.02,0.04,0.04,12.38,0.52,0.3,0.02,0.08,3563575,0,0,-0.624771361,-0.138613861,-0.342372881,0,0.065217391,0.26416394,0.088235294,-10,-0.750580046,-0.058823529,-0.070724673,-0.307692308,-1,-1.333333333,-1.090909091,0.001610306,0.020833333,0.529411765,-1,-1.25,-1.090479047,0,0
0,2009,0.148,0.82,0.13,0.52,1.96,0.26,77.68,0.61,-0.2,45.02,0.57,6.84545,0.12,-0.03,-0.08,-0.11,12.65,0.31,0.51,-0.03,-0.24,-7383517,0,1,0,0,0,0,1,0,0,0.113,0.81,0.13,0.52,5,0.27,82.39,0.66,-0.26,235.04,0.56,6.791691,0.43,0.03,-0.09,0.09,12.68,0.3,0.2,0.03,-0.3,6033059,0,0,0,0.131,0.84,0.13,0.52,5.09,0.3,82.87,0.61,-0.22,221.03,0.58,6.283345,0.42,0,-0.08,0,12.66,0.31,0.2,0.11,-0.25,0,0,0,0.309734513,0.012345679,-0.608,-0.037037037,0.046511628,-0.057167132,-0.075757576,-0.230769231,-0.808458135,0.017857143,0.007915407,-0.720930233,-2,-0.111111111,-2.222222222,-0.002365931,0.033333333,1.55,-2,-0.2,-2.223842996,0,0
0,2011,2.858,0.09,0.02,0.35,0.95,13.6,58.24,0.63,-0.04,9.39,0.39,3.930624,-0.01,-0.14,0.02,-0.14,11.66,0.95,1.05,-0.19,0.02,-11047608,1,1,0,0,0,0,1,0,0,1.497,0.64,0.02,0.35,1.13,2.41,49.1,0.53,-0.05,10.18,0.45,4.245024,0.04,0.03,0,0.04,11.53,0.79,0.89,0.16,0,2472766,0,0,0,2.285,0.63,0.02,0.35,1.19,3.62,53.03,0.52,-0.05,9.71,0.46,4.453488,0.04,0.09,0.01,0.11,11.58,0.83,0.84,0.21,0.02,6565711,0,0,0.909151637,-0.859375,-0.159292035,4.643153527,4.29787234,0.186150713,0.188679245,-0.2,-0.077603143,-0.133333333,-0.074063186,-1.25,-5.666666667,2,-4.5,0.011274935,0.202531646,0.179775281,-2.1875,2,-5.467712675,0,0
0,2016,4.459,1.15,0.07,0.24,3.26,-0.81,48.23,0.3,0.34,0.04,0.67,9.130767,0.23,0.45,0.74,4745656800,11.92,-3.63,0.31,0.69,7722266300,47456568,0,0,0,0,1,0,1,0,0,4.469,1.15,0.07,0.24,3.19,-0.81,50.1,0.31,0.32,0.04,0.64,8.831925,0.26,0.49,0.79,4518503500,11.79,-3.73,0.31,0.71,7288801300,45185035,0,0,0,4.49,1.14,0.07,0.24,2.77,-0.8,46.71,0.32,0.29,-1.46,0.67,8.260352,0.22,0.45,0.66,4069768200,11.78,-3.28,0.36,0.6,6008060800,40697682,0,0,-0.002237637,0,0.021943574,0,-0.012658228,-0.037325349,-0.032258065,0.0625,0,0.046875,0.033836565,-0.115384615,-0.081632653,-0.063291139,0.050271799,0.011026293,-0.026809651,0,-0.028169014,0.059469998,0.050271799,1,1
0,2010,7.206,1.32,0.2,0.21,2.05,0.33,51.34,0.37,0.12,21.55,0.67,13.208986,0.22,0.17,0.27,0.41,13.26,0.41,0.49,0.25,0.66,67091464,0,0,0,0,0,0,0,0,0,8.073,1.26,0.2,0.21,2.43,0.62,52.33,0.42,0.08,15.36,0.69,13.422514,0.23,0.05,0.21,0.11,13.07,0.48,0.41,0.2,0.44,17213560,0,0,0,8.103,1.31,0.2,0.21,-12.66,0.71,54.68,0.4,0.08,-4.29,0.75,14.355555,0.4,0.1,0.27,0.24,12.81,0.4,-0.08,0.27,0.68,24324208,0,0,-0.10739502,0.047619048,-0.156378601,-0.467741935,-0.268817204,-0.018918402,-0.119047619,0.5,0.402994792,-0.028985507,-0.015908197,-0.043478261,2.4,0.285714286,2.727272727,0.014537108,-0.145833333,0.195121951,0.25,0.5,2.897593757,0,0
0,2015,3.281,0.88,0.05,0.21,2.32,0.9,43.17,0.5,-0.04,77.15,0.71,16.328911,0.28,0.01,0.05,0.02,12.69,0.58,0.43,0.01,0.09,3252611,0,0,0,0,0,0,0,1,0,3.629,0.9,0.05,0.21,2.22,0.98,49.45,0.49,-0.03,66.81,0.68,15.752125,0.25,0.02,0.07,0.04,12.68,0.6,0.45,0.02,0.11,4792766,0,0,1,1.525,0.73,0.05,0.21,2.14,1.09,48.35,0.52,-0.08,63.65,0.74,15.045097,0.22,0.03,0,0.05,12.68,0.62,0.47,0.02,0,6433637,0,0,-0.095894186,-0.022222222,0.045045045,-0.081632653,-0.047297297,-0.126996967,0.020408163,0.333333333,0.15476725,0.044117647,0.036616393,0.12,-0.5,-0.285714286,-0.5,0.000788644,-0.033333333,-0.044444444,-0.5,-0.181818182,-0.321349926,0,0
0,2017,4.506,1.35,0,0.03,-0.46,0.32,77.67,0.39,0.2,-6.74,0.28,3.016374,3.98,1.37,1.48,1157935800,9.4,-2.72,-2.17,1.27,1250008520,11579358,0,0,0,0,1,0,0,1,0,6.641,1.21,0,0.03,0.51,0,81.22,0.37,0.08,-6.8,0.29,2.968651,-0.28,0.11,0.12,0.18,11.13,0.58,1.95,0.11,0.21,5089849,1,0,1,4.859,1.01,0,0.03,0.32,0,50.19,0.33,0,-6.14,0.26,2.782516,-0.45,0.02,0.11,0.03,11.06,0.67,3.16,0.02,0.16,957450,1,0,-0.321487728,0.115702479,-1.901960784,32,-1.521428571,-0.043708446,0.054054054,1.5,-0.008823529,-0.034482759,0.016075652,-15.21428571,11.45454545,11.33333333,6432976666,-0.155435759,-5.689655172,-2.112820513,10.54545455,5952421523,1.274990476,0,0
0,2017,5.837,1.17,0.05,0.35,-0.31,0.08,66.62,0.31,0.2,-9.55,0.29,2.44449,1.29,0.31,0.41,1703993000,11.26,-0.84,-3.21,0.31,2225710500,17039930,1,0,0,0,1,0,0,1,0,4.531,1.39,0.05,0.35,-0.41,0.1,61.11,0.26,0.34,-7.84,0.35,2.797052,1.27,0.67,0.75,3201258500,11.14,-0.72,-2.47,0.67,3575746400,32012585,1,0,1,4.522,1.61,0.05,0.35,-1.46,0.18,44.01,0.2,0.26,-1.31,0.54,3.330203,0.57,-3.02,0.71,-14660289500,11.15,-0.04,-0.68,0.64,3437790600,-146602895,1,0,0.288236592,-0.158273381,-0.243902439,-0.2,0.095238095,0.090165276,0.192307692,-0.411764706,0.218112245,-0.171428571,-0.12604771,0.015748031,-0.537313433,-0.453333333,-0.467711527,0.010771993,0.166666667,0.299595142,-0.537313433,-0.377553593,-0.467711527,1,1
0,2012,7.584,1.17,0.02,0.57,1.32,0.52,73.12,0.45,0.14,2.69,0.72,4.55845,0.04,-0.03,0.17,-0.07,12.29,0.42,0.76,-0.03,0.4,-4646091,0,1,0,0,0,1,0,0,0,6.599,1.15,0.02,0.57,2.04,0.53,65.13,0.34,0.14,36.4,0.76,4.586966,0.09,0.13,0.15,0.33,12.3,0.4,0.49,0.13,0.38,20313027,0,0,0,6.673,1.19,0.02,0.57,1.62,0.72,75.17,0.35,0.15,3.67,0.84,4.72285,0.06,0.03,0.16,0.07,12.18,0.47,0.62,0.03,0.34,4297671,0,0,0.14926504,0.017391304,-0.352941176,-0.018867925,0.089552239,0.122677721,0.323529412,0,-0.926098901,-0.052631579,-0.006216745,-0.555555556,-1.230769231,0.133333333,-1.212121212,-0.000813008,0.05,0.551020408,-1.230769231,0.052631579,-1.2287247,0,0
0,2015,6.892,1.03,0.05,0.23,8.78,1.05,68.21,0.38,0.03,22.34,0.54,27.251466,0.52,-0.01,0.04,-0.01,14.55,0.55,0.11,0.03,0.08,-7659451,0,0,0,0,0,0,0,0,0,6.011,1.05,0.05,0.23,6.46,1.01,61.71,0.37,0.04,23.92,0.56,27.253081,0.49,-0.08,0.05,-0.14,14.56,0.55,0.15,0.03,0.09,-113438634,0,0,0,3.386,0.98,0.05,0.23,7.87,0.73,60.13,0.39,-0.02,23.61,0.58,26.965819,0.48,0.13,0.02,0.29,14.55,0.46,0.13,0.07,0.05,193607439,0,0,0.146564632,-0.019047619,0.359133127,0.03960396,-0.008264463,0.105331389,0.027027027,-0.25,-0.066053512,-0.035714286,-5.93e-05,0.06122449,-0.875,-0.2,-0.928571429,-0.000686813,0,-0.266666667,0,-0.111111111,-0.932479344,0,0
0,2016,5.173,1.27,0.06,0.3,20.44,4.04,51.01,0.33,0.05,4.22,0.68,5.036092,0.2,0.04,0.14,0.05,12.19,0.8,0.05,0.06,0.17,5524254,0,0,0,0,1,0,0,1,0,7.304,1.11,0.06,0.3,-3.5,5.48,53.23,0.32,0.02,4.88,0.68,4.759882,0.24,0.04,0.11,0.05,12.14,0.84,-0.29,0.04,0.13,5823986,0,0,1,1.02,0.96,0.06,0.3,4.57,7.61,51.98,0.28,-0.01,3.52,0.65,4.609393,0.16,0.06,0.08,0.06,12.21,0.89,0.22,0.06,0.09,8014912,0,0,-0.291757941,0.144144144,-6.84,-0.262773723,-0.205825243,-0.041705805,0.03125,1.5,-0.135245902,0,0.058028749,-0.166666667,0,0.272727273,0,0.004118616,-0.047619048,-1.172413793,0.5,0.307692308,-0.051465096,0,0
0,2016,6.642,1.05,0.01,0.24,3.09,0.07,36.97,0.36,0.1,967.14,0.62,2.703874,0.56,0.05,0.05,0.15,12.09,0.31,0.32,0.04,0.15,5904236,0,0,0,0,0,0,0,0,0,8.514,1.02,0.01,0.24,2.71,0.07,34.35,0.38,0.04,966.03,0.65,2.791557,0.52,0.02,0.03,0.06,12.08,0.35,0.37,0.02,0.09,2682697,0,0,0,7.588,1.03,0.01,0.24,2.74,0.08,35.6,0.4,0.06,873.89,0.58,2.676242,0.52,0.03,0.04,0.1,12.03,0.35,0.36,0.03,0.11,3915198,0,0,-0.21987315,0.029411765,0.140221402,0,-0.163636364,0.076273654,-0.052631579,1.5,0.001149033,-0.046153846,-0.03141007,0.076923077,1.5,0.666666667,1.5,0.000827815,-0.114285714,-0.135135135,1,0.666666667,1.200858315,0,0
0,2013,5.909,1.03,0.02,0.21,1.74,2.14,43.6,0.54,0.01,81.09,0.52,4.510703,0.16,0.13,0.05,0.17,12.24,0.75,0.58,0.03,0.06,18332554,0,0,0,0,0,0,0,0,0,5.19,1.1,0.02,0.21,1.6,4.94,47.65,0.52,0.01,73.4,0.55,4.713575,0.14,0.03,0.06,0.03,12.18,0.87,0.62,0.03,0.07,3855660,0,0,0,4.054,0.84,0.02,0.21,1.66,4.92,39.94,0.55,-0.02,67.66,0.54,4.650175,0.16,-0.05,0.03,-0.06,11.93,0.87,0.6,0.02,0.03,-5277710,0,0,0.138535645,-0.063636364,0.0875,-0.566801619,-0.552592593,-0.084994753,0.038461538,0,0.104768392,-0.054545455,-0.043039943,0.142857143,3.333333333,-0.166666667,4.666666667,0.004926108,-0.137931034,-0.064516129,0,-0.142857143,3.754712293,0,0
0,2008,0.398,0.71,0.02,0.29,2.12,3.09,51.93,0.38,-0.06,35.86,0.27,2.987231,0.14,-0.03,0.07,-0.03,11.27,0.79,0.47,-0.01,0.08,-1456745,0,1,0,0,0,0,1,0,0,2.36,0.34,0.02,0.29,2.26,2.94,64.6,0.41,-0.19,64.08,0.26,2.825406,0.17,-0.09,-0.03,-0.11,11.36,0.78,0.44,-0.09,-0.04,-5352563,0,1,0,0.211,0.81,0.02,0.29,3.01,2.08,83.95,0.38,-0.07,76.9,0.24,3.042251,0.24,0,0.05,0,11.44,0.71,0.33,-0.02,0.07,0,0,1,-0.831355932,1.088235294,-0.061946903,0.051020408,0.042253521,-0.196130031,-0.073170732,-0.684210526,-0.440387016,0.038461538,0.057274954,-0.176470588,-0.666666667,-3.333333333,-0.727272727,-0.007922535,0.012820513,0.068181818,-0.888888889,-3,-0.727841597,0,0
0,2013,3.831,0.88,0.02,0.36,1.86,2.09,47.34,0.44,-0.02,56.58,0.34,3.476433,0.2,0.21,0.05,0.28,11.25,0.75,0.54,0.12,0.07,11418647,0,0,0,0,0,0,0,1,0,3.195,0.73,0.02,0.36,1.55,21.04,59.19,0.47,-0.01,54.35,0.38,3.746606,0.16,-0.03,0.07,-0.03,11.36,0.97,0.65,0.1,0.07,-1952316,0,0,1,3.264,-0.1,0.02,0.36,1.42,10.13,63.24,0.54,-0.06,27.86,0.38,3.71661,0.12,-0.16,0,-0.17,11.36,0.94,0.7,0.01,0,-9401057,0,0,0.199061033,0.205479452,0.2,-0.900665399,-0.899266177,-0.200202737,-0.063829787,1,0.041030359,-0.105263158,-0.072111399,0.25,-8,-0.285714286,-10.33333333,-0.009683099,-0.226804124,-0.169230769,0.2,0,-6.848769871,0,0
0,2017,2.277,0.74,0.02,0.19,4.86,0,39.09,0.42,-0.12,0.02,0.65,16.430284,0.12,-0.19,-0.17,-5.99,12.47,0.03,0.21,-0.12,-5.23,-34707279,0,1,0,0,0,0,0,0,0,4.095,0.93,0.02,0.19,11.2,0,38.33,0.41,-0.04,0.04,0.64,16.483957,0.28,0.01,0,0.3,12.64,0.03,0.09,0.01,0.18,1727194,0,0,0,4.089,0.93,0.02,0.19,10.08,0,44.24,0.42,-0.04,0.03,0.67,17.005587,0.26,0.03,0.01,1.14,12.64,0.03,0.1,0,0.19,6706680,0,0,-0.443956044,-0.204301075,-0.566071429,0,0,0.019827811,0.024390244,2,-0.5,0.015625,-0.003256075,-0.571428571,-20,-17,-20.96666667,-0.013449367,0,1.333333333,-13,-30.05555556,-21.09460373,0,0
0,2017,8.114,1.02,0.07,0.31,3.86,0.08,56.18,0.36,0.06,24.21,0.69,38.343072,0.24,0.07,0.04,0.47,15.93,0.15,0.26,0.03,0.25,404149522,0,0,0,0,0,0,0,0,1,8.364,1.02,0.07,0.31,2.36,0.09,60.77,0.35,0.05,13.19,0.68,36.786518,0.19,0.04,0.03,0.2,15.91,0.21,0.42,0.03,0.16,235904351,0,0,1,7.889,1.02,0.07,0.31,2.06,0.11,56.39,0.34,0.06,16.26,0.69,36.325096,0.17,0.04,0.03,0.17,15.9,0.24,0.49,0.03,0.14,227017508,0,0,-0.029890005,0,0.63559322,-0.111111111,-0.346153846,-0.075530689,0.028571429,0.2,0.835481425,0.014705882,0.042313165,0.263157895,0.75,0.333333333,1.35,0.001257071,-0.285714286,-0.380952381,0,0.5625,0.713192318,0,0
0,2019,4.43,1.2,0.08,0.29,2.65,0.18,42.77,0.33,0.31,0.3,0.65,12.739244,0.04,0.09,0.19,0.54,13.51,0.17,0.38,0.17,1.12,47504077,1,0,1,0,0,0,0,0,0,4.435,1.21,0.08,0.29,2.86,0.2,47.94,0.32,0.31,0,0.65,12.483296,0.05,0.13,0.2,0.71,13.41,0.19,0.35,0.18,1.07,62212264,1,0,0,4.431,1.24,0.08,0.29,2.63,0.3,43.93,0.35,0.31,0,0.66,12.308939,0.05,0.11,0.21,0.42,13.31,0.26,0.38,0.19,0.82,44989378,1,0,-0.001127396,-0.008264463,-0.073426573,-0.1,-0.086956522,-0.107843137,0.03125,0,30,0,0.020503239,-0.2,-0.307692308,-0.05,-0.23943662,0.007457122,-0.105263158,0.085714286,-0.055555556,0.046728972,-0.236419414,0,0
0,2021,4.466,1.05,0.03,0.18,2.87,0.03,41.46,0.3,0.22,36.92,0.62,24.241515,0.03,0.15,0.06,3.18,15.16,0.05,0.35,0.15,1.27,392225628,0,0,0,0,0,0,0,0,1,4.486,1.04,0.03,0.18,3.08,0.04,39.78,0.38,0.17,56.78,0.56,21.737517,0.04,0.15,0.05,2.61,15,0.06,0.32,0.15,0.89,337740755,0,0,1,4.474,1.05,0.03,0.18,2.84,0.05,41.79,0.39,0.19,34.94,0.58,23.478471,0.04,0.14,0.06,2.16,14.84,0.07,0.35,0.14,0.97,273171483,0,0,-0.004458315,0.009615385,-0.068181818,-0.25,-0.166666667,0.042232278,-0.210526316,0.294117647,-0.349771046,0.107142857,0.115192457,-0.25,0,0.2,0.218390805,0.010666667,-0.166666667,0.09375,0,0.426966292,0.161321582,0,0
0,2009,2.865,0.77,0.01,0.24,1.68,0.01,78.97,0.49,-0.17,3.83,0.47,1.628981,0.13,-0.35,-0.01,-1.82,10.31,0.19,0.59,-0.19,-0.03,-7179430,0,1,0,1,0,0,1,0,0,5.039,1.02,0.01,0.24,3.75,0.32,80.84,0.41,0.02,30.62,0.46,1.600525,0.32,1.92,0.1,16.55,10.57,0.12,0.27,0.02,0.87,52215648,0,0,0,3.283,1.03,0.01,0.24,0.12,0.32,55.33,0.33,-0.03,-2.76,0.47,1.594598,-2.14,-0.04,0.02,-0.02,10.25,2.43,8.44,-0.04,0.01,-720436,1,1,-0.431434808,-0.245098039,-0.552,-0.96875,0.769230769,-0.023132113,0.195121951,-9.5,-0.874918354,0.02173913,0.017779166,-0.59375,-1.182291667,-1.1,-1.109969789,-0.024597919,0.583333333,1.185185185,-10.5,-1.034482759,-1.137495756,0,0
0,2019,7.594,1.25,0.26,0.21,2.89,0.92,43.84,0.51,0.08,0.16,0.24,1.393717,0.24,0.12,0.19,0.21,11.12,0.54,0.35,0.12,0.35,5445396,0,0,1,0,0,0,1,0,0,7.18,1.5,0.26,0.21,2.72,1.27,53.86,0.47,0.11,0.17,0.3,1.460864,0.29,0.15,0.26,0.24,11.04,0.63,0.37,0.19,0.41,6659323,0,0,0,4.294,0.57,0.26,0.21,1.81,2.23,64.81,0.57,-0.07,-1.95,0.35,1.568541,0.17,-0.01,-0.02,-0.01,10.9,0.76,0.55,-0.1,-0.02,-252557,0,1,0.057660167,-0.166666667,0.0625,-0.275590551,-0.306358382,-0.186037876,0.085106383,-0.272727273,-0.058823529,-0.2,-0.045963895,-0.172413793,-0.2,-0.269230769,-0.125,0.007246377,-0.142857143,-0.054054054,-0.368421053,-0.146341463,-0.182289851,0,0
0,2009,0.112,0.87,0.06,0.26,1.79,0.07,35.62,0.44,-0.09,2.39,0.72,11.364174,0.07,0,-0.01,0,12.17,0.15,0.56,0,-0.07,0,0,1,0,0,0,0,0,0,0,1.503,0.94,0.06,0.26,1.79,0.07,35.62,0.43,-0.04,2.5,0.94,14.497692,0.07,-0.1,0.05,-0.63,12.17,0.15,0.56,0.06,0.32,-12768305,0,0,0,1.513,0.94,0.06,0.26,1.86,0.02,41.51,0.42,-0.04,2.31,0.73,10.843008,0.08,0,0.04,0,12.22,0.11,0.54,0.06,0.37,0,0,0,-0.925482369,-0.074468085,0,0,0,0,0.023255814,1.25,-0.044,-0.234042553,-0.216139093,0,-1,-1.2,-1,0,0,0,-1,-1.21875,-1,0,0
0,2013,6.6,1.05,0.05,0.19,1.93,-0.01,60.19,0.5,0.05,-1.34,0.54,6.55866,0.08,0.06,0.11,0.69,12.01,0.08,0.52,0.05,1.41,6374110,0,0,0,0,1,0,0,0,0,4.527,1.14,0.05,0.19,0.99,0,53.21,0.46,0.11,-2.39,0.59,6.188485,0,0.12,0.18,0.7,12.05,0.17,1.02,0.12,1.04,14243377,0,0,0,4.512,1.17,0.05,0.19,1.77,0.27,48.81,0.42,0.11,-4.11,0.58,5.572954,0.07,0.12,0.18,0.44,12.03,0.28,0.56,0.12,0.66,14529548,0,0,0.457919152,-0.078947368,0.949494949,-1,-0.571428571,0.13117835,0.086956522,-0.545454545,-0.439330544,-0.084745763,0.05981674,8,-0.5,-0.388888889,-0.014285714,-0.003319502,-0.529411765,-0.490196078,-0.583333333,0.355769231,-0.552486043,0,0
0,2021,2.724,0.96,0.11,0.27,3.06,0.14,67.47,0.56,-0.04,163.4,0.5,8.183097,0.4,0.04,0.01,0.13,13.61,0.3,0.33,0.04,0.03,22202280,0,0,0,0,0,0,0,1,0,0.742,0.9,0.11,0.27,2.69,0.17,61.85,0.55,-0.09,187.51,0.45,7.23214,0.37,0.1,-0.01,0.29,13.61,0.33,0.37,0,-0.04,53891716,0,0,1,1.743,0.92,0.11,0.27,4.47,0.21,72.61,0.48,-0.07,135.89,0.45,7.457574,0.48,-0.03,0,-0.09,13.39,0.29,0.22,-0.03,0,-11916041,0,1,2.67115903,0.066666667,0.137546468,-0.176470588,-0.142857143,0.090864996,0.018181818,-0.555555556,-0.128579809,0.111111111,0.131490403,0.081081081,-0.6,-2,-0.551724138,0,-0.090909091,-0.108108108,4,-1.75,-0.588020541,0,0
0,2011,5.83,1.1,0.1,0.45,9.05,0.06,40.98,0.55,0.15,532.49,0.32,2.519149,0.73,0.13,0.1,0.95,12.21,0.14,0.11,0.13,0.71,18867820,0,0,0,0,0,0,0,1,0,7.51,1.06,0.1,0.45,8.8,0.07,45.45,0.4,0.08,436.49,0.34,2.425415,0.72,0.09,0.07,0.59,12.06,0.15,0.11,0.09,0.48,10929592,0,0,1,5.856,1.13,0.1,0.45,-0.92,0.08,45.92,0.37,0.13,113.97,0.36,2.278543,1.23,1.52,0.23,9043171800,11.36,-0.52,-1.09,0.15,1396462500,90431718,0,0,-0.223701731,0.037735849,0.028409091,-0.142857143,-0.055555556,-0.098349835,0.375,0.875,0.21993631,-0.058823529,0.038646582,0.013888889,0.444444444,0.428571429,0.610169492,0.012437811,-0.066666667,0,0.444444444,0.479166667,0.726305977,0,1
0,2014,0.819,0.54,0.09,0.18,1.17,13.43,52.49,0.59,-0.03,10.27,0.63,13.998412,0.04,-0.11,0.07,-0.12,13.31,0.95,0.86,-0.11,0.07,-47978926,0,1,0,0,0,0,0,1,0,3.643,0.74,0.09,0.18,1.01,3.32,43.49,0.61,-0.05,0.44,0.63,14.552169,0,0.1,0.05,0.12,13.24,0.82,0.99,0.1,0.06,38722234,0,0,1,3.899,0.47,0.09,0.18,1.07,9.22,48.74,0.62,-0.04,0.14,0.64,14.794589,0.01,0,0.05,0,13.26,0.92,0.93,-0.01,0.05,-1205105,0,1,-0.775185287,-0.27027027,0.158415842,3.045180723,2.965141612,0.206944125,-0.032786885,-0.4,22.34090909,0,-0.038053228,4,-2.1,0.4,-2,0.005287009,0.158536585,-0.131313131,-2.1,0.166666667,-2.239053666,0,0
0,2018,3.604,2.05,0.19,0.19,-12.53,0.32,37,0.49,-0.08,0,0.78,8.510874,-10624950800,-898774900,-567753100,-1.14,-11.15,785539700,-0.08,-898774900,-0.72,-8987749,1,1,0,0,0,0,0,0,0,0.726,6.33,0.19,0.19,-11.35,-0.02,34.56,0.47,-0.03,0,0.79,7.924139,-13.88,-0.55,-0.12,-0.49,9.18,1.13,-0.09,-0.55,-0.11,-3729248,1,1,0,6.867,1.61,0.19,0.19,-8.09,0.01,37.07,0.46,0.01,0,0.78,8.212401,-6.93,0.26,0.47,0.34,9.78,0.77,-0.12,0.26,0.61,3207287,1,0,3.964187328,-0.67614534,0.103964758,-17,-0.910313901,0.070601852,0.042553191,1.666666667,0,-0.012658228,0.074044007,765486367.9,1634136181,4731275832,1.326530612,-2.21459695,695167875.1,-0.111111111,1634136181,5.545454545,1.410070073,0,0
0,2014,7.548,1.07,0.27,0.17,2.24,0.01,55.66,0.23,0.04,-4.03,0.46,11.296829,0.16,0.33,0.13,2.47,12.6,0.14,0.45,0.09,0.93,69099071,0,0,0,0,1,0,0,0,0,4.858,1.01,0.27,0.17,0.63,0.01,71.07,0.31,0,-2.94,0.44,12.945002,-0.2,0.03,0.05,0.05,12.77,0.55,1.59,0.03,0.09,6666805,0,0,0,6.656,1.24,0.27,0.17,0.75,0.02,62.4,0.29,0.07,-2.9,0.47,13.650696,-0.13,0.16,0.17,0.31,12.6,0.5,1.34,0.16,0.34,32300762,0,0,0.553725813,0.059405941,2.555555556,0,-0.869918699,-0.216828479,-0.258064516,4,0.370748299,0.045454545,-0.127321185,-1.8,10,1.6,48.4,-0.013312451,-0.745454545,-0.716981132,2,9.333333333,9.364645584,0,0
0,2014,4.482,1.18,0.01,0.22,1.58,-0.22,41.24,0.36,0.13,-0.97,0.54,7.710786,0.09,0.26,0.28,3587222900,12.18,-0.08,0.63,0.26,3765623300,35872229,0,0,0,0,0,0,0,0,1,4.494,1.17,0.01,0.22,1.23,-0.19,37.82,0.4,0.1,-0.82,0.53,7.957759,0.04,0.24,0.26,2646051200,11.96,-0.01,0.82,0.24,2806397700,26460512,0,0,1,4.496,1.17,0.01,0.22,1.5,-0.1,34.94,0.42,0.09,-0.03,0.49,7.522375,0.08,0.25,0.27,4.38,11.76,0.06,0.67,0.24,4.68,22477143,0,0,-0.002670227,0.008547009,0.284552846,0.157894737,6,0.090428345,-0.1,0.3,0.182926829,0.018867925,-0.031035496,1.25,0.083333333,0.076923077,0.355689149,0.018394649,7,-0.231707317,0.083333333,0.341799596,0.355689149,1,0
0,2014,8.078,1.07,0.03,0.22,2.32,0.07,53.96,0.38,0.02,35.67,0.47,3.988425,0.45,0.15,0.21,0.39,11.29,0.38,0.43,0.15,0.54,8305628,0,0,0,0,1,0,0,0,1,3.242,0.87,0.03,0.22,2.91,0.2,59.46,0.41,-0.03,23.74,0.42,3.969188,0.44,0.04,0.03,0.12,10.98,0.36,0.34,0.06,0.08,1812650,0,0,1,0.272,0.92,0.03,0.22,1.64,0.18,46.82,0.4,-0.02,71.89,0.37,4.190807,0.29,0,0.04,-0.01,11.23,0.54,0.61,0.04,0.08,-203639,0,0,1.491671808,0.229885057,-0.202749141,-0.65,0.107142857,-0.092499159,-0.073170732,-1.666666667,0.50252738,0.119047619,0.004846583,0.022727273,2.75,6,2.25,0.028233151,0.055555556,0.264705882,1.5,5.75,3.582036245,0,0
0,2016,8.54,1.82,0.03,0.29,1.54,9.58,25.49,0.42,0.05,12.41,0.71,19.091091,0.05,0.07,0.15,0.08,13.04,0.91,0.65,0.08,0.17,22543429,0,0,0,1,0,0,0,0,1,8.102,6.41,0.03,0.29,1.35,50.2,27.09,0.42,0.06,8.42,0.7,6.7656,0.04,-0.23,0.18,-0.23,12.96,0.98,0.74,0.11,0.18,-67976745,0,0,1,8.103,1.41,0.03,0.29,1.84,3.46,26.49,0.42,0.07,0.08,0.71,18.029966,0.07,0.02,0.16,0.03,13.14,0.79,0.54,0.12,0.2,7425677,0,0,0.054060726,-0.716068643,0.140740741,-0.809163347,-0.811846072,-0.059062385,0,-0.166666667,0.473871734,0.014285714,1.821788311,0.25,-1.304347826,-0.166666667,-1.347826087,0.00617284,-0.071428571,-0.121621622,-0.272727273,-0.055555556,-1.331634429,0,0
0,2020,0.031,0.3,0.06,0.3,0.94,0.01,23.45,0.42,-0.2,134.48,0.32,1.06264,-0.04,-0.04,-0.19,-0.07,10.35,0.66,1.07,-0.17,-0.29,-970187,1,1,0,1,0,0,0,1,0,0.053,0.5,0.06,0.3,0.88,0.01,31.97,0.42,-0.17,16.71,0.3,1.126538,-0.05,0.14,-0.24,0.37,9.87,0.38,1.14,-0.24,-0.63,1884526,1,1,1,0.046,0.15,0.06,0.3,0.58,0,39.1,0.42,-0.24,8.17,0.31,1.216004,-0.22,-0.07,-0.34,-0.14,9.88,0.52,1.73,-0.33,-0.65,-1005419,1,1,-0.41509434,-0.4,0.068181818,0,2.161290323,-0.266499844,0,0.176470588,7.047875524,0.066666667,-0.056720679,-0.2,-1.285714286,-0.208333333,-1.189189189,0.048632219,0.736842105,-0.061403509,-0.291666667,-0.53968254,-1.514817519,0,0
0,2009,5.795,1.07,0.2,0.26,2.78,0.64,36.78,0.37,0.07,66.76,0.44,1.429751,0.12,0.06,0.07,0.13,11.98,0.43,0.36,0.07,0.16,6225044,0,0,0,0,0,0,0,0,1,6.577,1.07,0.2,0.26,2.76,0.73,45.14,0.38,0.06,61.1,0.46,1.520916,0.13,0.05,0.07,0.12,11.94,0.46,0.36,0.07,0.15,5797358,0,0,1,5.871,1.1,0.2,0.26,3.49,0.83,50.75,0.36,0.08,87.04,0.48,1.450004,0.17,0.06,0.08,0.11,11.88,0.49,0.29,0.07,0.17,5625747,0,0,-0.118899194,0,0.007246377,-0.123287671,-0.126436782,-0.185201595,-0.026315789,0.166666667,0.092635025,-0.043478261,-0.059940851,-0.076923077,0.2,0,0.083333333,0.003350084,-0.065217391,0,0,0.066666667,0.07377257,0,0
0,2019,2.352,0.91,0.07,0.33,2.96,0.12,79.83,0.42,-0.18,71.14,0.27,1.988104,0.14,0.08,-0.06,0.44,13,0.17,0.34,0.09,-0.32,23244102,1,0,0,0,0,0,0,0,1,3.319,0.94,0.07,0.33,2.85,0.14,71.61,0.42,-0.1,81.95,0.29,1.867119,0.15,0.01,-0.02,0.03,12.93,0.19,0.35,0.12,-0.13,1829516,1,0,1,2.274,0.91,0.07,0.33,3.05,0.16,81.1,0.42,-0.19,77.57,0.27,1.854503,0.14,0.06,-0.06,0.28,12.93,0.2,0.33,0.07,-0.29,16123884,1,0,-0.291352817,-0.031914894,0.038596491,-0.142857143,-0.125,0.114788437,0,0.8,-0.131909701,-0.068965517,0.064797691,-0.066666667,7,2,13.66666667,0.005413766,-0.105263158,-0.028571429,-0.25,1.461538462,11.70505533,0,0
0,2020,0.909,1,0.09,0.27,0.93,0.32,53.65,0.35,0,18.72,0.55,13.338593,-0.02,-0.02,0.06,-0.08,13.11,0.28,1.08,0.04,0.2,-7400655,1,0,0,0,0,0,0,0,0,5.66,1.04,0.09,0.27,1.03,0.32,67.05,0.33,0.03,-1.17,0.61,15.130528,0.01,-0.1,0.13,-0.38,13.1,0.26,0.97,0.05,0.51,-32759580,0,0,0,4.58,1.1,0.09,0.27,1.41,0.32,59.25,0.33,0.09,0.02,0.61,15.253107,0.11,0.17,0.14,0.62,13.25,0.27,0.71,0.09,0.53,66645935,0,0,-0.839399293,-0.038461538,-0.097087379,0,0.147058824,-0.199850858,0.060606061,-1,-17,-0.098360656,-0.118431756,-3,-0.8,-0.538461538,-0.789473684,0.000763359,0.076923077,0.113402062,-0.2,-0.607843137,-0.774091884,0,0
0,2012,2.186,0.99,0.02,0.21,5.04,0.39,45.33,0.42,-0.01,240.32,0.86,5.235982,0.5,0.04,0.03,0.12,13.3,0.37,0.2,0.07,0.09,17873969,0,0,0,0,0,0,0,0,0,1.07,0.98,0.02,0.21,4.29,0.44,58.84,0.42,-0.02,214.66,0.87,4.582347,0.44,0.07,0.03,0.17,13.27,0.4,0.23,0.05,0.07,27558078,0,0,0,0.234,0.96,0.02,0.21,3.05,0.49,65.43,0.42,-0.03,139.66,0.83,4.369648,0.28,0.06,0.02,0.15,13.19,0.42,0.33,0.06,0.05,23597998,0,0,1.042990654,0.010204082,0.174825175,-0.113636364,-0.106060606,-0.22960571,0,-0.5,0.119537874,-0.011494253,0.142641969,0.136363636,-0.428571429,0,-0.294117647,0.002260739,-0.075,-0.130434783,0.4,0.285714286,-0.351407272,0,0
0,2018,6.67,1.15,0.05,0.35,1.28,0.32,39.18,0.24,0.11,0.31,0.28,1.439645,0.04,-0.74,0.25,-5.73,11.26,0.13,0.78,0.15,1.93,-39880764,0,0,0,0,1,0,0,0,1,7.192,1.08,0.05,0.35,0.75,-0.02,47.35,0.24,0.11,0.26,0.37,1.420098,-0.02,0.94,0.17,15.42,11.8,0.06,1.34,0.09,2.83,86399052,1,0,1,5.876,26.96,0.05,0.35,1.19,298.9,43.94,0.24,0.14,-4.78,0.37,1.400154,0.05,-0.04,0.1,-0.04,12.22,1,0.84,0.07,0.1,-5452729,0,0,-0.072580645,0.064814815,0.706666667,-17,1.142857143,-0.172544879,0,0,0.192307692,-0.243243243,0.013764543,-3,-1.787234043,0.470588235,-1.371595331,-0.045762712,1.166666667,-0.417910448,0.666666667,-0.318021201,-1.461587981,0,0
0,2015,2.288,0.85,0.13,0.59,3.13,0.76,85.89,0.72,-0.15,16.55,0.42,1.84798,0.12,-0.06,0,-0.13,10.71,0.46,0.32,-0.06,0,-1823831,1,1,0,1,0,0,0,1,0,1.456,0.88,0.13,0.59,4.68,0.71,102.26,0.67,-0.14,27.61,0.42,1.80881,0.18,-0.02,0.01,-0.05,10.78,0.44,0.21,-0.02,0.03,-694736,1,1,1,3.6,0.97,0.13,0.59,5.19,0.69,81.17,0.61,-0.04,48.45,0.46,1.859164,0.19,0.02,0.04,0.04,10.8,0.43,0.19,0.02,0.09,593633,1,0,0.571428571,-0.034090909,-0.331196581,0.070422535,0.075,-0.160082144,0.074626866,0.071428571,-0.4005795,0,0.021655121,-0.333333333,2,-1,1.6,-0.006493506,0.045454545,0.523809524,2,-1,1.62521447,0,0
0,2017,0.096,-2.66,0.05,0.31,1.28,0.02,40.7,0.54,-1.29,186.76,0.54,2.572694,0.21,-0.41,-0.89,-0.54,11.96,0.75,0.78,0.11,-1.19,-44387323,0,0,0,0,1,0,0,0,1,0.096,-0.37,0.05,0.31,1.22,0.01,45.41,0.5,-1.2,175.56,0.58,2.708532,0.12,0.06,-0.63,0.12,12.32,0.54,0.82,0.17,-1.17,9858383,0,0,1,1.458,-0.03,0.05,0.31,1.18,0.01,66.31,0.42,-0.77,147.84,0.52,2.447053,0.1,-0.28,-0.49,-0.54,12.13,0.52,0.84,-0.47,-0.93,-36433114,0,1,0,6.189189189,0.049180328,1,1.564102564,-0.103721647,0.08,0.075,0.063795853,-0.068965517,-0.05015189,0.75,-7.833333333,0.412698413,-5.5,-0.029220779,0.388888889,-0.048780488,-0.352941176,0.017094017,-5.502495288,0,0
0,2011,0.124,0.86,0.02,0.3,0.71,0.07,61.32,0.44,-0.16,13.97,0.49,2.930549,-0.07,0.03,-0.05,0.12,11.94,0.29,1.41,-0.01,-0.17,3604306,0,1,0,0,0,0,0,0,0,0.16,0.9,0.02,0.3,1.69,0.27,55.01,0.33,-0.12,11.84,0.43,2.959992,0.11,-0.07,-0.02,-0.2,11.95,0.34,0.59,-0.01,-0.05,-7147644,0,1,0,0.147,0.9,0.02,0.3,0.67,0.07,58.88,0.4,-0.14,6.86,0.47,3.171544,-0.07,-0.13,-0.03,-0.47,11.96,0.27,1.5,-0.06,-0.09,-14061476,0,1,-0.225,-0.044444444,-0.579881657,-0.740740741,-0.196078431,0.114706417,0.333333333,0.333333333,0.179898649,0.139534884,-0.009946986,-1.636363636,-1.428571429,1.5,-1.6,-0.00083682,-0.147058824,1.389830508,0,2.4,-1.504264902,0,0
0,2013,1.458,0.92,0.1,0.3,2.3,0.01,50.28,0.29,-0.07,14.47,0.53,7.28978,0.12,0.01,0,0.08,12.99,0.11,0.43,0.01,0.03,2501000,0,0,0,0,0,0,0,1,0,5.609,1.01,0.1,0.3,2.21,0.02,46.92,0.26,0.01,11.62,0.57,7.090096,0.12,-0.07,0.07,-0.65,12.99,0.11,0.45,0.07,0.64,-22735000,0,0,1,2.365,0.96,0.1,0.3,2.3,0.01,52.9,0.34,-0.04,19.67,0.56,7.380822,0.12,-0.02,0.03,-0.15,13.06,0.11,0.44,0.02,0.3,-5282000,0,0,-0.740060617,-0.089108911,0.040723982,-0.5,-0.076923077,0.071611253,0.115384615,-8,0.245266781,-0.070175439,0.028163794,0,-1.142857143,-1,-1.123076923,0,0,-0.044444444,-0.857142857,-0.953125,-1.110006598,0,0
0,2016,1.461,0.71,0.19,0.27,2.61,0,44.96,0.5,-0.27,0.02,0.28,0.924324,0.08,-0.1,-0.17,-1.95,10.04,0.05,0.38,-0.28,-3.29,-1608712,0,1,0,0,0,0,0,0,1,0.18,0.71,0.19,0.27,3.92,0.01,45.13,0.54,-0.32,0.02,0.22,0.883435,0.12,-0.02,-0.18,-0.48,10.14,0.05,0.26,-0.28,-4.01,-390026,0,1,1,0.12,0.63,0.19,0.27,3.45,0,50.15,0.65,-0.49,0.02,0.19,0.760814,0.09,0.05,-0.27,1.35,10.16,0.04,0.29,-0.35,-6.66,971035,0,1,7.116666667,0,-0.334183673,-1,0,-0.003766896,-0.074074074,-0.15625,0,0.272727273,0.046284107,-0.333333333,4,-0.055555556,3.0625,-0.009861933,0,0.461538462,0,-0.179551122,3.124627589,0,0
0,2019,4.58,1.1,0.08,0.32,32.03,0.32,38,0.28,0.18,1.94,0.54,15.349774,0.85,0.11,0.12,4.17,13.93,0.03,0.03,0.1,4.46,89640562,0,0,0,0,0,0,0,1,0,5.801,1.08,0.08,0.32,28.09,0,33.23,0.28,0.13,1.75,0.49,14.702638,0.83,0.08,0.11,2.63,13.81,0.03,0.04,0.08,3.51,55819063,0,0,1,5.799,1.08,0.08,0.32,24.09,0,34,0.28,0.13,7.51,0.52,14.7296,0.8,0.09,0.11,2.46,13.73,0.03,0.04,0.08,3.18,54703220,0,0,-0.210480952,0.018518519,0.140263439,32,0,0.143544989,0,0.384615385,0.108571429,0.102040816,0.044014958,0.024096386,0.375,0.090909091,0.585551331,0.008689356,0,-0.25,0.25,0.270655271,0.605913055,0,0
0,2010,0.16,0.83,0.04,0.31,1.64,0.72,44.78,0.42,-0.09,15.3,0.46,5.615266,0.07,-0.03,0,-0.07,12.06,0.48,0.61,-0.05,0,-3957523,0,1,0,0,0,0,1,0,0,0.118,0.77,0.04,0.31,2.47,0.71,64.67,0.58,-0.18,32.21,0.5,5.39889,0.13,-0.06,-0.04,-0.13,12.09,0.47,0.4,-0.06,-0.09,-7305076,0,1,0,0.1,0.8,0.04,0.31,1.55,0.6,59.23,0.6,-0.19,26.39,0.48,5.361485,0.06,-0.02,-0.06,-0.05,12.16,0.44,0.64,-0.02,-0.13,-3006365,0,1,0.355932203,0.077922078,-0.336032389,0.014084507,0.068965517,-0.307561466,-0.275862069,-0.5,-0.524992238,-0.08,0.040077868,-0.461538462,-0.5,-1,-0.461538462,-0.00248139,0.021276596,0.525,-0.166666667,-1,-0.458250263,0,0
0,2017,5.824,0.2,0.02,0.32,0.27,-0.69,34.77,0.32,0.27,-0.48,0.26,3.513996,-0.92,-0.17,0.81,-0.09,11.02,1.86,3.72,-0.12,0.43,-7178632,1,1,0,0,1,0,0,0,0,5.834,0.53,0.02,0.32,0.56,-1.05,137.92,0.37,0.15,1.32,0.25,3.395434,-0.43,-0.29,0.31,-0.2,11.52,1.42,1.77,-0.16,0.22,-20016647,1,1,0,5.786,-0.64,0.02,0.32,0.79,-3.71,114.94,0.32,0.15,1.22,0.27,3.605384,-0.14,0.28,0.35,0.25,11.55,1.13,1.27,-0.14,0.31,20127410,1,1,-0.00171409,-0.622641509,-0.517857143,-0.342857143,-0.359050445,-0.747897332,-0.135135135,0.8,-1.363636364,0.04,0.034918069,1.139534884,-0.413793103,1.612903226,-0.55,-0.043402778,0.309859155,1.101694915,-0.25,0.954545455,-0.641366908,0,0
0,2019,8.32,1.04,0.01,0.25,1.99,-0.13,40.9,0.39,0.03,0.01,0.58,4.892033,0.12,0.04,0.12,302660900,11.66,-0.02,0.5,0.05,968056600,3026609,0,0,0,0,1,0,0,0,0,7.553,1.07,0.01,0.25,2.08,-0.17,44.1,0.41,0.05,0.01,0.63,5.186068,0.14,0.03,0.16,260689500,11.59,-0.05,0.48,0.09,1205262700,2606895,0,0,0,7.169,1.12,0.01,0.25,2.34,-0.09,51.63,0.39,0.07,0.04,0.59,4.950336,0.17,0.08,0.2,2.21,11.64,0.04,0.43,0.13,5.29,6500913,0,0,0.101549053,-0.028037383,-0.043269231,-0.235294118,-0.6,-0.072562358,-0.048780488,-0.4,0,-0.079365079,-0.056697097,-0.142857143,0.333333333,-0.25,0.161001498,0.006039689,-0.6,0.041666667,-0.444444444,-0.196808629,0.161001498,1,0
0,2018,7.404,1.01,0.07,0.28,2.59,0.84,31.72,0.3,0.01,36.25,0.07,2.130086,0.13,0.03,0.08,0.07,11.52,0.5,0.39,0.03,0.17,2407183,0,0,1,0,0,0,0,0,0,3.257,0.9,0.07,0.28,3.75,0.89,35.28,0.32,-0.06,107.3,0.04,2.582789,0.27,0,0.02,0,11.49,0.52,0.27,-0.01,0.04,-20350,0,1,0,3.615,0.94,0.07,0.28,4.66,0.95,30.21,0.32,-0.04,232.1,0.05,3.139268,0.44,0,0.03,0,11.55,0.55,0.21,0.02,0.05,-10651,0,0,1.273257599,0.122222222,-0.309333333,-0.056179775,-0.090909091,-0.100907029,-0.0625,-1.166666667,-0.662162162,0.75,-0.175276803,-0.518518519,3,3,7,0.002610966,-0.038461538,0.444444444,-4,3.25,-119.2890909,0,0
0,2020,1.453,0.78,0.05,0.33,0.48,-0.27,52.76,0.49,-0.07,0.64,0.61,7.932034,-0.29,-0.09,0.02,-0.23,11.72,0.39,2.09,-0.07,0.05,-7525431,1,1,0,0,1,0,1,0,0,5.87,1.14,0.05,0.33,3.44,0.49,50.53,0.46,0.05,0.82,0.62,8.126671,0.21,0.16,0.21,0.42,11.86,0.39,0.29,0.11,0.53,15963917,0,0,0,1.523,0.85,0.05,0.33,1.53,0.66,41.47,0.49,-0.04,2.29,0.6,8.598902,0.09,-0.08,0.06,-0.15,11.76,0.5,0.65,-0.05,0.12,-6791021,0,1,-0.752470187,-0.315789474,-0.860465116,-1.551020408,-0.015625,0.044132199,0.065217391,-2.4,-0.219512195,-0.016129032,-0.023950397,-2.380952381,-1.5625,-0.904761905,-1.547619048,-0.011804384,0,6.206896552,-1.636363636,-0.905660377,-1.471402539,0,0
0,2019,2.837,1.07,0.03,0.2,2.03,-1.63,39.39,0.44,-0.08,0,0.51,4.949153,0.1,-0.08,0.14,-0.03,11.91,2.43,0.49,-0.1,0.06,-8335479,0,1,0,0,1,0,0,1,0,3.603,1.04,0.03,0.2,2.06,-1.67,42.97,0.44,-0.04,-0.03,0.53,5.121585,0.1,-0.03,0.16,-0.01,11.91,2.35,0.48,-0.04,0.07,-2794710,0,1,1,1.46,1.14,0.03,0.2,2.17,-1.71,50.24,0.49,-0.17,0.02,0.48,5.182204,0.1,-0.11,0,-0.05,11.94,2.28,0.46,-0.18,0,-11709440,0,1,-0.212600611,0.028846154,-0.014563107,-0.023952096,-0.022988506,-0.08331394,0,1,-1,-0.037735849,-0.033667702,0,1.666666667,-0.125,2,0,0.034042553,0.020833333,1.5,-0.142857143,1.982591754,0,0
0,2018,0.03,2.66,0.14,0.32,3.78,-2.48,42.53,0.43,-0.82,44.57,0.41,7.179674,0.32,-0.92,-0.83,-0.58,12.16,1.6,0.26,-0.92,-0.52,-123142858,0,1,0,0,0,0,0,0,0,0.118,0.32,0.14,0.32,0.3,0.04,45.66,0.45,-0.21,90.3,0.41,6.984299,-0.57,-0.01,-0.03,-0.01,12.81,0.83,3.31,-0.07,-0.04,-2358185,1,1,0,0.115,0.34,0.14,0.32,5.07,4.28,46.75,0.45,-0.21,63.65,0.41,6.879928,0.17,0.12,-0.03,0.14,12.81,0.82,0.2,-0.08,-0.04,29786520,0,1,-0.745762712,7.3125,11.6,-63,-1.559498956,-0.068550153,-0.044444444,2.904761905,-0.506423034,0,0.027973459,-1.561403509,91,26.66666667,57,-0.050741608,0.927710843,-0.921450151,12.14285714,12,51.21933733,0,0
0,2021,2.861,0.53,0.06,0.26,1.04,1.21,55.94,0.44,-0.08,20.99,0.52,4.728234,0.01,0.01,-0.04,0.02,11.43,0.73,0.97,0.03,-0.05,776554,0,0,0,0,0,0,0,1,0,5.523,1.12,0.06,0.26,0.72,0.7,51.24,0.45,0.02,11.45,0.51,4.364236,-0.14,0.02,0.13,0.03,11.3,0.71,1.39,0.25,0.19,1315037,1,0,1,1.558,0.86,0.06,0.26,0.41,0.64,62.33,0.42,-0.02,-48.19,0.55,4.902516,-0.22,0.15,0.11,0.24,10.93,0.62,2.44,0.17,0.17,5668856,1,0,-0.481984429,-0.526785714,0.444444444,0.728571429,0.12145749,0.091725215,-0.022222222,-5,0.833187773,0.019607843,0.083404747,-1.071428571,-0.5,-1.307692308,-0.333333333,0.011504425,0.028169014,-0.302158273,-0.88,-1.263157895,-0.409481254,0,0
0,2017,8.592,1.01,0.17,0.36,3.15,0.27,29.82,0.49,0,60.33,0.34,1.463219,0.44,0.04,0.06,0.1,10.17,0.38,0.32,0.04,0.16,708934,1,0,1,1,0,0,1,0,0,0.747,0.95,0.17,0.36,2.86,0.33,28.77,0.42,-0.02,60.77,0.3,1.70477,0.39,0.02,0.05,0.06,10.15,0.41,0.35,0.02,0.12,442358,1,0,0,0.869,0.95,0.17,0.36,2.42,0.39,31.8,0.49,-0.02,88.05,0.34,1.818799,0.33,0.05,0.06,0.11,10.18,0.45,0.41,0.05,0.14,898729,1,0,10.50200803,0.063157895,0.101398601,-0.181818182,-0.115942029,0.03649635,0.166666667,-1,-0.007240415,0.133333333,-0.141691255,0.128205128,1,0.2,0.666666667,0.001970443,-0.073170732,-0.085714286,1,0.333333333,0.602625023,0,0
0,2017,7.107,1.07,0.05,0.39,1.8,1.56,94.29,0.37,0.02,5.22,0.54,6.643439,0.15,-0.02,0.11,-0.03,12.22,0.68,0.56,0.04,0.16,-3142704,0,0,0,0,0,0,0,0,0,1.518,0.77,0.05,0.39,1.55,1.32,74.12,0.51,-0.08,5.15,0.39,6.891506,0.1,-0.1,0.02,-0.16,12.19,0.65,0.65,-0.06,0.03,-14085000,0,1,0,8.469,1.05,0.05,0.39,1.45,0.81,68.23,0.43,0.02,26.23,0.43,7.626687,0.09,-0.03,0.15,-0.05,12.22,0.56,0.69,0.05,0.27,-3880000,0,0,3.681818182,0.38961039,0.161290323,0.181818182,0.155913978,0.272126282,-0.274509804,-1.25,0.013592233,0.384615385,-0.035996051,0.5,-0.8,4.5,-0.8125,0.002461034,0.046153846,-0.138461538,-1.666666667,4.333333333,-0.776875825,0,0
0,2021,6.35,1.02,0.09,0.29,1.65,-0.66,51.28,0.47,0.02,-3.13,0.79,15.580958,0.17,0.09,0.15,2183486300,12.76,-1.18,0.61,0.09,3722678600,21834863,0,0,0,0,1,1,0,0,0,4.048,0.96,0.09,0.29,0.27,-0.84,2.34,0.48,-0.04,-3.88,0.81,15.404354,-0.34,0.2,0.04,3045415800,12.31,-2.29,3.75,0.2,643647400,30454158,0,0,0,8.113,1.06,0.09,0.29,1.91,-0.59,50.35,0.44,0.05,1.42,0.95,18.072688,0.2,0.15,0.23,3603985400,12.79,-0.92,0.53,0.15,5723638400,36039854,0,0,0.568675889,0.0625,5.111111111,-0.214285714,-0.228571429,20.91452991,-0.020833333,-1.5,-0.193298969,-0.024691358,0.011464551,-1.5,-0.55,2.75,-0.283025228,0.036555646,-0.484716157,-0.837333333,-0.55,4.783723511,-0.283025228,1,1
0,2021,2.778,1,0.23,0.25,-9.75,0.09,70.78,0.34,0,0.12,0.39,5.352824,0.62,0.35,0.09,11.18,11.51,0.03,-0.1,0.35,2.96,24329309,0,0,0,0,1,0,1,0,0,7.532,1.39,0.23,0.25,1.8,0.16,20.96,0.3,0.1,-0.34,0.36,5.383178,0.13,0.37,0.39,1.31,11.35,0.28,0.55,0.37,1.39,21783418,0,0,0,8.476,1.7,0.23,0.25,0.66,0.11,68.87,0.29,0.09,-0.04,0.35,5.534122,-0.24,0.2,0.25,0.26,11.71,0.75,1.51,0.2,0.34,16834789,1,0,-0.631173659,-0.28057554,-6.416666667,-0.4375,-0.923076923,2.376908397,0.133333333,-1,-1.352941176,0.083333333,-0.005638677,3.769230769,-0.054054054,-0.769230769,7.534351145,0.014096916,-0.892857143,-1.181818182,-0.054054054,1.129496403,0.116872889,0,0
0,2011,4.432,4.07,0.05,0.28,0.99,0.11,48.63,0.8,0.65,15.06,0.52,16.91753,-0.01,0,0.42,-0.01,13.64,0.87,1.01,0.43,0.48,-2585460,1,0,0,0,0,0,0,1,0,0.155,0.27,0.05,0.28,1,0.1,45.87,0.65,-0.17,4.04,0.5,16.151941,0,0.02,-0.08,0.02,13.63,0.87,1,-0.07,-0.09,10925317,1,1,1,1.458,0.43,0.05,0.28,1,0.08,65.54,0.61,-0.18,30.23,0.51,10.221947,0,-0.02,-0.09,-0.03,13,0.78,1,-0.09,-0.12,-6496699,0,1,27.59354839,14.07407407,-0.01,0.1,0.053929122,0.060170046,0.230769231,-4.823529412,2.727722772,0.04,0.047399195,-1,-1,-6.25,-1.5,0.000733676,0,0.01,-7.142857143,-6.333333333,-1.236648511,0,0
0,2010,8.097,1.29,0.21,0.4,0.2,0.51,50.66,0.31,0.03,-3.46,0.51,7.949761,-0.69,0,0.09,0,12.28,0.91,4.94,0.04,0.1,676841,1,0,0,0,1,0,0,0,0,7.197,1.52,0.21,0.4,0.18,0.55,55.88,0.31,0.04,-4.94,0.49,7.853624,-0.72,0.05,0.1,0.05,12.4,0.92,5.46,0.05,0.11,8293361,1,0,0,7.77,1.16,0.21,0.4,2.62,30.8,55.59,0.33,0.01,1.7,0.57,6.918967,0.11,-0.93,0.06,-0.96,12.41,0.97,0.38,0.02,0.06,-158543919,0,0,0.125052105,-0.151315789,0.111111111,-0.072727273,-0.169086251,-0.09341446,0,-0.25,-0.299595142,0.040816327,0.0122411,-0.041666667,-1,-0.1,-1,-0.009677419,-0.010869565,-0.095238095,-0.2,-0.090909091,-0.918387611,0,0
0,2011,6.568,1,0.04,0.23,1.69,-0.14,36.8,0.41,0,0.32,0.53,6.83356,0.13,0,0.08,0.05,11.37,0.06,0.59,0.01,1.21,204057,1,0,0,0,1,0,0,0,0,2.131,0.97,0.04,0.23,1.72,-0.08,37.26,0.35,-0.01,0.35,0.58,7.363739,0.13,-0.01,0.06,-0.06,11.42,0.11,0.58,-0.01,0.5,-443370,1,1,0,1.702,0.95,0.04,0.23,1.77,0,45.8,0.4,-0.02,0.55,0.58,7.429682,0.13,0.02,0.05,0.11,11.49,0.17,0.57,-0.03,0.28,1288953,1,1,2.08212107,0.030927835,-0.01744186,0.75,-0.416666667,-0.012345679,0.171428571,-1,-0.085714286,-0.086206897,-0.071998614,0,-1,0.333333333,-1.833333333,-0.004378284,-0.454545455,0.017241379,-2,1.42,-1.460240882,0,0
0,2017,2.847,0.83,0.06,0.3,7.45,0.05,285.44,0.27,-0.18,-0.95,0.66,10.4248,0.59,0.03,-0.1,0.2,13.86,0.13,0.13,0.08,-0.77,18716000,0,0,0,0,0,0,1,0,0,4.227,0.92,0.06,0.3,10.06,0.05,253.75,0.25,-0.08,-2.87,0.66,10.4523,0.59,0.1,-0.03,0.89,13.8,0.11,0.1,0.1,-0.25,65379000,0,0,0,0.962,0.95,0.06,0.3,9.81,0.05,251.02,0.24,-0.05,-2.54,0.69,9.3488,0.63,0.11,0.01,0.95,13.7,0.11,0.1,0.12,0.08,67389000,0,0,-0.326472676,-0.097826087,-0.25944334,0,0.25,0.1248867,0.08,1.25,-0.668989547,0,-0.002631,0,-0.7,2.333333333,-0.775280899,0.004347826,0.181818182,0.3,-0.2,2.08,-0.713730709,0,0
0,2015,8.153,1.13,0.05,0.24,1.97,0.03,48.1,0.42,0.05,0.62,0.61,18.995212,0.13,-0.92,0.21,-5.76,12.43,0.16,0.51,0.15,1.33,-160737685,0,0,0,0,0,0,0,1,0,5.691,1.03,0.05,0.24,2.01,0.02,50.24,0.41,0.02,11.32,0.6,17.649179,0.13,0.63,0.07,4.17,13.16,0.15,0.5,0.02,0.5,227856239,0,0,1,6.752,1.06,0.05,0.24,1.85,1.96,47.68,0.41,0.01,10.66,0.59,18.018592,0.14,-0.07,0.1,-0.1,12.9,0.72,0.54,0.06,0.13,-19371190,0,0,0.432612898,0.097087379,-0.019900498,0.5,0.055555556,-0.042595541,0.024390244,1.5,-0.945229682,0.016666667,0.07626604,0,-2.46031746,2,-2.381294964,-0.055471125,0.066666667,0.02,6.5,1.66,-1.705434645,0,0
0,2021,8.285,1.46,0.01,0.19,1.26,12.26,47.46,0.49,0.03,56.67,0.81,4.199658,0.06,0.03,0.06,0.04,11.83,0.94,0.79,0.09,0.06,3265948,0,0,0,0,1,0,0,1,0,7.819,2.22,0.01,0.19,1.23,31.29,49.54,0.47,0.04,66,0.77,4.425134,0.05,-0.23,0.06,-0.23,11.81,0.98,0.81,0.05,0.06,-21237074,0,0,1,5.839,1.29,0.01,0.19,1.5,2.07,50.26,0.44,0.08,48.94,0.83,4.589484,0.1,-0.02,0.13,-0.03,11.77,0.74,0.67,0.08,0.18,-1713127,0,0,0.059598414,-0.342342342,0.024390244,-0.608181528,-0.602716469,-0.041986274,0.042553191,-0.25,-0.141363636,0.051948052,-0.050953485,0.2,-1.130434783,0,-1.173913043,0.00169348,-0.040816327,-0.024691358,0.8,0,-1.153785215,0,0
0,2021,1.475,0.55,0.02,0.26,0.43,0.61,50.88,0.46,-0.18,22.72,0.4,6.728054,-0.3,-0.05,-0.06,-0.07,12.97,0.71,2.31,-0.05,-0.09,-13992326,1,1,1,0,0,0,0,0,0,0.15,0.5,0.02,0.26,0.5,0.59,72.03,0.5,-0.27,20.61,0.34,5.838307,-0.24,-0.09,-0.1,-0.14,13,0.67,2.01,-0.09,-0.14,-28497178,1,1,0,0.148,0.81,0.02,0.26,0.66,0.47,65.61,0.44,-0.12,16.6,0.34,5.360579,-0.12,-0.02,-0.02,-0.03,12.96,0.56,1.51,-0.02,-0.03,-4642979,1,1,8.833333333,0.1,-0.14,0.033898305,0.185365854,-0.293627655,-0.08,-0.333333333,0.102377487,0.176470588,0.152398118,0.25,-0.444444444,-0.4,-0.5,-0.002307692,0.059701493,0.149253731,-0.444444444,-0.357142857,-0.508992575,0,0
0,2015,1.465,0.89,0.04,0.28,1.56,1.03,61.38,0.43,-0.08,21.78,0.87,51.357177,0.07,-0.02,0,-0.03,15.27,0.57,0.64,0.02,0,-50032000,0,0,0,1,0,0,0,1,0,3.613,0.97,0.04,0.28,1.22,0.9,56.29,0.42,-0.02,22.23,0.85,49.419384,0.03,0.03,0.04,0.06,15.27,0.55,0.82,0.03,0.06,97189000,0,0,1,4.12,0.97,0.04,0.28,1.55,1.02,58.35,0.43,-0.02,23.24,0.84,49.174728,0.07,0.1,0.04,0.17,15.23,0.56,0.64,0.02,0.07,270843000,0,0,-0.59451979,-0.082474227,0.278688525,0.144444444,0.056451613,0.090424587,0.023809524,3,-0.020242915,0.023529412,0.039211193,1.333333333,-1.666666667,-1,-1.5,0,0.036363636,-0.219512195,-0.333333333,-1,-1.514790769,0,0
0,2012,2.527,0.96,0.17,0.41,3.74,0.56,56.48,0.4,-0.02,41.82,0.57,8.261844,0.31,0.03,0,0.06,11.94,0.43,0.27,0.03,0.01,2918990,0,0,1,0,0,1,0,0,0,1.361,0.94,0.17,0.41,3.62,0.61,47.62,0.43,-0.02,36.65,0.57,8.421666,0.28,0,0,0,11.92,0.44,0.28,0,0,152878,0,0,0,7.25,1,0.17,0.41,3.92,0.62,53.18,0.4,0,40.02,0.58,8.27122,0.3,0.02,0.03,0.05,11.92,0.45,0.26,0.02,0.08,2449440,0,0,0.856722998,0.021276596,0.033149171,-0.081967213,-0.05,0.186056279,-0.069767442,0,0.14106412,0,-0.01897748,0.107142857,3,0,6,0.001677852,-0.022727273,-0.035714286,3,1,18.09359097,0,0
0,2016,7.836,1.06,0.03,0.32,1.55,1.14,37.09,0.36,0.04,33.26,0.7,13.326434,0.06,0.02,0.04,0.04,13.44,0.59,0.64,0.03,0.07,11942723,0,0,0,0,0,0,0,0,1,8.487,1.04,0.03,0.32,1.57,1.27,41.09,0.37,0.02,23.75,0.63,13.356009,0.06,-0.01,0.03,-0.02,13.43,0.61,0.64,0.03,0.05,-4856156,0,0,1,4.592,1.03,0.03,0.32,1.26,1.17,39.24,0.38,0.02,20.42,0.67,13.834787,0.03,-0.04,0.03,-0.08,13.43,0.6,0.79,0.04,0.04,-21158464,0,0,-0.07670555,0.019230769,-0.012738854,-0.102362205,-0.083870968,-0.097347286,-0.027027027,1,0.400421053,0.111111111,-0.002214359,0,-3,0.333333333,-3,0.000744602,-0.032786885,0,0,0.4,-3.459295583,0,0
0,2009,3.827,0.91,0.04,0.31,2.34,2.46,57.28,0.36,-0.02,32.53,0.51,11.540043,0.17,-0.71,0.09,-0.95,12.34,0.75,0.43,0.04,0.11,-113619151,0,0,0,0,0,0,1,0,0,7.003,1,0.04,0.31,2.47,0.64,58.34,0.36,0,24.88,0.5,10.588361,0.09,0.02,0.06,0.04,12.87,0.43,0.41,-0.01,0.13,4964455,0,1,0,3.608,0.97,0.04,0.31,1.66,0.59,67.65,0.39,-0.03,13.79,0.5,9.565152,0.06,0.01,0.04,0.03,12.83,0.43,0.6,0.01,0.09,2937689,0,0,-0.45351992,-0.09,-0.052631579,2.84375,2.96,-0.018169352,0,-2,0.307475884,0.02,0.089880011,0.888888889,-36.5,0.5,-24.75,-0.041181041,0.744186047,0.048780488,-5,-0.153846154,-23.88653055,0,0
0,2009,0.038,0.08,0.07,0.24,1.76,0.03,43.77,0.44,-0.32,25.57,0.63,6.070635,0.25,0.04,-0.48,0.13,11.41,0.35,0.57,0.02,-1.38,2785157,0,0,0,0,0,0,0,0,1,0.07,0.42,0.07,0.24,1.71,0.02,45.29,0.4,-0.18,39.77,0.62,5.520542,0.24,-0.1,-0.25,-0.27,11.35,0.35,0.59,0.18,-0.71,-5620831,0,0,1,0.067,0.48,0.07,0.24,1.67,0.03,51.26,0.41,-0.21,28.39,0.56,5.464824,0.25,0,-0.21,0,11.55,0.39,0.6,0.02,-0.54,0,0,0,-0.457142857,-0.80952381,0.029239766,0.5,0,-0.033561493,0.1,0.777777778,-0.357053055,0.016129032,0.099644745,0.041666667,-1.4,0.92,-1.481481481,0.005286344,0,-0.033898305,-0.888888889,0.943661972,-1.495506269,0,0
0,2021,6.099,1.05,0.19,0.21,1.24,1.25,35.2,0.36,0.02,27.03,0.54,8.945639,0.06,0.03,0.03,0.05,13.65,0.66,0.81,0.03,0.05,18148092,0,0,0,0,1,0,1,0,0,1.55,0.96,0.19,0.21,2.18,1.2,31.77,0.38,-0.02,43.5,0.56,8.928877,0.2,0.02,0,0.03,13.45,0.62,0.46,0.02,0,9556421,0,0,0,5.178,1.06,0.19,0.21,2.14,0.76,40.23,0.4,0.03,38.92,0.43,7.468596,0.22,0.03,0.04,0.05,13.19,0.54,0.47,0.03,0.07,10281836,0,0,2.93483871,0.09375,-0.431192661,0.041666667,0.181818182,0.107963488,-0.052631579,-2,-0.37862069,-0.035714286,0.00187728,-0.7,0.5,3,0.666666667,0.014869888,0.064516129,0.760869565,0.5,5,0.899046934,0,0
0,2015,0.739,0.96,0.06,0.36,3.25,0.26,43.99,0.56,-0.03,194.15,0.56,4.716747,0.42,0.03,0.03,0.09,11.23,0.36,0.31,0.04,0.08,1680062,0,0,1,1,0,0,0,0,0,3.628,0.92,0.06,0.36,4.09,0.19,44.27,0.58,-0.06,120.65,0.55,5.019336,0.39,0.03,0.01,0.12,11.05,0.27,0.24,0.03,0.02,1410848,0,0,0,0.734,0.95,0.06,0.36,3.46,0.22,48.03,0.56,-0.03,121.63,0.55,4.914138,0.38,0.06,0.03,0.2,11.06,0.31,0.29,0.06,0.08,2641364,0,0,-0.796306505,0.043478261,-0.205378973,0.368421053,0.513513514,-0.006324825,-0.034482759,-0.5,0.609200166,0.018181818,-0.060284667,0.076923077,0,2,-0.25,0.016289593,0.333333333,0.291666667,0.333333333,3,0.190817154,0,0
0,2018,5.278,1.06,0.03,0.21,1.26,0.06,65.91,0.34,0.04,-1.62,0.52,6.837875,0.05,0.05,0.09,0.23,12.15,0.24,0.79,0.05,0.39,7029610,1,0,0,0,0,0,1,0,0,6.67,1.23,0.03,0.21,0.97,0.06,70.12,0.3,0.15,-3.07,0.48,6.384607,-0.01,0.16,0.21,0.54,12.17,0.3,1.03,0.17,0.68,21854914,1,0,0,6.639,1.28,0.03,0.21,0.5,0.08,67.22,0.3,0.15,-9.45,0.48,6.671425,-0.2,0.21,0.2,0.47,12.14,0.44,2,0.17,0.44,27064873,1,0,-0.208695652,-0.138211382,0.298969072,0,-0.279069767,-0.060039932,0.133333333,-0.733333333,-0.472312704,0.083333333,0.070993876,-6,-0.6875,-0.571428571,-0.574074074,-0.001643385,-0.2,-0.233009709,-0.705882353,-0.426470588,-0.678351056,0,0
0,2020,0.376,1.1,0.06,0.3,11.88,0.39,-741.68,0.23,0.18,0,0.1,1.725546,0.68,0.09,0.07,0.26,12.11,0.33,0.08,0.09,0.21,10806145,0,0,0,0,1,0,0,0,0,3.565,1.09,0.06,0.3,11.13,0.44,-337.38,0.24,0.15,0,0.09,1.869735,0.63,0.07,0.06,0.21,12.01,0.35,0.09,0.07,0.18,8318149,0,0,0,4.501,1.09,0.06,0.3,15.4,0.32,56.61,0.25,0.14,0,0.09,1.797745,0.91,0.32,0.09,4.99,11.53,0.06,0.06,0.11,1.39,22348868,0,0,-0.894530154,0.009174312,0.067385445,-0.113636364,-0.075471698,1.198352007,-0.041666667,0.2,0,0.111111111,-0.077117346,0.079365079,0.285714286,0.166666667,0.238095238,0.008326395,-0.057142857,-0.111111111,0.285714286,0.166666667,0.299104524,0,0
0,2013,4.57,1.14,0.05,0.34,0.68,0.07,44.87,0.28,0.1,-0.38,0.64,11.619326,-0.07,0.12,0.15,0.42,12.98,0.29,1.47,0.12,0.52,36661963,1,0,0,0,1,0,1,0,0,4.508,1.25,0.05,0.34,0.41,0.09,46.4,0.28,0.15,-5.82,0.54,11.108575,-0.21,0.15,0.19,0.38,12.97,0.41,2.46,0.15,0.48,45678637,1,0,0,4.523,1.28,0.05,0.34,-0.8,0.11,49.39,0.31,0.14,-6.18,0.52,10.953399,0.91,0.41,0.52,4018567900,11.85,-0.36,-1.25,0.41,5062119800,40185679,0,0,0.013753327,-0.088,0.658536585,-0.222222222,-0.411764706,-0.032974138,0,-0.333333333,-0.934707904,0.185185185,0.045978084,-0.666666667,-0.2,-0.210526316,0.105263158,0.00077101,-0.292682927,-0.402439024,-0.2,0.083333333,-0.197393674,0,1
0,2021,7.147,0.9,0.09,0.26,0.99,-2.46,29.6,0.54,0.03,99.05,0.24,2.733295,-0.01,-0.25,0.12,-0.18,10.68,1.36,1.01,0.07,0.09,-7498805,1,0,1,1,0,0,0,1,0,1.504,1.52,0.09,0.26,5.06,-9.3,33.19,0.59,-0.06,128.97,0.19,2.667507,0.35,0.18,0.02,0.16,10.67,1.11,0.2,0.19,0.02,5436317,0,0,1,2.278,1.22,0.09,0.26,2.55,-2.97,48.63,0.59,-0.06,5.29,0.18,2.578287,0.24,-0.19,0.02,-0.13,10.28,1.43,0.39,-0.19,0.02,-3880225,0,1,3.751994681,-0.407894737,-0.804347826,-0.735483871,-0.62202381,-0.10816511,-0.084745763,-1.5,-0.231991936,0.263157895,0.024662728,-1.028571429,-2.388888889,5,-2.125,0.000937207,0.225225225,4.05,-0.631578947,3.5,-2.379390679,0,0
0,2011,7.819,1.05,0.17,0.32,1.83,0.87,58.53,0.49,0.03,21.46,0.58,9.580793,0.11,0.02,0.09,0.04,12.23,0.54,0.55,0.03,0.17,2764532,0,0,1,0,0,1,0,0,0,5.852,1.12,0.17,0.32,1.59,0.91,57.43,0.39,0.06,13.27,0.52,9.179496,0.08,0.06,0.12,0.12,12.21,0.54,0.63,0.07,0.21,8960160,0,0,0,3.389,0.99,0.17,0.32,1.09,1.08,53.31,0.46,0,8.07,0.49,8.662332,0.01,0.02,0.06,0.03,12.18,0.6,0.92,0.02,0.11,2104902,0,0,0.336124402,-0.0625,0.150943396,-0.043956044,-0.041666667,0.019153752,0.256410256,-0.5,0.617181613,0.115384615,0.04371667,0.375,-0.666666667,-0.25,-0.666666667,0.001638002,0,-0.126984127,-0.571428571,-0.19047619,-0.691463992,0,0
0,2011,8.069,1.15,0.06,0.26,2.69,0.05,41.02,0.44,0.06,1.1,0.77,5.334196,0.18,0.2,0.22,1.36,11.99,0.15,0.37,0.2,1.45,22754830,0,0,0,0,0,0,0,1,0,7.85,1.21,0.06,0.26,2.56,0.27,48.45,0.38,0.07,1.96,0.79,5.283885,0.2,0.23,0.22,0.72,11.93,0.31,0.39,0.23,0.71,24062947,0,0,1,8.366,1.22,0.06,0.26,2.28,0.66,53.81,0.39,0.05,2.19,0.91,5.407477,0.2,0.23,0.19,0.46,11.83,0.49,0.44,0.24,0.4,21525230,0,0,0.027898089,-0.049586777,0.05078125,-0.814814815,-0.608695652,-0.153353973,0.157894737,-0.142857143,-0.43877551,-0.025316456,0.009521593,-0.1,-0.130434783,0,0.888888889,0.005029338,-0.516129032,-0.051282051,-0.130434783,1.042253521,-0.054362294,0,0
0,2018,1.462,0.32,0.13,0.22,1.19,1.49,48.46,0.43,-0.09,-21.85,0.36,2.440257,0.05,-0.1,-0.13,-0.15,10.79,0.71,0.84,-0.09,-0.19,-3484880,0,1,0,0,0,0,0,1,0,3.565,0.82,0.13,0.22,1.53,1.12,44.14,0.56,-0.03,-18.63,0.26,2.765339,0.13,-0.21,0,-0.33,10.89,0.64,0.65,0.04,0,-7811189,0,0,1,2.314,0.83,0.13,0.22,1.08,0.82,40.51,0.54,-0.05,-9.99,0.28,2.67647,0.02,-0.04,-0.01,-0.07,11.14,0.56,0.92,-0.01,-0.02,-1905411,0,1,-0.589901823,-0.609756098,-0.222222222,0.330357143,0.344444444,0.097870412,-0.232142857,2,0.172839506,0.384615385,-0.117555931,-0.615384615,-0.523809524,-13,-0.545454545,-0.009182736,0.109375,0.292307692,-3.25,-19,-0.553860494,0,0
0,2009,0.105,1.82,0.02,0.5,0.41,-2.75,20.45,0.54,-0.09,0.06,0.92,9.738687,-0.31,0.04,-0.12,0.03,11.42,1.27,2.47,-0.01,-0.1,2817000,1,1,0,0,0,0,1,0,0,0.129,1.67,0.02,0.5,0.57,-2.42,29.16,0.55,-0.09,0.02,0.94,10.096136,-0.22,-0.3,-0.12,-0.22,11.32,1.35,1.75,-0.06,-0.09,-17376000,1,1,0,1.518,3.29,0.02,0.5,0.77,-12.82,30.4,0.52,-0.04,3.08,0.89,10.09181,-0.1,-0.1,0,-0.1,11.29,1.05,1.31,0.03,0,-5653000,1,0,-0.186046512,0.089820359,-0.280701754,0.136363636,0.207792208,-0.298696845,-0.018181818,0,2,-0.021276596,-0.035404535,0.409090909,-1.133333333,0,-1.136363636,0.008833922,-0.059259259,0.411428571,-0.833333333,0.111111111,-1.162120166,0,0
0,2020,0.102,0.86,0.04,0.27,1.08,0.57,53.64,0.5,-0.19,37.99,0.7,125.816646,0.01,0.07,-0.06,0.15,16.71,0.45,0.92,0.06,-0.13,852077261,0,0,0,1,0,0,0,0,1,0.17,0.9,0.04,0.27,1.01,0.65,53.57,0.46,-0.11,16.9,0.78,141.55872,0,0.09,-0.03,0.19,16.62,0.47,0.99,0.09,-0.05,1045850893,0,0,1,0.155,0.88,0.04,0.27,0.9,0.7,52.88,0.47,-0.12,15.03,0.79,137.255332,-0.01,0,-0.04,0,16.47,0.5,1.12,0,-0.07,-13502667,1,0,-0.4,-0.044444444,0.069306931,-0.123076923,-0.078651685,0.001306702,0.086956522,0.727272727,1.247928994,-0.102564103,-0.111205258,1,-0.222222222,1,-0.210526316,0.005415162,-0.042553191,-0.070707071,-0.333333333,1.6,-0.18527845,0,0
0,2013,0.171,1.09,0.12,0.61,1.46,-1.88,56.74,0.43,-0.09,-1.28,0.47,4.367979,0.06,-0.09,-0.01,-0.04,11.46,1.98,0.68,-0.06,0,-5820554,0,1,0,1,1,0,0,0,1,0.164,1.08,0.12,0.61,1.21,-1.96,51.07,0.44,-0.09,0.77,0.51,4.375483,0.03,-0.05,0,-0.03,11.47,1.88,0.82,-0.03,0,-3628423,0,1,1,0.147,1.08,0.12,0.61,1.04,-2,36.12,0.4,-0.07,-0.07,0.54,4.448871,0.01,-0.07,0,-0.04,11.43,1.86,0.96,-0.04,0,-4312173,0,1,0.042682927,0.009259259,0.20661157,-0.040816327,-0.051643192,0.111024085,-0.022727273,0,-2.662337662,-0.078431373,-0.001715011,1,0.8,-1,0.333333333,-0.00087184,0.053191489,-0.170731707,1,0,0.604155304,0,0
0,2014,2.287,0.86,0.07,0.24,3.66,1.54,58.35,0.48,-0.06,136.44,0.68,8.081602,0.33,-0.02,0,-0.03,13.04,0.66,0.27,-0.02,0,-7319816,1,1,0,0,0,0,1,0,0,7.198,1.12,0.07,0.24,3.62,1.07,66.73,0.44,0.05,104.35,0.67,7.322678,0.36,0.1,0.1,0.16,12.91,0.58,0.28,0.1,0.18,26750066,1,0,0,1.029,0.99,0.07,0.24,2.34,1.4,58.81,0.44,0,71.48,0.64,6.950663,0.22,0.06,0.08,0.09,12.83,0.65,0.43,0.06,0.13,14404467,1,0,-0.682272854,-0.232142857,0.011049724,0.439252336,0.364285714,-0.125580698,0.090909091,-2.2,0.30752276,0.014925373,0.103640226,-0.083333333,-1.2,-1,-1.1875,0.010069713,0.137931034,-0.035714286,-1.2,-1,-1.273637306,0,0
0,2016,5.851,1.52,0.02,0.2,1.92,0.99,44.09,0.33,0.08,2,0.7,10.015671,0.2,0.06,0.34,0.11,11.49,0.61,0.52,0.24,0.56,4367760,0,0,0,0,0,0,0,0,0,5.801,1.67,0.02,0.2,2.63,1.28,47.75,0.32,0.09,1.61,0.71,9.889366,0.29,-1.28,0.39,-2.01,11.4,0.64,0.38,0.26,0.61,-79368557,0,0,0,4.532,1.14,0.02,0.2,6.42,0.3,36.21,0.33,0.1,141.98,0.61,9.063571,0.41,0.13,0.17,0.46,12.23,0.29,0.16,0.13,0.58,19236538,0,0,0.008619204,-0.089820359,-0.269961977,-0.2265625,-0.124293785,-0.076649215,0.03125,-0.111111111,0.242236025,-0.014084507,0.0127718,-0.310344828,-1.046875,-0.128205128,-1.054726368,0.007894737,-0.046875,0.368421053,-0.076923077,-0.081967213,-1.055031365,0,0
0,2020,7.899,1.03,0.18,0.19,1.69,0.03,37.52,0.38,0.06,0,0.48,5.792986,0.03,0.09,0.05,1.35,12.86,0.07,0.59,0.04,0.68,24704237,0,0,0,0,0,0,0,0,0,7.818,1.05,0.18,0.19,24.29,0,34.69,0.37,0.08,0,0.47,5.63907,0.74,0.15,0.06,4.14,12.72,0.04,0.04,0.06,1.74,34614115,0,0,0,7.15,1.07,0.18,0.19,24.95,0,34.55,0.37,0.09,0,0.49,5.78278,0.7,0.02,0.09,0.56,12.55,0.03,0.04,0.07,2.76,3440053,0,0,0.010360706,-0.019047619,-0.930424043,3,0.75,0.081579706,0.027027027,-0.25,0,0.021276596,0.027294572,-0.959459459,-0.4,-0.166666667,-0.673913043,0.011006289,0.75,13.75,-0.333333333,-0.609195402,-0.286295865,0,0
0,2015,4.533,1.47,0.1,0.22,2.29,0.02,36.88,0.37,0.22,0,0.58,13.171975,0.35,0.17,0.36,0.59,12.85,0.29,0.44,0.34,1.26,45485782,0,0,0,0,1,0,1,0,0,6.601,1.33,0.1,0.22,1.51,0.01,53.74,0.4,0.14,0,0.59,13.05285,0.21,0.04,0.23,0.1,12.77,0.41,0.66,0.2,0.56,9851316,0,0,0,8.346,1.12,0.1,0.22,1.88,0.01,55.97,0.45,0.05,0,0.57,12.207341,0.2,-0.02,0.13,-0.07,12.44,0.24,0.53,0.11,0.55,-2852064,0,0,-0.313285866,0.105263158,0.516556291,1,-0.414285714,-0.313732787,-0.075,0.571428571,0,-0.016949153,0.009126359,0.666666667,3.25,0.565217391,4.9,0.006264683,-0.292682927,-0.333333333,0.7,1.25,3.617229008,0,0
0,2021,7.208,1.07,0.01,0.2,3.7,0.01,58.46,0.35,0.08,0.01,0.34,2.575423,0.22,0.17,0.12,1.97,11.77,0.09,0.27,0.16,1.34,15493052,0,0,0,0,0,0,0,0,1,4.233,0.96,0.01,0.2,1.95,0,54.78,0.35,-0.04,0.01,0.33,2.177009,0.11,0.15,0.03,1.23,11.59,0.12,0.51,0.14,0.22,11153561,0,0,1,6.598,1.13,0.01,0.2,1.55,0,46.77,0.32,0.1,0.01,0.33,2.252647,0.03,0.24,0.18,4.61,11.33,0.05,0.65,0.23,3.44,13800648,0,0,0.702811245,0.114583333,0.897435897,1,-0.285714286,0.067177802,0,-3,0,0.03030303,0.183009808,1,0.133333333,3,0.601626016,0.01553063,-0.25,-0.470588235,0.142857143,5.090909091,0.389067761,0,0
0,2017,4.422,1.84,0,0.27,3.17,0.07,50,0.18,0.46,20.21,0.39,1.046316,0.17,0.1,0.75,0.77,11.88,0.14,0.32,0.73,5.56,10543156,0,0,0,0,1,0,0,0,0,4.419,1.98,0,0.27,1.66,0.14,47.08,0.17,0.48,19.33,0.41,1.106603,0.09,0.09,0.76,0.36,11.89,0.24,0.6,0.76,3.14,8843137,0,0,0,4.417,2.07,0,0.27,1.77,0.31,46.33,0.14,0.51,51.52,0.39,1.029175,0.11,0.06,0.72,0.17,11.91,0.35,0.56,0.7,2.07,6101518,0,0,0.000678887,-0.070707071,0.909638554,-0.5,-0.5,0.06202209,0.058823529,-0.041666667,0.045525091,-0.048780488,-0.054479339,0.888888889,0.111111111,-0.013157895,1.138888889,-0.000841043,-0.416666667,-0.466666667,-0.039473684,0.770700637,0.192241622,0,0
0,2014,7.587,1.04,0.04,0.16,4.77,0.74,49.9,0.31,0.03,5.26,0.58,27.382237,0.49,0.27,0.06,0.54,14.53,0.5,0.21,0.06,0.13,383019593,0,0,0,0,0,0,0,0,1,7.139,1.14,0.04,0.16,1.93,1.61,56.45,0.34,0.05,7.38,0.55,25.845742,0.15,-0.65,0.11,-0.96,14.21,0.68,0.52,0.1,0.16,-677382100,0,0,1,8.338,1.06,0.04,0.16,0.97,-0.31,83.77,0.3,0.07,7.67,0.55,26.210698,-0.01,0.17,0.14,16663298400,14.14,-0.05,1.03,0.1,13225515900,166632984,1,0,0.062753887,-0.087719298,1.471502591,-0.540372671,-0.530516432,-0.116031887,-0.088235294,-0.4,-0.287262873,0.054545455,0.059448671,2.266666667,-1.415384615,-0.454545455,-1.5625,0.022519353,-0.264705882,-0.596153846,-0.4,-0.1875,-1.565440972,0,1
0,2011,7.625,1.04,0.03,0.26,8.84,1.42,53.6,0.46,0.01,138.19,0.36,1.278464,0.68,0.13,0.05,0.21,10.31,0.62,0.11,0.14,0.08,2682233,0,0,0,0,0,0,0,1,0,1.981,0.88,0.03,0.26,9.87,1.9,53.25,0.42,-0.02,106.46,0.41,2.002203,0.74,0.14,0.09,0.2,10.07,0.68,0.1,0.11,0.13,2242354,0,0,1,3.292,-0.26,0.03,0.26,4.78,3.36,63.49,0.48,-0.14,71.3,0.44,2.420927,0.6,0.01,-0.12,0.01,9.99,0.81,0.21,0.03,-0.15,172078,0,0,2.849066128,0.181818182,-0.104356636,-0.252631579,-0.236111111,0.00657277,0.095238095,-1.5,0.298046215,-0.12195122,-0.361471339,-0.081081081,-0.071428571,-0.444444444,0.05,0.023833168,-0.088235294,0.1,0.272727273,-0.384615385,0.196168402,0,0
0,2018,4.424,1.5,0.15,0.31,2.63,0.05,40.83,0.34,0.35,0.55,0.6,5.627881,0.11,0.11,0.5,0.95,11.79,0.11,0.38,0.45,4.41,9905664,0,0,0,0,0,0,0,0,0,4.422,1.5,0.15,0.31,2.29,0.07,36.46,0.34,0.33,0.58,0.54,5.36642,0.1,0.03,0.5,0.22,11.68,0.14,0.44,0.46,3.66,2418856,0,0,0,4.428,1.43,0.15,0.31,2.39,0.07,38.45,0.34,0.29,0.58,0.48,5.090274,0.1,0.12,0.44,0.93,11.64,0.13,0.42,0.39,3.43,9438596,0,0,0.000452284,0,0.148471616,-0.285714286,-0.1875,0.119857378,0,0.060606061,-0.051724138,0.111111111,0.04872168,0.1,2.666666667,0,3.318181818,0.009417808,-0.214285714,-0.136363636,-0.02173913,0.204918033,3.095185493,0,0
0,2021,1.455,1.77,0.06,0.3,0.6,-0.43,117.55,0.42,-0.16,3.41,0.89,5.631113,-0.49,0,-0.28,0,10.34,1.39,1.67,-0.3,-0.2,0,1,1,0,0,1,0,0,0,0,1.464,1.74,0.06,0.3,0.6,-0.43,122.72,0.42,-0.16,3.56,0.89,5.394013,-0.49,-0.49,-0.27,-0.35,10.34,1.39,1.67,-0.29,-0.19,-10568473,1,1,0,1.474,-1.17,0.06,0.3,0.92,1.81,192.56,0.42,-0.23,37.65,0.19,0.285884,-0.06,-0.21,-0.18,-0.24,10.35,0.9,1.09,-0.2,-0.2,-4668323,1,1,-0.006147541,0.017241379,0,0,0,-0.042128422,0,0,-0.042134831,0,0.043956142,0,-1,0.037037037,-1,0,0,0,0.034482759,0.052631579,-1,0,0
0,2011,6.636,1.16,0.21,0.33,2.93,-0.52,50.98,0.37,0.15,-5.06,0.33,8.813635,0.21,0.16,0.37,1282088600,11.68,-0.88,0.34,0.3,3047711900,12820886,0,0,0,0,1,1,0,0,0,6.641,1.17,0.21,0.33,4.24,-0.65,52.62,0.28,0.15,-3.98,0.31,8.281456,0.37,1.02,0.54,5764620700,11.31,-1.5,0.24,0.43,3058709400,57646207,0,0,0,4.541,1.54,0.21,0.33,4.76,-0.38,45.45,0.26,0.29,-6.59,0.31,8.088594,0.33,0.61,0.88,3444180100,11.31,-0.47,0.21,0.59,5010315900,34441801,0,0,-0.000752899,-0.008547009,-0.308962264,-0.2,-0.216666667,-0.031166857,0.321428571,0,0.271356784,0.064516129,0.064261526,-0.432432432,-0.843137255,-0.314814815,-0.777593589,0.032714412,-0.413333333,0.416666667,-0.302325581,-0.003595471,-0.777593589,1,1
0,2021,3.607,1.19,0.01,0.21,1,-3.29,70.64,0.36,-0.06,16.09,0.15,0.479798,0,-0.12,0,-0.09,10.56,1.32,1,0,0,-3133075,0,1,0,0,1,0,0,0,0,2.817,1.46,0.01,0.21,0.94,-4.76,76.77,0.34,-0.12,33.99,0.09,0.140001,-0.02,-0.01,-0.02,0,10.61,1.19,1.07,-0.01,-0.02,-157065,1,1,0,1.877,1.01,0.01,0.21,0.61,-4.58,70.88,0.27,0,3.89,0.12,0.144003,-0.12,0,0.09,0,10.58,1.19,1.64,0,0.07,0,1,1,0.280440185,-0.184931507,0.063829787,-0.308823529,-0.332258065,-0.079848899,0.058823529,-0.5,-0.526625478,0.666666667,2.427104092,-1,11,-1,-9,-0.004712535,0.109243697,-0.065420561,-1,-1,18.94763315,0,0
0,2017,0.036,1.69,0.23,0.22,0.92,-1.04,43.86,0.51,-0.41,-15.79,0.42,4.161504,-0.08,-1.83,-1.12,-0.62,10.83,2.95,1.09,-1.25,-0.38,-64269551,1,1,0,0,0,0,1,0,0,2.305,2.18,0.23,0.22,2.23,-14.06,38.98,0.46,-0.04,-10.65,0.46,4.338923,0.34,-0.06,0.03,-0.06,11.59,1.06,0.45,-0.01,0.03,-4652254,0,1,0,2.358,-18.65,0.23,0.22,1.84,131.49,48.51,0.45,-0.07,0,0.35,4.473941,0.27,0.01,0,0.01,11.77,0.99,0.54,-0.03,0,592434,0,1,-0.984381779,-0.224770642,-0.587443946,-0.926031294,-0.920568122,0.125192406,0.108695652,9.25,0.482629108,-0.086956522,-0.040890101,-1.235294118,29.5,-38.33333333,9.333333333,-0.06557377,1.783018868,1.422222222,124,-13.66666667,12.8147124,0,0
0,2018,7.606,1.12,0.07,0.26,2.18,0.01,66.83,0.32,0.11,1.56,0.36,8.906585,0.12,0.05,0.15,0.45,12.53,0.11,0.46,0.12,1.35,9355182,1,0,0,0,1,0,1,0,0,7.823,1.09,0.07,0.26,1.83,0.01,51.97,0.32,0.08,6.89,0.35,8.61049,0.09,0.01,0.12,0.12,12.48,0.11,0.55,0.1,1.12,2343029,1,0,0,7.19,1.11,0.07,0.26,2,0.01,52.98,0.31,0.09,3.27,0.38,9.256524,0.1,0.03,0.14,0.24,12.46,0.11,0.5,0.12,1.3,4754045,1,0,-0.027738719,0.027522936,0.191256831,0,-0.076923077,0.285934193,0,0.375,-0.773584906,0.028571429,0.034387706,0.333333333,4,0.25,2.75,0.00400641,0,-0.163636364,0.2,0.205357143,2.992772603,0,0
0,2020,4.059,-0.52,0.1,0.25,1.09,0.32,89.18,0.44,-0.11,0.03,0.28,0.972351,0.07,-0.04,-0.27,-0.05,9.94,0.78,0.92,-0.12,-0.35,-578290,0,1,0,0,1,0,1,0,0,4.127,-0.21,0.1,0.25,1.12,0.32,108.63,0.43,-0.1,-1.58,0.27,0.948014,0.09,0.06,-0.27,0.07,9.96,0.74,0.9,-0.28,-0.37,811964,0,1,0,4.244,-0.03,0.1,0.25,1.07,0.32,76.08,0.44,-0.07,0.8,0.21,0.726504,0.05,0.22,-0.11,0.29,9.77,0.76,0.94,-0.23,-0.15,2651632,0,1,-0.01647686,1.476190476,-0.026785714,0,0.206896552,-0.179048145,0.023255814,0.1,-1.018987342,0.037037037,0.025671562,-0.222222222,-1.666666667,0,-1.714285714,-0.002008032,0.054054054,0.022222222,-0.571428571,-0.054054054,-1.712211379,0,0
0,2010,8.422,0.97,0.07,0.19,0.33,0.32,51.91,0.42,0.01,0,0.46,7.445185,-0.98,0.03,0.09,0.02,11.19,1.46,3.06,0.03,0.06,1429184,0,0,0,0,1,1,0,0,0,4.12,1.24,0.07,0.19,-1.11,0.32,51.48,0.42,-0.05,347.03,0.49,7.487204,-584.13,918.83,-26.2,3.32,4.85,276.87,-0.9,-54.29,-0.09,81924862,0,1,0,4.28,1.08,0.07,0.19,-4.73,0.32,75.86,0.42,-0.08,-211.4,0.52,7.93024,-13031080300,-674918400,-457346600,-0.3,-11.15,2273393300,-0.21,-719760900,-0.2,-6749184,0,1,1.044174757,-0.217741935,-1.297297297,0,2.17,0.008352758,0,-1.2,-1,-0.06122449,-0.005612108,-0.998322291,-0.99996735,-1.003435115,-0.993975904,1.307216495,-0.994726767,-4.4,-1.000552588,-1.666666667,-0.982554942,0,0
0,2010,8.014,1,0.05,0.27,1.47,0.39,31.6,0.41,0,38.52,0.81,22.518202,0.06,0.07,0.05,0.2,14.13,0.37,0.68,0.07,0.13,70044801,0,0,0,0,0,0,1,0,0,8.345,1.03,0.05,0.27,1.74,0.46,36.32,0.39,0.02,52.21,0.83,22.521263,0.1,0.14,0.07,0.34,14.06,0.4,0.57,0.11,0.17,122764621,0,0,0,3.814,0.96,0.05,0.27,1.51,0.65,25.68,0.41,-0.03,48.88,0.83,22.343132,0.07,-0.09,0.03,-0.2,13.94,0.48,0.66,-0.09,0.07,-75047171,0,1,-0.03966447,-0.029126214,-0.155172414,-0.152173913,-0.132352941,-0.129955947,0.051282051,-1,-0.262210305,-0.024096386,-0.000135916,-0.4,-0.5,-0.285714286,-0.411764706,0.004978663,-0.075,0.192982456,-0.363636364,-0.235294118,-0.429438217,0,0
0,2016,4.577,1.07,0.06,0.3,3.1,0.19,39.13,0.25,0.16,0.01,0.09,0.745226,0.06,0.06,0.07,0.3,12.34,0.18,0.32,0.06,0.38,8832981,0,0,0,0,1,0,0,0,0,4.591,1.06,0.06,0.3,0.43,0.22,48.73,0.26,0.15,0.01,0.09,0.748075,-0.02,0.05,0.07,0.26,12.29,0.2,2.31,0.05,0.33,7992230,1,0,0,4.502,1.07,0.06,0.3,-2.43,0.24,67.36,0.26,0.17,-6.61,0.11,0.706388,-0.08,0.01,0.07,0.07,12.24,0.21,-0.41,0.07,0.34,2104973,1,0,-0.003049445,0.009433962,6.209302326,-0.136363636,-0.115384615,-0.197003899,-0.038461538,0.066666667,0,0,-0.003808442,-4,0.2,0,0.153846154,0.004068348,-0.1,-0.861471861,0.2,0.151515152,0.105196047,0,0
0,2013,1.484,0.82,0.27,0.19,2.15,2.65,39.61,0.38,-0.05,0.01,0.72,10.595354,0.07,-0.02,0,-0.02,12.78,0.74,0.46,-0.03,0,-3826068,0,1,0,0,0,0,0,1,0,1.482,0.86,0.27,0.19,1.52,2.55,38.19,0.4,-0.05,0.02,0.7,9.382316,0.03,-0.06,0.01,-0.08,12.8,0.73,0.66,-0.03,0.02,-14932669,0,1,1,3.9,0.97,0.27,0.19,1.8,2.13,42.43,0.39,-0.02,7.83,0.68,8.135909,0.04,0.38,0.02,0.55,12.88,0.7,0.56,0,0.03,104450895,0,1,0.001349528,-0.046511628,0.414473684,0.039215686,0.054744526,0.037182509,-0.05,0,-0.5,0.028571429,0.129289826,1.333333333,-0.666666667,-1,-0.75,-0.0015625,0.01369863,-0.303030303,0,-1,-0.743778691,0,0
0,2019,4.464,1.76,0.04,0.39,2.49,0.22,63.3,0.42,0.31,18.09,0.17,0.417644,0.24,0.07,0.59,0.21,11.11,0.31,0.4,0.53,1.9,3082349,0,0,0,0,1,0,0,0,0,4.473,1.75,0.04,0.39,2,0.26,64.06,0.42,0.27,7.02,0.27,0.502597,0.2,0.08,0.55,0.22,11.09,0.36,0.5,0.48,1.51,3619672,0,0,0,4.495,1.9,0.04,0.39,1.87,0.47,66.41,0.42,0.29,5.15,0.34,0.553154,0.18,0.07,0.56,0.15,11.12,0.46,0.53,0.47,1.23,3273087,0,0,-0.002012072,0.005714286,0.245,-0.153846154,-0.210526316,-0.011863878,0,0.148148148,1.576923077,-0.37037037,-0.169028068,0.2,-0.125,0.072727273,-0.045454545,0.001803427,-0.138888889,-0.2,0.104166667,0.258278146,-0.148445218,0,0
0,2020,2.28,0.77,0.03,0.31,1.85,0.32,48.51,0.55,-0.15,143.76,0.46,3.017537,0.24,0.05,-0.05,0.1,11.78,0.46,0.54,0.08,-0.12,4140585,0,0,1,0,0,0,0,1,0,1.501,0.7,0.03,0.31,2.01,0.39,48.51,0.53,-0.17,55.07,0.54,3.702797,0.21,-0.08,-0.1,-0.19,11.64,0.43,0.5,-0.08,-0.24,-6541113,0,1,1,1.477,0.75,0.03,0.31,4.54,0.39,38.13,0.53,-0.18,77.42,0.55,3.938555,0.33,-0.03,-0.09,-0.09,11.64,0.35,0.22,-0.03,-0.24,-2603125,0,1,0.518987342,0.1,-0.07960199,-0.179487179,0.118421053,0,0.037735849,-0.117647059,1.610495733,-0.148148148,-0.185065506,0.142857143,-1.625,-0.5,-1.526315789,0.012027491,0.069767442,0.08,-2,-0.5,-1.633009245,0,0
0,2009,5.936,1.01,0.04,0.24,-1.24,0.17,42.48,0.33,0.01,39.73,0.69,13.838889,0.18,0.01,0.05,0.1,13.14,0.08,-0.81,0.04,0.63,2698607,0,0,0,0,0,0,0,1,0,5.099,1.01,0.04,0.24,0.04,0.2,42.82,0.33,0.01,29.76,0.61,12.14352,0.16,0.98,0.06,44.21,13.07,0.02,26.47,0.08,2.59,322884393,0,0,1,4.433,2.25,0.04,0.24,-0.68,0.32,48.51,0.29,0.28,82.04,0.55,13.561718,0.14,0,0.27,0,13.27,1,-1.47,0.21,0.27,0,0,0,0.164149833,0,-32,-0.15,3.5,-0.007940215,0,0,0.335013441,0.131147541,0.139611002,0.125,-0.989795918,-0.166666667,-0.997738068,0.005355777,3,-1.03060068,-0.5,-0.756756757,-0.991642188,0,0
0,2017,2.839,0.92,0.03,0.4,1.47,1.44,52.39,0.5,-0.03,17.06,0.62,18.11714,0.09,-0.03,0.06,-0.04,13.61,0.67,0.68,-0.01,0.09,-16196263,0,1,0,0,0,0,0,1,0,6.603,1.04,0.03,0.4,2.23,1.62,23.34,0.48,0.02,58.05,0.58,17.672681,0.11,0.01,0.1,0.01,13.64,0.65,0.45,0.03,0.16,4130380,0,0,1,7.536,1.06,0.03,0.4,0.84,1.48,54.83,0.5,0.03,2.21,0.58,17.549303,-0.03,0.02,0.06,0.03,13.69,0.68,1.2,0.04,0.09,13788568,1,0,-0.570043919,-0.115384615,-0.340807175,-0.111111111,0.090909091,1.244644387,0.041666667,-2.5,-0.706115418,0.068965517,0.025149495,-0.181818182,-4,-0.4,-5,-0.002199413,0.030769231,0.511111111,-1.333333333,-0.4375,-4.921252524,0,0
0,2021,4.136,0.94,0.2,0.27,-0.6,0.41,67.16,0.51,-0.07,65.22,0.63,12.598007,0.37,0.11,0.02,0.85,13.06,0.12,-1.68,0.14,0.13,34312088,0,0,0,1,0,0,0,0,0,2.9,0.89,0.2,0.27,-2.88,0.53,67.24,0.56,-0.11,113.58,0.57,11.736673,0.32,0.07,-0.01,0.26,13.14,0.29,-0.35,0.07,-0.04,26500919,0,0,0,2.347,0.82,0.2,0.27,3.1,0.38,61.92,0.62,-0.16,23.55,0.6,12.056424,0.08,-0.02,-0.05,-0.07,13.04,0.3,0.32,-0.04,-0.16,-7253174,0,1,0.426206897,0.056179775,-0.791666667,-0.226415094,-0.658536585,-0.001189768,-0.089285714,-0.363636364,-0.425779186,0.105263158,0.073388259,0.15625,0.571428571,-3,2.269230769,-0.00608828,-0.586206897,3.8,1,-4.25,0.294750873,0,0
0,2018,2.328,0.81,0.04,0.47,1.97,0.41,46.95,0.54,-0.05,23.46,0.37,2.941835,0.23,0.04,-0.02,0.09,11.41,0.46,0.51,0.07,-0.04,2514975,0,0,0,0,0,0,0,0,0,2.289,0.69,0.04,0.47,1.75,0.48,48.32,0.58,-0.09,16.79,0.44,3.198647,0.19,-0.07,-0.08,-0.15,11.4,0.5,0.57,-0.06,-0.15,-4481230,0,1,0,1.544,0.63,0.04,0.47,1.61,0.47,64.37,0.6,-0.11,14.78,0.44,3.21264,0.16,-0.08,-0.11,-0.15,11.54,0.5,0.62,-0.05,-0.21,-5484864,0,1,0.017038008,0.173913043,0.125714286,-0.145833333,-0.131313131,-0.028352649,-0.068965517,-0.444444444,0.397260274,-0.159090909,-0.080287697,0.210526316,-1.571428571,-0.75,-1.6,0.000877193,-0.08,-0.105263158,-2.166666667,-0.733333333,-1.561224262,0,0
0,2012,0.797,0.96,0.06,0.32,6.66,0.17,65.01,0.61,-0.04,218.23,0.57,8.406355,0.47,0.01,0.02,0.04,12.59,0.22,0.15,0,0.1,1761127,0,1,1,0,0,0,0,0,0,5.412,1.03,0.06,0.32,6.32,0.08,60.73,0.56,0.03,231.16,0.61,8.578485,0.51,0.05,0.08,0.3,12.51,0.17,0.16,0.05,0.5,9439556,0,0,0,8.453,1.02,0.06,0.32,4.58,0.09,47.99,0.43,0.02,232.62,0.59,7.674587,0.46,0.06,0.08,0.31,12.49,0.2,0.22,0.05,0.39,11340510,0,0,-0.852734664,-0.067961165,0.053797468,1.125,0.4,0.070475877,0.089285714,-2.333333333,-0.055935283,-0.06557377,-0.020065315,-0.078431373,-0.8,-0.75,-0.866666667,0.006394884,0.294117647,-0.0625,-1,-0.8,-0.813431161,0,0
0,2017,0.14,0.78,0.05,0.29,2.31,0.34,61.15,0.64,-0.18,2.2,0.52,16.954303,0.14,0.02,-0.09,0.05,13.17,0.33,0.43,0.02,-0.28,6172210,0,0,0,0,0,0,0,0,0,0.11,0.75,0.05,0.29,2.11,0.4,54.4,0.63,-0.2,3.26,0.55,17.36359,0.14,0.01,-0.11,0.03,13.21,0.38,0.47,0.01,-0.28,4358465,0,0,0,0.088,0.78,0.05,0.29,2.77,0.43,57.13,0.61,-0.18,30.5,0.57,17.362367,0.17,0,-0.12,0.01,13.17,0.37,0.36,0,-0.34,1706370,0,0,0.272727273,0.04,0.09478673,-0.15,-0.166666667,0.124080882,0.015873016,-0.1,-0.325153374,-0.054545455,-0.023571566,0,1,-0.181818182,0.666666667,-0.003028009,-0.131578947,-0.085106383,1,0,0.416143069,0,0
0,2018,4.56,1.09,0.03,0.25,0.84,0.76,44.09,0.34,0.07,-0.16,0.74,13.813562,-0.02,0.05,0.06,0.11,14.27,0.49,1.19,0.05,0.13,56058895,1,0,0,0,0,0,0,1,0,7.9,1.06,0.03,0.25,0.57,1.02,40.2,0.34,0.05,-4.08,0.68,13.019233,-0.05,0.05,0.05,0.09,14.32,0.56,1.75,0.03,0.09,58088015,1,0,1,5.866,1.1,0.03,0.25,0.59,0.57,8.07,0.35,0.07,26.75,0.68,18.949608,-0.05,0,0.09,-0.01,13.97,0.45,1.69,0.05,0.21,-3385253,1,0,-0.42278481,0.028301887,0.473684211,-0.254901961,-0.246031746,0.096766169,0,0.4,-0.960784314,0.088235294,0.061011966,-0.6,0,0.2,0.222222222,-0.00349162,-0.125,-0.32,0.666666667,0.444444444,-0.034931819,0,0
0,2012,8.148,1.13,0.04,0.42,2.74,1.56,42.25,0.38,0.05,29.29,0.46,1.582101,0.15,0.29,0.12,0.44,11.39,0.64,0.37,0.07,0.19,17539893,0,0,0,0,0,0,0,0,1,5.518,1.34,0.04,0.42,1.38,11.4,49.16,0.38,0.02,35.33,0.46,1.696122,0.12,-0.02,0.07,-0.02,11.6,0.94,0.73,0.03,0.08,-1343008,0,0,1,6.556,1.16,0.04,0.42,3.05,8.74,56.26,0.38,0.01,27.27,0.46,1.678312,0.19,-0.11,0.08,-0.12,11.36,0.91,0.33,0.03,0.09,-6329599,0,0,0.476621964,-0.156716418,0.985507246,-0.863157895,-0.893152302,-0.140561432,0,1.5,-0.170959524,0,-0.067224527,0.25,-15.5,0.714285714,-23,-0.018103448,-0.319148936,-0.493150685,1.333333333,1.375,-14.06015526,0,0
0,2015,0.661,0.91,0.12,0.2,0.71,0.19,37.68,0.34,-0.03,0.01,0.75,16.271139,-0.12,-0.1,0.03,-0.2,12.1,0.49,1.42,-0.01,0.06,-12645195,0,1,0,0,0,0,1,0,0,2.846,0.78,0.12,0.2,0.92,0.16,42.6,0.38,-0.09,0.01,0.71,15.218565,-0.03,-0.09,-0.05,-0.19,12.2,0.45,1.09,-0.07,-0.12,-12022065,0,1,0,4.128,0.91,0.12,0.2,1.05,0.14,45.9,0.35,-0.04,0.61,0.72,13.95167,0.03,0,0.03,0,12.8,0.65,0.95,0,0.04,393424,0,0,-0.767744202,0.166666667,-0.22826087,0.1875,0.209876543,-0.115492958,-0.105263158,-0.666666667,0,0.056338028,0.069163814,3,0.111111111,-1.6,0.052631579,-0.008196721,0.088888889,0.302752294,-0.857142857,-1.5,0.051832194,0,0
0,2012,2.295,0.93,0.03,0.27,2.54,1,37.28,0.42,-0.04,194.73,0.52,10.705527,0.28,0,0.1,-0.01,13.24,0.59,0.39,0,0.17,-1332241,0,0,0,0,0,0,0,0,1,1.316,0.99,0.03,0.27,3.26,1.01,20.86,0.41,0,185.06,0.58,10.792059,0.3,0.02,0.13,0.04,13.2,0.57,0.31,0.03,0.22,9150235,0,0,1,8.068,0.99,0.03,0.27,3.56,1.07,-23.52,0.37,-0.01,210.45,0.54,10.677708,0.36,0.02,0.08,0.04,13.18,0.59,0.28,0.01,0.14,8692600,0,0,0.743920973,-0.060606061,-0.220858896,-0.00990099,0.098484848,0.787152445,0.024390244,-4,0.052253323,-0.103448276,-0.008018118,-0.066666667,-1,-0.230769231,-1.25,0.003030303,0.035087719,0.258064516,-1,-0.227272727,-1.14559637,0,0
0,2009,3.332,0.44,0.09,0.29,1.18,0.79,58.97,0.5,-0.15,1.07,0.59,7.092943,0.05,-0.19,-0.12,-0.32,11.98,0.58,0.85,-0.15,-0.2,-20967658,1,1,0,0,0,0,0,0,1,3.641,0.67,0.09,0.29,2.13,0.57,49.17,0.49,-0.12,48.2,0.67,7.929783,0.23,-0.08,-0.08,-0.16,12.15,0.49,0.47,-0.04,-0.17,-10355331,1,1,1,0.243,0.83,0.09,0.29,2.93,0.52,45.76,0.46,-0.07,61.61,0.67,8.101601,0.33,0,-0.03,0,12.22,0.45,0.34,0.04,-0.06,0,1,0,-0.084866795,-0.343283582,-0.44600939,0.385964912,0.46875,0.199308521,0.020408163,0.25,-0.97780083,-0.119402985,-0.105531261,-0.782608696,1.375,0.5,1,-0.01399177,0.183673469,0.808510638,2.75,0.176470588,1.024817748,0,0
0,2021,0.046,1.52,0.06,0.3,1.5,-1.9,87.43,1.38,-0.98,97.69,0.53,6.041378,0.12,0.04,-0.42,0.02,11.93,1.84,0.67,0.04,-0.23,3959628,0,0,1,0,0,0,0,0,0,0.061,1.26,0.06,0.3,1.63,-1.4,59.03,0.93,-0.38,32.37,0.53,6.041378,0.15,0.01,-0.44,0,11.15,2.91,0.61,0.01,-0.15,356606,0,0,0,0.046,1.33,0.06,0.3,1.76,-1.43,56.36,1.04,-0.51,47.71,0.53,6.041378,0.18,-1.19,-0.53,-0.43,11.22,2.79,0.57,-0.07,-0.19,-61876170,0,1,-0.245901639,0.206349206,-0.079754601,0.357142857,0.440789474,0.481111299,0.483870968,1.578947368,2.017917825,0,0,-0.2,3,-0.045454545,2,0.069955157,-0.367697595,0.098360656,3,0.533333333,10.10364941,0,0
0,2013,6.66,1.17,0.04,0.28,0.94,0.78,43.38,0.45,0.07,28.99,0.52,3.146985,-0.01,0.11,0.17,0.19,11.5,0.56,1.06,0.09,0.31,7461857,1,0,0,0,0,0,0,0,1,6.601,1.24,0.04,0.28,1.35,1.04,35.02,0.45,0.08,103.57,0.7,3.166224,0.1,0.03,0.14,0.05,11.45,0.65,0.74,0.1,0.22,2057342,0,0,1,5.804,1.3,0.04,0.28,1.92,1.16,31.09,0.43,0.11,76.23,0.35,2.876001,0.18,0.13,0.17,0.2,11.3,0.63,0.52,0.11,0.27,7133354,0,0,0.00893804,-0.056451613,-0.303703704,-0.25,-0.313513514,0.238720731,0,-0.125,-0.720092691,-0.257142857,-0.006076323,-1.1,2.666666667,0.214285714,2.8,0.004366812,-0.138461538,0.432432432,-0.1,0.409090909,2.626940489,0,0
0,2020,6.599,1.06,0.01,0.2,6.14,0.24,42.52,0.35,0.08,78.62,0.43,11.148426,0.17,0.08,0.08,0.35,13.4,0.22,0.16,0.1,0.37,35796296,0,0,0,0,0,0,1,0,0,7.203,1.05,0.01,0.2,-4.86,0.27,47.59,0.35,0.06,26.03,0.47,12.193723,0.18,0.08,0.08,0.42,13.25,0.19,-0.21,0.09,0.42,31554465,0,0,0,7.152,1.06,0.01,0.2,-3.5,0.31,54.51,0.36,0.06,31.59,0.51,12.315801,0.26,0.13,0.09,0.66,13.15,0.19,-0.29,0.09,0.48,44727556,0,0,-0.08385395,0.00952381,-2.263374486,-0.111111111,0.208333333,-0.106534986,0,0.333333333,2.020361122,-0.085106383,-0.085724188,-0.055555556,0,0,-0.166666667,0.011320755,0.157894737,-1.761904762,0.111111111,-0.119047619,0.134428868,0,0
0,2018,8.31,1.04,0.03,0.28,8.13,0.44,50.41,0.42,0.06,17.73,0.58,19.550674,0.38,0.1,0.06,0.29,14.67,0.34,0.12,0.06,0.17,163152770,0,0,0,0,0,0,0,0,1,8.274,1.05,0.03,0.28,7.8,0.56,50.02,0.4,0.06,33.58,0.57,18.255647,0.36,0.05,0.06,0.14,14.59,0.39,0.13,0.05,0.16,80748300,0,0,1,7.841,1.06,0.03,0.28,7.59,0.66,54.31,0.41,0.08,38.84,0.62,17.889569,0.34,0.03,0.07,0.08,14.55,0.43,0.13,0.06,0.16,48939016,0,0,0.004350979,-0.00952381,0.042307692,-0.214285714,-0.2,0.007796881,0.05,0,-0.472007147,0.01754386,0.070938433,0.055555556,1,0,1.071428571,0.005483208,-0.128205128,-0.076923077,0.2,0.0625,1.020510277,0,0
0,2013,0.134,0.46,0.2,0.44,3.99,2.36,73.53,0.58,-0.42,30.38,0.19,1.4641,0.15,0.05,-0.01,0.07,11.06,0.72,0.25,0.06,-0.02,2209697,0,0,1,0,0,0,0,0,0,0.075,0.08,0.2,0.44,4.86,3.14,91.86,0.85,-0.87,71.35,0.14,1.016462,0.13,0.05,-0.08,0.07,11.05,0.77,0.21,0.04,-0.11,2274847,0,0,0,0.082,0.1,0.2,0.44,5.92,4.14,83.58,0.81,-0.69,191.33,0.17,1.164559,0.21,0.03,-0.09,0.04,11.03,0.81,0.17,0.03,-0.11,1425084,0,0,0.786666667,4.75,-0.179012346,-0.248407643,-0.225609756,-0.199542782,-0.317647059,-0.517241379,-0.574211633,0.357142857,0.440388327,0.153846154,0,-0.875,0,0.000904977,-0.064935065,0.19047619,0.5,-0.818181818,-0.028639289,0,0
0,2020,0.068,0.59,0.05,0.32,1.05,0.36,63.33,0.57,-0.26,49.76,0.55,6.804183,0.01,0.13,-0.15,0.29,12.67,0.47,0.96,-0.03,-0.31,29708000,0,1,0,0,0,0,0,0,0,0.054,0.72,0.05,0.32,0.8,0.58,24.1,0.5,-0.12,16.17,0.53,7.397231,-0.04,-0.06,-0.06,-0.12,12.43,0.5,1.25,-0.03,-0.12,-9985000,1,1,0,0.06,0.88,0.05,0.32,1.27,0.5,12.59,0.47,-0.06,5.66,0.52,6.616079,0.06,0.04,0.01,0.09,12.47,0.47,0.78,0.01,0.02,7514000,0,0,0.259259259,-0.180555556,0.3125,-0.379310345,-0.101010101,1.62780083,0.14,1.166666667,2.077303649,0.037735849,-0.080171621,-1.25,-3.166666667,1.5,-3.416666667,0.019308126,-0.06,-0.232,0,1.583333333,-3.975262894,0,0
0,2014,0.114,1.32,0.62,0.09,0.46,-0.98,110.04,0.42,-0.26,6.44,0.15,0.292881,-0.55,-0.45,-0.26,-0.21,9.97,2.11,2.17,-0.3,-0.12,-6648325,1,1,0,0,1,0,0,0,0,3.967,1.01,0.62,0.09,0.66,-1.86,96.67,0.3,0,3.14,0.13,0.247568,-0.2,-1.82,0.06,-1.23,10.3,1.48,1.51,-0.01,0.04,-37443294,1,1,0,4.32,0.88,0.62,0.09,4.65,0.66,447.01,0.32,-0.12,34.28,0.11,0.215884,0.55,-0.05,-0.03,-0.1,11.26,0.49,0.21,-0.05,-0.07,-2549525,0,1,-0.971262919,0.306930693,-0.303030303,-0.47311828,-0.387096774,0.138305576,0.4,-26,1.050955414,0.153846154,0.183032541,1.75,-0.752747253,-5.333333333,-0.829268293,-0.032038835,0.425675676,0.437086093,29,-4,-0.822442838,0,0
0,2020,5.845,1.07,0.02,0.25,0.89,-0.78,44.42,0.38,0.08,0.74,0.57,4.868945,-0.04,0.16,0.16,744238300,11.1,-1.67,1.12,0.23,717508300,7442383,1,0,0,0,1,0,1,0,0,5.784,1.11,0.02,0.25,3.02,-0.62,49.24,0.37,0.11,0.42,0.59,5.498621,0.26,0.2,0.24,1013463000,11.19,-1.3,0.33,0.26,1188090000,10134630,0,0,0,5.78,1.12,0.02,0.25,2.94,-0.59,47.93,0.36,0.12,0.17,0.57,5.492985,0.25,0.18,0.27,882470600,11.18,-1.12,0.34,0.27,1363572500,8824706,0,0,0.010546335,-0.036036036,-0.705298013,0.258064516,0.125,-0.097887896,0.027027027,-0.272727273,0.761904762,-0.033898305,-0.114515258,-1.153846154,-0.2,-0.333333333,-0.265648277,-0.008042895,0.284615385,2.393939394,-0.115384615,-0.396082536,-0.265648277,1,1
0,2009,7.515,1.11,0.09,0.16,1.81,0.02,50.41,0.38,0.07,0.17,0.63,6.917439,0.12,0.08,0.14,0.49,11.75,0.17,0.55,0.1,0.82,7374175,1,0,0,0,1,0,1,0,0,5.997,1.03,0.09,0.16,1.78,0,56.76,0.4,0.02,0.03,0.63,6.659964,0.12,0.02,0.08,0.13,11.62,0.15,0.56,0.03,0.52,1550298,1,0,0,4.745,1.05,0.09,0.16,1.82,0,57.72,0.4,0.03,0.53,0.63,6.699033,0.12,0.12,0.14,0.86,11.59,0.14,0.55,0.05,0.99,9361473,1,0,0.253126563,0.077669903,0.016853933,2,0.166666667,-0.11187456,-0.05,2.5,4.666666667,0,0.038660119,0,3,0.75,2.769230769,0.011187608,0.133333333,-0.017857143,2.333333333,0.576923077,3.75661776,0,0
0,2021,3.656,-0.38,0.14,0.31,1.13,3.11,53.66,0.63,-0.17,95.02,0.27,1.879022,0.06,0.06,-0.1,0.07,10.63,0.87,0.88,0.06,-0.12,1672425,0,0,1,0,0,0,0,1,0,0.238,-0.13,0.14,0.31,1.94,7.53,275.41,0.59,-0.07,27.93,0.34,2.194978,0.19,0.09,-0.01,0.1,10.32,0.91,0.52,0.09,-0.01,1836422,0,0,1,4.228,-20.01,0.14,0.31,1.07,93.19,40.58,0.43,-0.07,1.59,0.18,2.257059,0.02,0.05,-0.05,0.05,10.25,0.99,0.94,0.05,-0.05,1026374,0,0,14.36134454,1.923076923,-0.417525773,-0.586985392,-0.281120332,-0.805163211,0.06779661,1.428571429,2.40207662,-0.205882353,-0.143944951,-0.684210526,-0.333333333,9,-0.3,0.03003876,-0.043956044,0.692307692,-0.333333333,11,-0.089302459,0,0
0,2018,0.171,0.03,0.06,0.42,1.38,3.52,48.55,0.5,-0.09,16.81,0.44,13.644905,0.1,0.04,-0.07,0.05,12.51,0.84,0.72,-0.03,-0.08,7290829,0,1,0,0,0,0,0,1,0,3.252,0.56,0.06,0.42,2.05,5.7,47.98,0.55,-0.03,29.39,0.44,16.979068,0.2,0.12,0.04,0.13,12.53,0.88,0.49,0.04,0.05,22572195,0,0,1,2.893,-16.73,0.06,0.42,1.8,280.42,47.54,0.67,-0.03,34.43,0.46,5.2128,0.18,-0.15,0.05,-0.15,12.54,1,0.56,-0.05,0.05,-29400079,0,1,-0.947416974,-0.946428571,-0.326829268,-0.38245614,-0.28630137,0.01187995,-0.090909091,2,-0.428036747,0,-0.196369023,-0.5,-0.666666667,-2.75,-0.615384615,-0.001596169,-0.045454545,0.469387755,-1.75,-2.6,-0.676999556,0,0
0,2016,4.454,1.06,0.17,0.15,2.33,-0.7,49.13,0.32,0.34,1.02,0.5,8.846653,0.06,0.21,0.24,9774249500,13.42,-2.17,0.43,0.21,11104986900,97742495,0,0,0,0,1,0,0,0,1,4.451,1.07,0.17,0.15,2.78,-0.7,47.73,0.32,0.34,0.73,0.55,9.35049,0.07,0.23,0.26,9980754900,13.35,-2.18,0.36,0.23,11433852800,99807549,0,0,1,4.452,1.07,0.17,0.15,2.58,-0.67,47.75,0.3,0.31,0.32,0.49,9.39334,0.06,0.2,0.25,8872531400,13.36,-1.93,0.39,0.2,10894010900,88725314,0,0,0.000674006,-0.009345794,-0.161870504,0,-0.014492754,0.029331657,0,0,0.397260274,-0.090909091,-0.053883486,-0.142857143,-0.086956522,-0.076923077,-0.020690359,0.005243446,-0.004587156,0.194444444,-0.086956522,-0.028762475,-0.020690359,1,1
0,2021,1.482,1.12,0.02,0.24,1.32,-1.86,37.83,0.44,-0.14,-0.56,1,2.798901,0.03,-0.06,0.06,-0.03,11.61,2.06,0.76,-0.12,0.03,-4878183,0,1,0,0,1,1,0,0,0,0.169,1.19,0.02,0.24,2.02,-1.99,40.27,0.46,-0.25,-0.04,0.77,2.517317,0.05,-0.12,0.03,-0.06,11.65,1.96,0.5,-0.18,0.01,-9507430,0,1,0,0.125,1.29,0.02,0.24,1.99,-2.18,55.14,0.48,-0.46,0.09,0.78,1.870906,0.05,-0.11,-0.04,-0.06,11.69,1.8,0.5,-0.23,-0.02,-9529489,0,1,7.769230769,-0.058823529,-0.346534653,-0.065326633,-0.048780488,-0.060591011,-0.043478261,-0.44,13,0.298701299,0.111858777,-0.4,-0.5,1,-0.5,-0.003433476,0.051020408,0.52,-0.333333333,2,-0.486908344,0,0
0,2020,0.073,0.25,0.01,0.43,0.92,0.4,59.38,0.88,-0.56,9.75,0.24,3.179788,-0.03,0.08,-0.28,0.14,11.78,0.58,1.09,0.08,-0.47,7680516,1,0,1,0,0,0,0,0,0,0.08,0.16,0.01,0.43,0.71,0.78,59.08,0.9,-0.5,2.06,0.22,3.321305,-0.12,-0.24,-0.24,-0.37,11.76,0.66,1.42,-0.07,-0.37,-21576197,1,1,0,0.105,0.59,0.01,0.43,1.41,0.14,69.55,0.81,-0.42,9.22,0.23,3.723122,0.09,-0.04,-0.23,-0.11,11.59,0.31,0.71,-0.04,-0.75,-2639612,0,1,-0.0875,0.5625,0.295774648,-0.487179487,-0.280612245,0.005077861,-0.022222222,0.12,3.733009709,0.090909091,-0.042608854,-0.75,-1.333333333,0.166666667,-1.378378378,0.00170068,-0.121212121,-0.232394366,-2.142857143,0.27027027,-1.355971722,0,0
0,2009,2.333,0.81,0.02,0.14,2.14,0.32,27.39,0.43,-0.07,0.92,0.74,8.106482,0.12,-0.03,-0.04,-0.25,11.03,0.11,0.47,-0.07,-0.4,-1122166,0,1,0,0,0,0,0,1,0,1.503,0.78,0.02,0.14,4.12,0.32,27.91,0.45,-0.08,1.31,0.71,7.950706,0.18,-0.05,-0.07,-0.81,11.01,0.06,0.24,-0.1,-1.24,-1932547,0,1,1,1.546,0.81,0.02,0.14,4.12,0.32,30.61,0.47,-0.07,1.1,0.76,8.28983,0.18,0,-0.05,0,11.06,0.06,0.24,-0.03,-0.86,0,0,1,0.552228876,0.038461538,-0.480582524,0,1,-0.018631315,-0.044444444,-0.125,-0.297709924,0.042253521,0.019592725,-0.333333333,-0.4,-0.428571429,-0.691358025,0.00181653,0.833333333,0.958333333,-0.3,-0.677419355,-0.419333139,0,0
0,2015,5.805,1.04,0.22,0.4,4.03,-0.67,73.26,0.35,0.09,0.42,0.15,2.091381,0.22,0.21,0.17,1407797900,11.46,-1.81,0.25,0.12,1113474600,14077979,0,0,0,0,1,0,1,0,0,5.814,1.05,0.22,0.4,4.91,-0.61,98.15,0.35,0.12,0.61,0.18,1.935524,0.25,1.29,0.16,9162613000,11.53,-1.42,0.2,0.13,1140644800,91626130,0,0,0,7.521,1.02,0.22,0.4,2.95,-0.71,81.98,0.4,0.04,0.65,0.14,1.210181,0.26,0.25,0.12,667455200,10.57,-1.94,0.34,0.11,335069200,6674552,0,0,-0.001547988,-0.00952381,-0.179226069,0.098360656,0.084745763,-0.253591442,0,-0.25,-0.31147541,-0.166666667,0.080524447,-0.12,-0.837209302,0.0625,-0.846354102,-0.006071119,0.274647887,0.25,-0.076923077,-0.023820036,-0.846354102,1,1
0,2011,5.834,1.26,0.09,0.33,0.21,0.32,57.03,0.3,0.08,-2.6,0.58,11.436676,-0.59,-0.18,0.08,-0.24,12.95,0.75,4.83,0.06,0.11,-52898028,1,0,1,0,0,0,0,0,0,4.566,1.2,0.09,0.33,0.38,0.32,54.43,0.28,0.11,-0.88,0.53,10.703801,-0.29,0.06,0.14,0.12,12.76,0.48,2.61,0.1,0.29,14306096,1,0,0,4.542,1.24,0.09,0.33,0.34,0,53.61,0.28,0.11,-2.51,0.5,10.156405,-0.34,0.12,0.15,0.23,12.72,0.52,2.95,0.12,0.3,27530504,1,0,0.277704774,0.05,-0.447368421,0,2.260869565,0.047767775,0.071428571,-0.272727273,1.954545455,0.094339623,0.068468668,1.034482759,-4,-0.428571429,-3,0.014890282,0.5625,0.850574713,-0.4,-0.620689655,-4.697586539,0,0
0,2013,5.811,1.17,0.19,0.41,0.54,0.32,46.85,0.24,0.08,-3.64,0.32,2.998036,-0.16,0.13,0.14,0.38,11.14,0.35,1.86,0.13,0.4,6344728,1,0,0,0,1,0,1,0,0,6.587,1.2,0.19,0.41,0.45,0.32,57,0.24,0.08,-2.75,0.33,2.995766,-0.29,0.12,0.15,0.22,11.23,0.52,2.21,0.12,0.29,6160808,1,0,0,5.832,1.28,0.19,0.41,0.35,0.32,51.69,0.25,0.08,-2.92,0.39,2.959928,-0.41,0.12,0.14,0.18,11.21,0.63,2.87,0.12,0.22,5945339,1,0,-0.117807803,-0.025,0.2,0,-0.518181818,-0.178070175,0,0,0.323636364,-0.03030303,0.000757736,-0.448275862,0.083333333,-0.066666667,0.727272727,-0.008014248,-0.326923077,-0.158371041,0.083333333,0.379310345,0.029853227,0,0
0,2020,0.068,0.65,0.1,0.28,0.77,0.41,52.19,0.75,-0.21,24.41,0.47,9.670387,-0.07,0.04,-0.14,0.08,12.25,0.5,1.3,0,-0.28,6029219,1,1,0,0,0,0,1,0,0,7.206,1.05,0.1,0.28,2.44,0.48,46.86,0.58,0.03,10.43,0.47,11.032051,0.33,0,0.08,-0.01,12.13,0.48,0.41,0.11,0.17,-640726,0,0,0,3.105,0.99,0.1,0.28,2.83,0.54,43.33,0.57,0,8.34,0.42,9.089613,0.37,0.01,0.05,0.02,12.14,0.48,0.35,0.09,0.1,1524440,0,0,-0.990563419,-0.380952381,-0.68442623,-0.145833333,0.097826087,0.113743064,0.293103448,-8,1.340364334,0,-0.123428001,-1.212121212,4,-2.75,-9,0.009892828,0.041666667,2.170731707,-1,-2.647058824,-10.40998024,0,0
0,2011,4.564,1.09,0.01,0.32,-0.21,0.01,26.73,0.37,0.08,0.11,0.33,1.948373,1.16,0.35,0.29,698017800,10.27,-0.94,-4.69,0.35,580690300,6980178,0,0,0,0,0,0,0,0,1,6.642,1.05,0.01,0.32,-0.38,0.01,27.52,0.33,0.04,0.49,0.38,2.093912,0.76,0.16,0.2,325966900,10.3,-0.54,-2.66,0.16,408486600,3259669,0,0,1,1.469,0.91,0.01,0.32,-0.39,0.01,38.44,0.38,-0.07,0.31,0.41,2.089519,0.98,-0.11,0,-187096900,10.1,-0.69,-2.58,-0.12,-4382500,-1870969,0,1,-0.312857573,0.038095238,-0.447368421,0,0.4,-0.028706395,0.121212121,1,-0.775510204,-0.131578947,-0.069505786,0.526315789,1.1875,0.45,1.141376318,-0.002912621,0.740740741,0.763157895,1.1875,0.421565114,1.141376318,1,1
0,2016,4.528,1.13,0.03,0.55,2.01,-0.72,30.12,0.3,0.21,0.07,0.26,1.644781,0.14,0.27,0.49,630712000,10.42,-2.09,0.5,0.42,1150880200,6307120,1,0,0,0,1,0,0,1,0,4.542,1.15,0.03,0.55,1.92,-0.7,33.26,0.3,0.21,0.04,0.31,1.716605,0.14,0.25,0.49,590070800,10.43,-1.78,0.52,0.42,1166980900,5900708,1,0,1,5.834,1.1,0.03,0.55,2.07,-0.66,41.2,0.33,0.15,0.01,0.28,1.564633,0.15,0.17,0.32,396940100,10.43,-1.54,0.48,0.26,743925600,3969401,1,0,-0.003082343,-0.017391304,0.046875,0.028571429,0.0625,-0.094407697,0,0,0.75,-0.161290323,-0.041840726,0,0.08,0,0.068875125,-0.000958773,0.174157303,-0.038461538,0,-0.013796884,0.068875125,1,1
0,2017,6.763,1.01,0.08,0.51,1.2,0.22,39.72,0.45,0.01,93.68,0.65,13.440548,0.04,0.05,0.04,0.15,13.24,0.36,0.83,0.05,0.11,20686129,1,0,0,0,0,0,1,0,0,7.835,1.06,0.08,0.51,1.54,0.27,45.68,0.46,0.06,38.37,0.67,13.107032,0.07,0.03,0.08,0.11,13.09,0.31,0.65,0.03,0.26,11474237,1,0,0,4.513,1.1,0.08,0.51,1.55,0.3,39.52,0.43,0.09,52.2,0.68,12.495878,0.07,0.06,0.12,0.17,13.06,0.33,0.65,0.06,0.35,18032939,1,0,-0.136821953,-0.047169811,-0.220779221,-0.185185185,0.217391304,-0.130472855,-0.02173913,-0.833333333,1.441490748,-0.029850746,0.025445578,-0.428571429,0.666666667,-0.5,0.363636364,0.011459129,0.161290323,0.276923077,0.666666667,-0.576923077,0.802832642,0,0
0,2018,6.638,1.19,0.03,0.34,0.41,-0.98,48.86,0.21,0.13,37.82,0.56,10.989291,-0.58,-0.01,0.26,-187804500,12.9,-0.02,2.41,0.12,7214816500,-1878045,1,0,0,0,0,0,0,0,1,5.872,1.23,0.03,0.34,0.37,-1.09,54.08,0.2,0.18,35.21,0.52,10.605361,-0.69,0.12,0.35,3014313000,12.78,-0.16,2.69,0.34,8562470400,30143130,1,0,1,4.418,3.97,0.03,0.34,0.66,-0.74,18.49,0.07,0.73,107.51,0.46,12.087346,-0.26,0.04,2.64,0.31,12.96,0.14,1.51,2.63,19.22,12474823,1,0,0.130449591,-0.032520325,0.108108108,-0.100917431,-0.857142857,-0.096523669,0.05,-0.277777778,0.074126669,0.076923077,0.036201502,-0.15942029,-1.083333333,-0.257142857,-1.062304246,0.009389671,-0.875,-0.104089219,-0.647058824,-0.157390781,-1.062304246,1,0
0,2020,1.925,0.93,0.01,0.39,2.41,0.95,24.59,0.32,-0.01,0.05,0.12,1.668144,0.19,-0.03,0.11,-0.06,9.69,0.56,0.42,0,0.2,-377808,0,0,0,1,0,0,0,0,0,3.845,0.77,0.01,0.39,2.11,0.32,32.2,0.36,-0.05,0.03,0.12,1.836366,0.3,-0.23,0.09,-0.85,9.26,0.27,0.47,-0.06,0.34,-1662415,0,1,0,3.877,0.82,0.01,0.39,4.18,0,30.47,0.35,-0.05,0.04,0.15,2.106916,0.41,-0.01,0.1,-0.04,9.36,0.13,0.24,-0.05,0.8,-44714,0,1,-0.499349805,0.207792208,0.142180095,1.96875,2.472222222,-0.236335404,-0.111111111,-0.8,0.666666667,0,-0.091605922,-0.366666667,-0.869565217,0.222222222,-0.929411765,0.046436285,1.074074074,-0.106382979,-1,-0.411764706,-0.772735448,0,0
0,2015,4.514,1.12,0.03,0.39,2.39,0.44,54.96,0.39,0.12,55.15,0.71,26.239986,0.12,0.05,0.11,0.14,14.24,0.36,0.42,0.13,0.31,55670424,0,0,0,0,0,0,0,0,0,6.631,1.09,0.03,0.39,2.14,0.42,48.84,0.39,0.09,60.82,0.66,23.314067,0.1,0.12,0.1,0.34,14.15,0.36,0.47,0.12,0.27,117032644,0,0,0,7.147,1.04,0.03,0.39,1.89,0.54,51.62,0.48,0.03,35.72,0.61,22.562734,0.08,0.1,0.07,0.23,14.02,0.41,0.53,0.07,0.16,81899980,0,0,-0.31925803,0.027522936,0.11682243,0.047619048,0.017857143,0.125307125,0,0.333333333,-0.093225913,0.075757576,0.125500154,0.2,-0.583333333,0.1,-0.588235294,0.006360424,0,-0.106382979,0.083333333,0.148148148,-0.52431713,0,0
0,2010,8.116,1.1,0.05,0.32,2.1,0.72,41.13,0.26,0.04,0.18,0.36,8.047839,0.11,0.06,0.11,0.12,12.27,0.48,0.48,0.07,0.24,8799631,0,0,0,0,1,0,1,0,0,0.434,0.93,0.05,0.32,1.62,0.91,32.53,0.3,-0.03,0.18,0.31,6.964932,0.06,0,0.02,0.01,12.25,0.53,0.62,-0.02,0.05,472127,0,1,0,2.34,0.76,0.05,0.32,1.77,0.79,38.24,0.28,-0.08,0.1,0.32,7.145976,0.09,-0.11,-0.06,-0.22,12.19,0.5,0.56,-0.09,-0.11,-14939525,0,1,17.70046083,0.182795699,0.296296296,-0.208791209,-0.18018018,0.26437135,-0.133333333,-2.333333333,0,0.161290323,0.15547991,0.833333333,6,4.5,11,0.001632653,-0.094339623,-0.225806452,-4.5,3.8,17.63827106,0,0
0,2018,4.527,1.08,0.37,0.16,1.77,-0.62,49.86,0.37,0.22,2.32,0.57,6.900766,0.06,0.2,0.25,3746931100,12.51,-1.42,0.57,0.2,4662038500,37469311,0,0,0,0,1,0,0,0,0,4.572,1.07,0.37,0.16,1.56,-0.61,48.26,0.38,0.18,0.57,0.57,6.466294,0.04,0.17,0.21,2920172500,12.44,-1.38,0.64,0.17,3717462500,29201725,0,0,0,4.566,1.07,0.37,0.16,1.67,-0.6,43.54,0.4,0.17,0.29,0.59,6.414453,0.04,0.16,0.2,2642858600,12.39,-1.32,0.6,0.16,3368156800,26428586,0,0,-0.00984252,0.009345794,0.134615385,0.016393443,0.017241379,0.033153751,-0.026315789,0.222222222,3.070175439,0,0.067190264,0.5,0.176470588,0.19047619,0.283119781,0.00562701,0.028985507,-0.109375,0.176470588,0.254091601,0.283119781,1,1
0,2012,3.333,0.89,0.08,0.28,2.63,0.28,140.54,0.64,-0.07,31.22,0.34,3.516538,0.36,0.02,-0.01,0.04,11.08,0.39,0.38,0.02,-0.02,738620,0,0,1,1,0,0,0,0,0,2.839,0.86,0.08,0.28,2.25,0.34,128.93,0.65,-0.08,24.48,0.4,3.820169,0.3,-0.01,-0.01,-0.02,11.12,0.43,0.44,-0.01,-0.02,-438556,0,1,0,1.676,0.97,0.08,0.28,2.21,0.39,124.58,0.48,-0.02,25.05,0.45,3.862456,0.28,0.02,0.05,0.04,11.16,0.45,0.45,0.02,0.12,841038,0,0,0.174004931,0.034883721,0.168888889,-0.176470588,-0.146666667,0.090048864,-0.015384615,-0.125,0.275326797,-0.15,-0.079481039,0.2,-3,0,-3,-0.003597122,-0.093023256,-0.136363636,-3,0,-2.684209086,0,0
0,2021,0.077,0.72,0.22,0.42,1.11,0.1,78.42,0.71,-0.28,22.03,0.27,2.169982,0.02,0.04,-0.16,0.14,11.92,0.28,0.9,0.04,-0.57,4113864,0,0,0,0,0,0,0,0,0,0.03,0.56,0.22,0.42,1.42,0.1,55.23,0.84,-0.51,86.07,0.27,2.360118,0.1,0.1,-0.27,0.32,11.89,0.3,0.71,0.1,-0.88,9720146,0,0,0,0.087,0.77,0.22,0.42,1.37,0.11,61.49,0.65,-0.2,7.87,0.32,2.821472,0.06,0.02,-0.12,0.07,11.66,0.25,0.73,0.02,-0.5,1452710,0,0,1.566666667,0.285714286,-0.218309859,0,-0.093023256,0.4198805,-0.154761905,-0.450980392,-0.744045544,0,-0.080562074,-0.8,-0.6,-0.407407407,-0.5625,0.002523129,-0.066666667,0.267605634,-0.6,-0.352272727,-0.57676932,0,0
0,2012,8.293,1.02,0.07,0.28,2.11,0.32,49.33,0.51,0.04,39.23,0.23,3.643111,0.06,0.06,0.05,0.22,12.55,0.28,0.47,0.04,0.17,12134061,0,0,0,0,0,0,0,0,0,8.134,1.02,0.07,0.28,2.02,0.35,54.54,0.49,0.04,40.01,0.24,3.655859,0.07,0.07,0.05,0.22,12.5,0.31,0.49,0.04,0.16,12775078,0,0,0,7.521,1.04,0.07,0.28,2.71,0.4,59.27,0.36,0.06,61.36,0.22,3.371555,0.1,0.07,0.06,0.2,12.42,0.33,0.37,0.04,0.18,11379776,0,0,0.019547578,0,0.044554455,-0.085714286,-0.111111111,-0.095526219,0.040816327,0,-0.019495126,-0.041666667,-0.003487005,-0.142857143,-0.142857143,0,0,0.004,-0.096774194,-0.040816327,0,0.0625,-0.05017715,0,0
0,2016,8.284,1.04,0.05,0.3,3.12,0,46.28,0.37,0.05,0.01,0.25,2.907022,0.1,0.05,0.08,1.04,11.85,0.05,0.32,0.05,1.64,4816955,0,0,0,0,1,0,1,0,0,7.158,1.07,0.05,0.3,2.46,0.01,39.45,0.36,0.09,0.03,0.25,2.767953,0.08,0.08,0.11,1.43,11.81,0.06,0.41,0.08,1.83,7825208,0,0,0,6.618,1.08,0.05,0.3,1.41,0,45.2,0.33,0.1,0.01,0.27,2.699306,0.04,0.01,0.12,0.16,11.75,0.09,0.71,0.09,1.27,1306081,0,0,0.15730651,-0.028037383,0.268292683,-1,-0.166666667,0.173130545,0.027777778,-0.444444444,-0.666666667,0,0.050242544,0.25,-0.375,-0.272727273,-0.272727273,0.00338696,-0.166666667,-0.219512195,-0.375,-0.103825137,-0.384431059,0,0
0,2019,7.154,1.07,0.28,0.2,6.2,0.01,43.37,0.34,0.07,0.01,0.62,9.494254,0.37,0.02,0.13,0.22,13.36,0.08,0.16,0.1,1.59,8017874,0,0,0,0,0,0,0,1,0,6.602,1.1,0.28,0.2,9.61,0.25,41.49,0.42,0.1,0.01,0.64,9.765087,0.47,-0.15,0.13,-0.61,13.53,0.24,0.1,0.05,0.52,-77982607,0,0,1,5.599,1.02,0.28,0.2,12.6,0.21,48.35,0.33,0.02,0.01,0.47,10.209586,0.56,0.05,0.06,0.24,13.67,0.22,0.08,0.05,0.27,31229343,0,0,0.083611027,-0.027272727,-0.35483871,-0.96,-0.71875,0.045312123,-0.19047619,-0.3,0,-0.03125,-0.027734827,-0.212765957,-1.133333333,0,-1.360655738,-0.012564671,-0.666666667,0.6,1,2.057692308,-1.102816183,0,0
0,2018,0.112,0.36,0.03,0.3,1.91,2.99,46.67,0.59,-0.11,32.26,0.64,27.036205,0.19,0,-0.08,0,14.2,0.8,0.52,0,-0.1,3095933,0,0,0,0,0,0,1,0,0,0.112,0.33,0.03,0.3,2,3.23,45.95,0.61,-0.12,60.99,0.64,33.96481,0.22,0.01,-0.08,0.01,14.26,0.82,0.5,0.01,-0.1,5977621,0,0,0,0.146,0.42,0.03,0.3,2.03,3.48,50.18,0.61,-0.1,72.17,0.7,34.010913,0.23,-0.09,-0.06,-0.11,14.29,0.83,0.49,-0.08,-0.07,-103642553,0,1,0,0.090909091,-0.045,-0.074303406,-0.087443946,0.015669206,-0.032786885,-0.083333333,-0.47106083,0,-0.203993633,-0.136363636,-1,0,-1,-0.004207574,-0.024390244,0.04,-1,0,-0.482079409,0,0
0,2016,4.151,0.98,0.14,0.5,4.62,0.13,61.59,0.5,-0.01,4.73,0.42,1.899536,0.55,0.01,0.13,0.02,9.8,0.24,0.22,0.01,0.53,65906,0,0,1,0,0,0,0,0,0,1.773,0.94,0.14,0.5,4.33,0.22,51.3,0.49,-0.01,8.88,0.39,1.784791,0.49,0.02,0.1,0.05,9.86,0.3,0.23,0.03,0.33,218112,0,0,0,6.717,1.04,0.14,0.5,3.71,0.33,56.19,0.48,0.01,20.04,0.43,1.696686,0.45,0.12,0.36,0.31,9.95,0.37,0.27,0.1,0.96,1690624,0,0,1.341229554,0.042553191,0.066974596,-0.409090909,-0.255813953,0.200584795,0.020408163,0,-0.467342342,0.076923077,0.064290441,0.12244898,-0.5,0.3,-0.6,-0.006085193,-0.2,-0.043478261,-0.666666667,0.606060606,-0.69783414,0,0
0,2010,0.678,0.92,0.11,0.31,1.89,0.79,69.44,0.42,-0.04,54.55,0.84,10.351661,0.16,0.02,0.02,0.04,13.61,0.54,0.53,0.02,0.04,12306143,0,0,0,0,0,0,0,0,0,0.254,0.89,0.11,0.31,1.94,0.84,81.86,0.42,-0.06,36.6,0.72,10.305827,0.16,0.05,0.01,0.1,13.57,0.55,0.52,0.05,0.01,29361606,0,0,0,4.142,0.92,0.11,0.31,1.76,0.99,62.25,0.42,-0.04,45.21,0.89,9.966549,0.12,0.02,0.02,0.03,13.51,0.57,0.57,0.02,0.03,8919715,0,0,1.669291339,0.033707865,-0.025773196,-0.05952381,-0.016528926,-0.151722453,0,-0.333333333,0.490437158,0.166666667,0.004447387,0,-0.6,1,-0.6,0.002947679,-0.018181818,0.019230769,-0.6,3,-0.580876366,0,0
0,2014,3.322,1.14,0.05,0.31,0.15,-1.56,29.78,0.55,-0.02,-21.93,0.35,2.267416,-0.65,-0.11,0.06,-0.08,10.34,1.41,6.51,0.07,0.04,-2400493,1,0,0,0,0,0,0,0,0,1.547,1.38,0.05,0.31,0.21,-2.02,28.6,0.58,-0.05,-17.82,0.37,2.317675,-0.55,0.49,0,0.38,10.34,1.3,4.67,0.01,0,10552596,1,0,0,3.303,1.09,0.05,0.31,0.32,-1.41,37.53,0.57,-0.03,-15.14,0.39,2.344361,-0.45,-0.17,0.05,-0.09,10.28,1.83,3.11,0.07,0.03,-3516764,1,0,1.14738203,-0.173913043,-0.285714286,-0.227722772,-0.210526316,0.041258741,-0.051724138,-0.6,0.230639731,-0.054054054,-0.021685094,0.181818182,-1.224489796,6,-1.210526316,0,0.084615385,0.394004283,6,4,-1.227478907,0,0
0,2009,1.51,0.79,0.04,0.24,4.64,0.03,46.25,0.5,-0.11,119.79,0.28,1.660236,0.6,0.01,-0.11,0.06,9.69,0.19,0.22,0,-0.55,134354,0,0,0,0,0,0,0,0,0,2.357,0.84,0.04,0.24,3.81,-0.16,44.31,0.46,-0.09,101.97,0.28,1.540931,0.6,0.26,-0.1,3.78,9.53,0.07,0.26,0.26,-1.39,2518842,0,0,0,3.855,0.89,0.04,0.24,3.53,0.32,48.53,0.44,-0.04,103.13,0.28,1.521439,0.61,0,-0.02,0,9.4,0.24,0.28,0.16,-0.07,0,0,0,-0.359355112,-0.05952381,0.217847769,-1.1875,2,0.043782442,0.086956522,0.222222222,0.174757282,0,0.077423973,0,-0.961538462,0.1,-0.984126984,0.016789087,1.714285714,-0.153846154,-1,-0.604316547,-0.94666041,0,0
0,2010,4.528,1.05,0,0.32,27.82,0.32,23.75,0.45,0.05,4.54,0.31,2.238902,0.69,0,0.09,-0.15,10.89,0.03,0.04,-0.01,3.62,-145787,0,1,0,1,0,0,0,0,0,6.582,1.03,0,0.32,18.6,0.32,30.34,0.46,0.03,3.55,0.38,2.531906,0.66,-0.01,0.07,-0.19,10.9,0.04,0.05,-0.02,1.88,-273557,0,1,0,4.514,1.09,0,0.32,18.75,0.32,37.54,0.44,0.08,6.46,0.38,2.562865,0.69,0.06,0.12,1.6,10.91,0.04,0.05,0.06,3.19,2382379,0,0,-0.312063203,0.019417476,0.495698925,0,-0.25,-0.21720501,-0.02173913,0.666666667,0.278873239,-0.184210526,-0.115724675,0.045454545,-1,0.285714286,-0.210526316,-0.000917431,-0.25,-0.2,-0.5,0.925531915,-0.46706902,0,0
0,2014,0.1,0.61,0.01,0.42,0.72,0.49,35.39,0.65,-0.2,18.21,0.26,3.720345,-0.1,0,-0.09,0.01,11.38,0.56,1.39,-0.08,-0.17,285989,1,1,0,0,0,0,0,0,0,0.114,0.62,0.01,0.42,0.56,0.22,38.71,0.64,-0.17,15.19,0.37,4.726469,-0.16,-0.11,-0.1,-0.24,11.21,0.48,1.78,-0.12,-0.2,-5916506,1,1,0,0.089,0.77,0.01,0.42,0.81,0.3,37.82,0.59,-0.12,11.68,0.36,5.169552,-0.05,-0.05,-0.04,-0.12,11.3,0.42,1.23,-0.07,-0.1,-2782623,1,1,-0.122807018,-0.016129032,0.285714286,1.227272727,0.35106383,-0.085765952,0.015625,0.176470588,0.19881501,-0.297297297,-0.212870115,-0.375,-1,-0.1,-1.041666667,0.015165031,0.166666667,-0.219101124,-0.333333333,-0.15,-1.048337482,0,0
0,2012,3.293,0.92,0.08,0.39,2.5,1.1,70.38,0.61,-0.04,40.06,0.44,2.549883,0.17,-0.02,0.05,-0.03,11.77,0.58,0.4,-0.02,0.09,-1358924,0,1,0,1,0,0,0,0,0,5.435,1.02,0.08,0.39,3.15,1.11,54.47,0.59,0.01,70.47,0.48,3.052777,0.2,0.04,0.11,0.07,11.79,0.57,0.32,0.03,0.19,3836342,0,0,0,3.616,0.9,0.08,0.39,2.22,1.28,132.21,0.51,-0.06,16.24,0.45,3.097409,0.11,-0.02,0.07,-0.04,11.76,0.6,0.45,-0.02,0.11,-1940086,0,1,-0.394112236,-0.098039216,-0.206349206,-0.009009009,0.022556391,0.292087388,0.033898305,-5,-0.431531148,-0.083333333,-0.16473329,-0.15,-1.5,-0.545454545,-1.428571429,-0.001696353,0.01754386,0.25,-1.666666667,-0.526315789,-1.354223893,0,0
0,2017,4.574,1.09,0.11,0.28,43.46,0,34.75,0.32,0.18,0.17,0.69,14.954898,0.8,0.09,0.1,3.98,13.88,0.02,0.02,0.09,4.49,63947287,1,0,0,0,0,0,0,1,0,4.544,1.11,0.11,0.28,42.55,0,41.06,0.32,0.22,0.23,0.66,14.826287,0.78,0.11,0.11,4.91,13.79,0.02,0.02,0.11,5.06,75435086,1,0,1,4.524,1.14,0.11,0.28,39.09,0.01,42.87,0.31,0.25,0.16,0.66,14.625922,0.74,0.14,0.14,5.46,13.67,0.03,0.03,0.14,5.59,83789847,1,0,0.006602113,-0.018018018,0.021386604,0,0,-0.153677545,0,-0.181818182,-0.260869565,0.045454545,0.008674525,0.025641026,-0.181818182,-0.090909091,-0.189409369,0.006526468,0,0,-0.181818182,-0.112648221,-0.152287213,0,0
0,2020,5.863,1.03,0.16,0.16,1.02,-0.64,59.3,0.46,0.06,0.76,0.7,17.829378,0,0.05,0.13,2564472100,13.56,-1.26,0.98,0.06,6827349300,25644721,0,0,0,0,1,0,0,0,0,4.547,1.09,0.16,0.16,3.11,-0.57,72.4,0.42,0.18,0.01,0.68,17.911474,0.15,0.19,0.24,10455845100,13.58,-1.16,0.32,0.19,13350150400,104558451,0,0,0,4.571,1.07,0.16,0.16,2.88,-0.55,72.48,0.43,0.15,0.01,0.68,16.266025,0.14,0.15,0.2,8038116800,13.53,-1.06,0.35,0.15,10249918000,80381168,0,0,0.289421597,-0.055045872,-0.672025723,0.122807018,0.037037037,-0.180939227,0.095238095,-0.666666667,75,0.029411765,-0.004583431,-1,-0.736842105,-0.458333333,-0.754733159,-0.001472754,0.086206897,2.0625,-0.684210526,-0.488593829,-0.754733159,1,1
0,2019,3.825,1.23,0.02,0.32,0.14,-0.03,45.79,0.49,-0.21,13.42,0.18,1.595252,-1.97,-0.3,-0.26,-0.13,10.81,2.33,7.13,-0.26,-0.11,-10305042,1,1,0,0,0,0,0,1,0,1.069,1.53,0.02,0.32,0.16,-0.07,56.3,0.63,-0.42,8.44,0.23,1.885069,-1.59,-0.38,-0.44,-0.19,10.88,1.97,6.14,-0.41,-0.22,-14005451,1,1,1,4.254,2.35,0.02,0.32,0.23,-0.1,68.23,0.64,-0.62,14,0.29,2.482453,-1.14,0.61,-0.67,0.39,10.97,1.53,4.29,-0.72,-0.44,24524244,1,1,2.578110384,-0.196078431,-0.125,-0.571428571,-0.137931034,-0.186678508,-0.222222222,-0.5,0.590047393,-0.217391304,-0.153743444,0.238993711,-0.210526316,-0.409090909,-0.315789474,-0.006433824,0.182741117,0.161237785,-0.365853659,-0.5,-0.264212056,0,0
0,2015,2.837,0.9,0.01,0.2,1.47,1.56,43.37,0.38,-0.03,56.03,0.78,35.572596,0.11,0.04,0.01,0.05,13.75,0.71,0.68,0.04,0.02,24064063,0,0,0,0,0,0,0,1,0,1.532,0.83,0.01,0.2,1.31,1.72,40.19,0.34,-0.04,42.67,0.75,31.380748,0.08,0.04,0,0.06,13.69,0.72,0.77,0.04,0,25010506,0,0,1,1.481,0.78,0.01,0.2,1.36,2,40.82,0.34,-0.05,40.8,0.72,27.775343,0.08,0.02,-0.01,0.02,13.6,0.74,0.74,0.02,-0.01,8734436,0,0,0.851827676,0.084337349,0.122137405,-0.093023256,-0.087452471,0.07912416,0.117647059,-0.25,0.313100539,0.04,0.133580245,0.375,0,1,-0.166666667,0.004382761,-0.013888889,-0.116883117,0,2,-0.037841817,0,0
0,2019,1.451,1.11,0.12,0.39,0.06,-0.47,32.25,0.52,-0.35,0.37,0.46,2.815615,-2.15,-0.26,-0.19,-0.08,11.1,3.4,17.99,-0.26,-0.06,-11840511,1,1,1,1,0,0,1,0,0,0.164,1.13,0.12,0.39,0.04,-0.5,34.12,0.49,-0.38,1.18,0.4,2.46628,-2.02,-0.28,-0.21,-0.09,11.06,3.22,25.38,-0.28,-0.07,-12357090,1,1,0,0.121,1.2,0.12,0.39,0.05,-0.58,37.46,0.55,-0.53,1.66,0.29,1.971186,-1.68,-0.33,-0.27,-0.12,11.13,2.8,20.3,-0.33,-0.1,-15928422,1,1,7.847560976,-0.017699115,0.5,-0.06,-0.020689655,-0.054806565,0.06122449,-0.078947368,-0.686440678,0.15,0.141644501,0.064356436,-0.071428571,-0.095238095,-0.111111111,0.003616637,0.055900621,-0.291174153,-0.071428571,-0.142857143,-0.04180426,0,0
0,2015,6.661,1.12,0.09,0.26,3.26,0.17,51.43,0.35,0.12,0,0.59,7.040979,0.1,0.03,0.15,0.19,12.22,0.18,0.31,0.11,0.79,4841804,0,0,0,0,0,1,0,0,0,7.527,1.12,0.09,0.26,2.34,0.18,42.18,0.34,0.12,0,0.61,7.144589,0.07,0.21,0.14,1.05,12.2,0.2,0.43,0.11,0.73,28836492,0,0,0,7.172,1.17,0.09,0.26,2.08,0.55,39.35,0.33,0.12,0,0.6,6.924441,0.06,0.02,0.17,0.05,12.17,0.39,0.48,0.12,0.43,2749939,0,0,-0.115052478,0,0.393162393,-0.055555556,-0.08,0.219298246,0.029411765,0,0,-0.032786885,-0.014501884,0.428571429,-0.857142857,0.071428571,-0.819047619,0.001639344,-0.1,-0.279069767,0,0.082191781,-0.832094556,0,0
0,2016,4.471,1.66,0.24,0.38,-1.85,0.11,40.03,0.24,0.3,20.29,0.29,4.42626,0.61,0.27,0.79,852422400,10.72,-0.09,-0.54,0.27,2470059400,8524224,0,0,0,1,0,0,0,1,0,4.472,1.8,0.24,0.38,27.94,0.14,38.18,0.25,0.31,20.07,0.29,3.854967,0.32,-0.57,0.77,-4.29,10.66,0.13,0.04,0.21,5.8,-16855536,0,0,1,4.481,1.33,0.24,0.38,7.39,0.08,34.02,0.28,0.22,166.55,0.3,3.794092,0.5,-0.33,0.32,-2.3,11.18,0.15,0.14,0.15,2.2,-16663441,0,0,-0.000223614,-0.077777778,-1.066213314,-0.214285714,-1.533333333,0.048454688,-0.04,-0.032258065,0.010961634,0,0.148196599,0.90625,-1.473684211,0.025974026,-198699861.1,0.005628518,-1.692307692,-14.5,0.285714286,425872309.3,-1.505722512,0,0
0,2012,4.577,1.09,0.11,0.17,93.55,0,67.48,0.36,0.22,-0.02,0.64,9.33544,0.81,0.1,0.11,10.97,13.33,0.01,0.01,0.1,11.84,42137268,0,0,1,0,0,0,0,0,1,4.555,1.1,0.11,0.17,155.02,0,64.14,0.36,0.23,0.01,0.5,8.768975,0.82,0.1,0.11,18.65,13.23,0.01,0.01,0.1,21.09,38292703,0,0,1,4.56,1.09,0.11,0.17,121.99,0,54.68,0.3,0.2,0.02,0.52,8.798457,0.8,0.12,0.1,17.75,13.12,0.01,0.01,0.12,15.75,41016987,0,0,0.004829857,-0.009090909,-0.39652948,0,0,0.052073589,0,-0.043478261,-3,0.28,0.06459877,-0.012195122,0,0,-0.411796247,0.007558579,0,0,0,-0.438596491,0.100399416,0,0
0,2009,1.523,0.81,0.03,0.48,1.11,0.61,75.81,0.5,-0.08,1.47,0.45,4.716864,0.03,-0.02,0.01,-0.04,11.57,0.55,0.9,-0.04,0.03,-1808263,0,1,0,0,0,0,0,1,0,0.174,0.75,0.03,0.48,1.2,0.59,74.37,0.52,-0.12,1.17,0.46,5.077054,0.05,-0.08,-0.02,-0.15,11.57,0.52,0.84,-0.07,-0.05,-5785714,0,1,1,0.194,0.81,0.03,0.48,1.25,0.54,72.86,0.52,-0.11,0.77,0.52,5.067729,0.05,-0.05,-0.01,-0.1,11.63,0.48,0.8,-0.04,-0.03,-3716362,0,1,7.752873563,0.08,-0.075,0.033898305,0.119266055,0.019362646,-0.038461538,-0.333333333,0.256410256,-0.02173913,-0.070944686,-0.4,-0.75,-1.5,-0.733333333,0,0.057692308,0.071428571,-0.428571429,-1.6,-0.687460701,0,0
0,2017,4.59,1.27,0.02,0.3,0.3,0.11,47.18,0.33,0.1,-6.11,0.38,3.312615,-0.4,0.1,0.16,0.17,11.45,0.61,3.34,0.1,0.27,6789260,1,0,0,0,0,0,0,1,0,4.543,1.4,0.02,0.3,0.21,0.14,41.29,0.35,0.12,-6.47,0.4,3.595262,-0.54,0.16,0.16,0.23,11.46,0.72,4.85,0.12,0.22,10923984,1,0,1,4.577,1.8,0.02,0.3,0.17,0.35,42.41,0.29,0.1,-7.4,0.46,3.635244,-0.69,-1.13,0.14,-1.28,11.46,0.88,5.77,0.1,0.16,-74264949,1,0,0.010345587,-0.092857143,0.428571429,-0.214285714,-0.388888889,0.142649552,-0.057142857,-0.166666667,-0.055641422,-0.05,-0.078616524,-0.259259259,-0.375,0,-0.260869565,-0.0008726,-0.152777778,-0.311340206,-0.166666667,0.227272727,-0.378499639,0,0
0,2013,5.172,1.06,0.06,0.36,0.92,0.1,55.72,0.41,0.02,1.99,0.8,18.526272,-0.03,0.07,0.12,0.15,13.02,0.46,1.09,0.13,0.27,21380330,0,0,0,0,0,0,0,0,0,5.043,1.07,0.06,0.36,1.06,0.1,60,0.41,0.02,2.73,0.77,17.923814,0.02,-0.14,0.15,-0.3,12.9,0.47,0.95,0.16,0.33,-38396843,0,0,0,5.334,1.05,0.06,0.36,1.41,-0.03,64.76,0.41,0.02,2.02,0.74,17.435252,0.14,0.11,0.17,0.37,12.87,0.3,0.71,0.16,0.55,30074866,0,0,0.025580012,-0.009345794,-0.132075472,0,-0.022988506,-0.071333333,0,0,-0.271062271,0.038961039,0.033612154,-2.5,-1.5,-0.2,-1.5,0.009302326,-0.021276596,0.147368421,-0.1875,-0.181818182,-1.556825206,0,0
0,2009,3.077,0.99,0.06,0.52,3.67,3.17,78.42,0.38,-0.01,32.89,0.66,2.060166,0.19,0,0.08,0,10.6,0.78,0.27,0,0.1,27625,0,0,0,1,0,0,0,0,0,5.531,1.03,0.06,0.52,3.14,3.17,80.43,0.44,0.01,41.98,0.65,2.032987,0.16,0.01,0.05,0.02,10.6,0.78,0.32,0.01,0.06,364740,0,0,0,1.854,0.98,0.06,0.52,4.69,3.51,81.29,0.47,-0.01,58.98,0.52,1.784755,0.29,0,0.04,0,10.62,0.8,0.21,0.01,0.05,0,0,0,-0.44368107,-0.038834951,0.168789809,0,-0.005714286,-0.024990675,-0.136363636,-2,-0.216531682,0.015384615,0.013368998,0.1875,-1,0.6,-1,0,0,-0.15625,-1,0.666666667,-0.924261118,0,0
0,2017,1.048,2.97,0.13,0.35,0.43,-1.7,65.71,0.44,-0.07,0.01,0.74,13.596732,-0.55,0.84,-0.07,0.79,12.15,1.06,2.34,-0.08,-0.06,111539369,0,1,0,0,0,0,1,0,0,2.3,1.1,0.13,0.35,0.48,-1.17,67.7,0.38,-0.06,0.01,0.65,13.012575,-0.44,-0.03,-0.03,-0.01,12.12,1.94,2.1,-0.03,-0.02,-3681263,0,1,0,0.175,1.17,0.13,0.35,0.49,-1.29,63.31,0.35,-0.1,0.01,0.62,12.379925,-0.37,-1.64,-0.07,-0.85,12.1,1.93,2.03,-0.52,-0.04,-205764023,0,1,-0.544347826,1.7,-0.104166667,0.452991453,7.077294686,-0.029394387,0.157894737,0.166666667,0,0.138461538,0.04489173,0.25,-29,1.333333333,-80,0.002475248,-0.453608247,0.114285714,1.666666667,2,-31.29921225,0,0
0,2017,0.18,1.12,0.06,0.3,0.11,0,77.73,0.33,-0.15,0.91,0.27,1.673625,-1.84,-0.07,-0.03,-0.03,10.89,2.07,8.9,-0.12,-0.01,-2499161,1,1,0,0,1,0,0,0,0,0.08,1.21,0.06,0.3,0.1,0.32,67.68,0.39,-0.29,0.25,0.31,1.757823,-1.79,-0.19,-0.12,-0.1,10.91,1.98,10.13,-0.19,-0.06,-7288089,1,1,0,0.127,1.21,0.06,0.3,0.11,0,57.72,0.29,-0.17,0,0.29,1.931379,-1.55,-1.35,-0.07,-0.78,10.98,1.74,9.17,-0.13,-0.04,-54942366,1,1,1.25,-0.074380165,0.1,-1,-0.03960396,0.148492908,-0.153846154,-0.482758621,2.64,-0.129032258,-0.047899021,0.027932961,-0.631578947,-0.75,-0.7,-0.001833181,0.045454545,-0.12142152,-0.368421053,-0.833333333,-0.657089671,0,0
0,2009,3.358,1,0.1,0.35,2.03,0.35,48.75,0.38,0,12.14,0.55,6.622213,0.12,0.05,0.05,0.15,12.23,0.35,0.49,0,0.14,7609912,0,0,0,0,1,0,1,0,0,8.263,1,0.1,0.35,1.93,0.39,52.55,0.38,0,21.65,0.49,5.677471,0.13,-0.04,0.06,-0.11,12.19,0.38,0.52,0.02,0.15,-5455500,0,0,0,1.535,0.93,0.1,0.35,1.93,0.38,53.69,0.4,-0.05,27.3,0.5,5.585565,0.12,0,0.01,0,12.24,0.37,0.52,0,0.04,-83464,0,0,-0.593610069,0,0.051813472,-0.102564103,-0.131147541,-0.072312084,0,0,-0.43926097,0.12244898,0.166401907,-0.076923077,-2.25,-0.166666667,-2.363636364,0.003281378,-0.078947368,-0.057692308,-1,-0.066666667,-2.394906425,0,0
0,2019,5.666,1.01,0.16,0.26,0.83,0.03,43.02,0.36,0,0,0.59,16.002185,-0.05,0.07,0.03,0.23,12.82,0.3,1.21,0.04,0.09,17756153,1,0,1,0,0,0,0,1,0,0.836,0.93,0.16,0.26,0.97,0.04,42.06,0.37,-0.03,0,0.55,14.276572,-0.01,-0.04,-0.02,-0.17,12.67,0.26,1.04,0.04,-0.08,-9608451,1,0,1,1.291,0.95,0.16,0.26,1.27,0.04,42.86,0.39,-0.03,0,0.56,13.643059,0.05,0.14,-0.01,0.74,12.64,0.2,0.78,0.05,-0.08,31027298,0,0,5.777511962,0.086021505,-0.144329897,-0.25,0.166666667,0.022824536,-0.027027027,-1,0,0.072727273,0.120870262,4,-2.75,-2.5,-2.352941176,0.01183899,0.153846154,0.163461538,0,-2.125,-2.847972478,0,0
0,2013,3.627,0.96,0.05,0.43,5.08,0.32,60.39,0.43,-0.09,55.51,0.09,1.005509,0.21,0.14,0,2.63,10.04,0.05,0.2,0.14,0.05,2172612,0,0,1,0,0,0,0,0,0,1.904,0.99,0.05,0.43,1.89,0.32,55.95,0.41,-0.02,68.87,0.1,1.138553,0.09,0.03,0.03,0.31,9.94,0.1,0.53,0.03,0.31,442278,0,0,0,2.314,0.92,0.05,0.43,1.36,0.32,47.14,0.48,-0.14,58.11,0.1,1.354688,0.04,0.06,-0.02,0.55,9.92,0.12,0.73,0.06,-0.19,916189,0,0,0.904936975,-0.03030303,1.687830688,0,-0.545454545,0.079356568,0.048780488,3.5,-0.193988674,-0.1,-0.116853585,1.333333333,3.666666667,-1,7.483870968,0.010060362,-0.5,-0.622641509,3.666666667,-0.838709677,3.912322114,0,0
0,2021,0.093,0.42,0.04,0.5,0.46,0.66,38.4,0.54,-0.11,12.02,0.84,1.732104,-0.29,0.04,-0.14,0.05,10.92,0.72,2.19,0.02,-0.19,1458440,1,0,0,0,0,0,1,0,0,0.148,0.55,0.04,0.5,1.14,1.74,47.76,0.62,-0.09,69.61,0.62,1.409041,0.05,0.08,-0.08,0.1,11,0.78,0.88,0,-0.11,3226749,0,0,0,4.117,0.84,0.04,0.5,1.09,1.12,55.32,0.54,-0.02,11.47,0.71,1.628646,0.04,0.02,0,0.02,10.41,0.74,0.92,0.02,0,407102,0,0,-0.371621622,-0.236363636,-0.596491228,-0.620689655,-0.262247839,-0.195979899,-0.129032258,0.222222222,-0.82732366,0.35483871,0.229278637,-6.8,-0.5,0.75,-0.5,-0.007272727,-0.076923077,1.488636364,2,0.727272727,-0.548015665,0,0
0,2010,1.141,1.01,0.05,0.48,0.27,-0.36,38.31,0.31,0,-1.16,0.44,0.853753,-1.1,0.02,0.07,0.01,8.93,1.8,3.65,0.02,0.04,83635,1,0,0,1,1,0,0,0,0,1.209,1.06,0.05,0.48,0.38,-0.32,43.06,0.32,-0.02,-0.27,0.46,0.920274,-1.22,-0.04,0.03,-0.02,8.4,2.4,2.66,-0.04,0.01,-123093,1,1,0,1.11,1.07,0.05,0.48,0.48,-0.37,57.18,0.32,-0.02,2.85,0.46,0.931105,-0.95,-0.02,-0.01,-0.01,8.45,2.29,2.09,-0.02,0,-78634,1,1,-0.05624483,-0.047169811,-0.289473684,0.125,0.302325581,-0.110311194,-0.03125,-1,3.296296296,-0.043478261,-0.072283907,-0.098360656,-1.5,1.333333333,-1.5,0.063095238,-0.25,0.372180451,-1.5,3,-1.679445622,0,0
0,2015,6.634,1.16,0.27,0.34,1.97,1.97,49.03,0.4,0.06,16.43,0.34,12.114583,0.09,-0.13,0.1,-0.19,13.08,0.7,0.51,-0.13,0.14,-43372480,0,1,0,0,0,0,0,0,0,0.133,0.72,0.27,0.34,1.41,1.31,59.22,0.51,-0.18,11.25,0.42,12.240139,0.05,-0.02,-0.06,-0.04,13.2,0.62,0.71,-0.02,-0.1,-8670000,0,1,0,6.625,1.11,0.27,0.34,2.05,1.23,62.11,0.39,0.06,2.07,0.42,11.898959,0.09,0.06,0.1,0.1,13.2,0.59,0.49,0.01,0.16,22262000,0,0,48.87969925,0.611111111,0.397163121,0.503816794,0.416149068,-0.172070247,-0.215686275,-1.333333333,0.460444444,-0.19047619,-0.010257727,0.8,5.5,-2.666666667,3.75,-0.009090909,0.129032258,-0.281690141,5.5,-2.4,4.002592849,0,0
0,2020,4.529,1.08,0.06,0.31,2.61,-0.7,50.76,0.31,0.15,-0.31,0.39,19.268456,0.17,0.31,0.31,11608608900,13.2,-2.01,0.38,0.33,11756814400,116086089,0,0,0,0,1,0,0,1,0,4.546,1.08,0.06,0.31,2.76,-0.67,55.48,0.31,0.15,0.13,0.41,19.519611,0.19,0.2,0.31,7670855700,13.2,-1.7,0.36,0.32,11516559500,76708557,0,0,1,5.797,1.06,0.06,0.31,2.59,-0.65,56.1,0.32,0.1,-0.01,0.39,18.201986,0.17,0.26,0.23,9617972100,13.19,-1.53,0.39,0.26,8382376100,96179721,0,0,-0.003739551,0,-0.054347826,0.044776119,0.063492063,-0.085075703,0,0,-3.384615385,-0.048780488,-0.012866804,-0.105263158,0.55,0,0.513339496,0,0.182352941,0.055555556,0.03125,0.020861691,0.513339496,1,1
0,2011,6.617,1.13,0.04,0.21,1.83,1.83,57.22,0.23,0.08,0,0.29,2.989837,0.05,-0.01,0.12,-0.01,12.54,0.67,0.55,0.05,0.18,-1286664,0,0,0,0,1,0,0,1,0,7.126,1.1,0.04,0.21,2.13,1.58,46.15,0.24,0.06,-0.01,0.32,3.121187,0.05,-0.27,0.11,-0.43,12.45,0.63,0.47,0.04,0.18,-47792312,0,0,1,4.53,1.17,0.04,0.21,1.11,0.41,51.46,0.23,0.17,0.01,0.44,3.241424,0.01,0.38,0.15,1.07,12.45,0.36,0.9,0.11,0.41,68017126,0,0,-0.071428571,0.027272727,-0.14084507,0.158227848,0.18128655,0.239869989,-0.041666667,0.333333333,-1,-0.09375,-0.042083348,0,-0.962962963,0.090909091,-0.976744186,0.007228916,0.063492063,0.170212766,0.25,0,-0.973078013,0,0
0,2019,2.845,0.96,0.08,0.21,2.23,0.16,49.47,0.3,-0.05,24.73,0.58,16.267555,0.16,-0.01,-0.01,-0.04,13.9,0.25,0.45,-0.02,-0.02,-8132680,0,1,0,0,0,0,0,1,0,7.161,1.04,0.08,0.21,2.1,0.13,45.93,0.21,0.04,17.35,0.55,16.02968,0.13,0.08,0.06,0.36,13.87,0.22,0.48,0.08,0.26,58897125,0,0,1,5.875,1.06,0.08,0.21,1.95,0.23,43.39,0.24,0.06,17.58,0.58,15.978273,0.11,0.1,0.07,0.37,13.84,0.27,0.51,0.1,0.27,71598917,0,0,-0.602709119,-0.076923077,0.061904762,0.230769231,0.214285714,0.077073808,0.428571429,-2.25,0.425360231,0.054545455,0.01483966,0.230769231,-1.125,-1.166666667,-1.111111111,0.002162942,0.136363636,-0.0625,-1.25,-1.076923077,-1.138082801,0,0
0,2013,4.921,1.01,0.04,0.32,1.63,0.46,45.97,0.44,0.01,18.59,0.39,7.763841,0.05,0.02,0.04,0.06,13.22,0.37,0.62,0.04,0.11,8589858,0,0,1,0,0,0,0,1,0,4.445,1.32,0.04,0.32,1.51,0.49,53.28,0.31,0.28,22.54,0.45,7.994386,0.06,0.07,0.22,0.17,13.25,0.41,0.66,0.07,0.55,27847097,0,0,1,6.64,1.03,0.04,0.32,1.93,0.57,44.98,0.43,0.03,28.44,0.44,7.672721,0.06,0.03,0.05,0.07,13.12,0.4,0.52,0.03,0.14,9122845,0,0,0.107086614,-0.234848485,0.079470199,-0.06122449,-0.15942029,-0.1371997,0.419354839,-0.964285714,-0.175244011,-0.133333333,-0.028838362,-0.166666667,-0.714285714,-0.818181818,-0.647058824,-0.002264151,-0.097560976,-0.060606061,-0.428571429,-0.8,-0.691534884,0,0
0,2020,1.512,0.98,0.07,0.36,3.17,0.41,42.77,0.52,-0.04,37.91,0.53,10.194916,0.14,0.02,0.02,0.06,14.87,0.34,0.32,0.03,0.07,38373447,0,0,0,0,0,0,0,1,0,5.819,1.04,0.07,0.36,3.22,0.33,57.5,0.46,0.07,42.92,0.64,11.622242,0.15,0.08,0.07,0.26,14.79,0.3,0.31,0.09,0.23,143322141,0,0,1,5.846,1.03,0.07,0.36,2.25,0.37,52.72,0.46,0.05,24.67,0.7,11.355705,0.1,0.07,0.06,0.21,14.71,0.33,0.44,0.04,0.19,116771683,0,0,-0.74016154,-0.057692308,-0.01552795,0.242424242,0.186046512,-0.256173913,0.130434783,-1.571428571,-0.116728798,-0.171875,-0.122809867,-0.066666667,-0.75,-0.714285714,-0.769230769,0.00540906,0.133333333,0.032258065,-0.666666667,-0.695652174,-0.73225737,0,0
0,2009,7.522,1.1,0.08,0.21,4.44,1.03,49.32,0.35,0.06,65.11,0.51,4.295115,0.19,0.07,0.11,0.14,12.25,0.53,0.23,0.09,0.21,10589874,0,0,0,0,0,0,0,1,0,8.089,1.08,0.08,0.21,3.8,1.23,49.94,0.36,0.04,39.11,0.54,4.48794,0.15,-0.02,0.1,-0.04,12.18,0.57,0.26,0.02,0.17,-2803076,0,0,1,8.069,1.07,0.08,0.21,3.36,1.18,51.74,0.37,0.04,13.46,0.51,4.492008,0.11,0.06,0.08,0.11,12.2,0.56,0.3,0.06,0.14,8536131,0,0,-0.070095191,0.018518519,0.168421053,-0.162601626,-0.155555556,-0.012414898,-0.027777778,0.5,0.664791613,-0.055555556,-0.042965147,0.266666667,-4.5,0.1,-4.5,0.005747126,-0.070175439,-0.115384615,3.5,0.235294118,-4.777947512,0,0
0,2013,4.474,1.08,0.41,0.14,-0.11,0,85.82,0.3,0.29,1.14,0.5,11.851735,1.45,2.18,0.21,1.52e+11,13.82,-1.3,-8.85,0.18,14689474400,1524242575,0,0,0,0,1,0,0,0,0,4.494,2.12,0.41,0.14,3.42,2.15,72.38,0.32,0.23,0.34,0.51,11.315135,0.23,-2.92,0.41,-4.1,12.94,0.71,0.29,0.33,0.58,-847836272,0,0,0,4.514,1.07,0.41,0.14,2.99,-0.76,64.81,0.32,0.17,0.25,0.5,10.599277,0.21,0.23,0.35,5825040100,12.8,-2.69,0.33,0.27,8878563800,58250401,0,0,-0.004450378,-0.490566038,-1.032163743,-1,-1.228915663,0.185686654,-0.0625,0.260869565,2.352941176,-0.019607843,0.047423208,5.304347826,-1.746575342,-0.487804878,-37073170733,0.068006182,-2.830985915,-31.51724138,-0.454545455,25326679999,-2.797802978,0,1
0,2020,0.118,0.75,0.05,0.25,3.5,2.9,54.14,0.43,-0.13,149.92,0.33,3.770657,0.21,-0.01,-0.03,-0.01,12.8,0.76,0.29,-0.01,-0.04,-1732009,0,1,1,0,0,0,0,0,1,0.122,0.82,0.05,0.25,3.26,2.58,43.45,0.4,-0.1,137.06,0.26,4.096698,0.19,0,-0.03,0,12.75,0.74,0.31,0,-0.04,-670010,0,1,1,7.179,1.05,0.05,0.25,4.22,1.97,44.14,0.37,0.03,155.72,0.24,4.072541,0.24,-0.06,0.04,-0.09,12.56,0.69,0.24,0.06,0.05,-11842209,0,0,-0.032786885,-0.085365854,0.073619632,0.124031008,0.117241379,0.246029919,0.075,0.3,0.093827521,0.269230769,-0.079586291,0.105263158,-1,0,-1,0.003921569,0.027027027,-0.064516129,-1,0,1.585049477,0,0
0,2012,4.068,0.95,0.05,0.42,1.47,1.23,52.33,0.42,-0.02,32.35,0.69,18.101481,0.07,-0.03,0.03,-0.05,13.28,0.62,0.68,0.01,0.05,-13046108,0,0,0,0,0,0,0,1,0,5.018,1.03,0.05,0.42,1.65,1.06,48.34,0.41,0.01,29.65,0.81,18.289121,0.08,0.08,0.06,0.14,13.25,0.58,0.61,0.05,0.11,32054635,0,0,1,1.001,0.97,0.05,0.42,1.91,1.32,50.39,0.43,-0.01,43.53,0.73,16.391901,0.12,0.01,0.06,0.01,13.17,0.62,0.52,0.01,0.1,2095381,0,0,-0.189318454,-0.077669903,-0.109090909,0.160377358,0.207407407,0.082540339,0.024390244,-3,0.091062395,-0.148148148,-0.010259651,-0.125,-1.375,-0.5,-1.357142857,0.002264151,0.068965517,0.114754098,-0.8,-0.545454545,-1.406995993,0,0
0,2019,5.846,1.06,0.14,0.27,4.96,0.05,64.02,0.43,0.07,1.04,0.52,12.501589,0.61,0.11,0.08,0.59,13.21,0.19,0.2,0.11,0.41,43288572,0,0,0,0,1,0,0,0,0,5.435,1.04,0.14,0.27,2.82,0.11,56.94,0.41,0.04,-3.45,0.53,12.443019,0.35,0.12,0.05,0.46,13.16,0.27,0.35,0.1,0.2,44872221,0,0,0,6.13,1,0.14,0.27,2.61,0.12,55.29,0.38,0,-0.87,0.5,9.597684,0.33,0.1,0.03,0.36,13,0.29,0.38,0.09,0.1,32072225,0,0,0.075620975,0.019230769,0.758865248,-0.545454545,-0.351351351,0.124341412,0.048780488,0.75,-1.301449275,-0.018867925,0.004707057,0.742857143,-0.083333333,0.6,0.282608696,0.003799392,-0.296296296,-0.428571429,0.1,1.05,-0.035292414,0,0
0,2018,7.52,1.04,0.14,0.29,5.99,0,44.58,0.46,0.06,9.28,0.4,7.962939,0.1,0.2,0.1,9.71,12.89,0.02,0.17,0.06,5.01,55205616,0,0,0,0,0,0,0,1,0,7.857,1.04,0.14,0.29,3.1,0,47.05,0.49,0.06,12.21,0.45,6.638418,0.07,0.2,0.1,5.65,12.67,0.04,0.32,0.06,2.78,45256348,0,0,1,7.893,1.05,0.14,0.29,3,0,44.52,0.45,0.05,12.81,0.58,6.825435,0.12,0.02,0.13,0.25,12.46,0.06,0.33,0.07,2.15,2735736,0,0,-0.042891689,0,0.932258065,0,-0.5,-0.052497343,-0.06122449,0,-0.23996724,-0.111111111,0.199523591,0.428571429,0,0,0.718584071,0.017363852,-0.5,-0.46875,0,0.802158273,0.219842485,0,0
0,2011,4.129,0.78,0.03,0.22,0.86,1.88,38.12,0.47,-0.05,3.36,0.64,10.093943,-0.04,-0.03,0.03,-0.03,12.6,0.76,1.16,0.01,0.04,-5420135,1,0,0,0,0,0,0,0,0,2.883,0.65,0.03,0.22,0.85,1.79,38.53,0.44,-0.09,9.34,0.64,10.306214,-0.05,0.24,0,0.32,12.66,0.75,1.18,0.11,0,53232929,1,0,0,2.324,-15.78,0.03,0.22,0.7,75.17,37.78,0.3,-0.13,7.42,0.65,11.375803,-0.13,-0.11,-0.02,-0.12,12.47,0.99,1.43,0.01,-0.02,-20829050,1,0,0.432188692,0.2,0.011764706,0.05027933,0.07,-0.010641059,0.068181818,-0.444444444,-0.640256959,0,-0.020596409,-0.2,-1.125,3,-1.09375,-0.004739336,0.013333333,-0.016949153,-0.909090909,4,-1.101819214,0,0
0,2010,7.124,1.06,0.04,0.35,0.45,0.09,37.12,0.29,0.07,0,0.69,6.74467,-0.1,0.11,0.1,0.44,12.6,0.24,2.24,0.11,0.41,21832620,1,0,0,0,0,0,0,1,0,8.122,1.03,0.04,0.35,0.4,0.11,37.34,0.31,0.04,0,0.72,6.565216,-0.13,0.13,0.08,0.45,12.52,0.29,2.52,0.13,0.27,24752525,1,0,1,7.595,1.09,0.04,0.35,0.83,0.15,39.91,0.32,0.08,107.31,0.77,6.669572,-0.05,-0.06,0.1,-0.14,12.47,0.39,1.2,-0.06,0.26,-10028298,1,1,-0.122876139,0.029126214,0.125,-0.181818182,-0.219512195,-0.005891805,-0.064516129,0.75,0,-0.041666667,0.027334059,-0.230769231,-0.153846154,0.25,-0.022222222,0.006389776,-0.172413793,-0.111111111,-0.153846154,0.518518519,-0.117963925,0,0
0,2019,4.55,1.15,0.18,0.2,2.86,0.59,43.64,0.3,0.08,116.19,0.79,45.071642,0.31,0.07,0.11,0.15,14.82,0.48,0.35,0.11,0.24,140241986,0,0,1,1,0,0,0,0,1,5.792,1.12,0.18,0.2,3.57,0.68,47.28,0.33,0.06,128.36,0.77,39.324,0.37,0.05,0.1,0.11,14.7,0.49,0.28,0.08,0.21,89774771,0,0,1,4.565,1.16,0.18,0.2,3.82,0.7,46.38,0.32,0.07,130.49,0.76,36.537871,0.4,0.06,0.12,0.12,14.6,0.49,0.26,0.09,0.25,89725348,0,0,-0.214433702,0.026785714,-0.198879552,-0.132352941,-0.052083333,-0.076988156,-0.090909091,0.333333333,-0.094811468,0.025974026,0.146161174,-0.162162162,0.4,0.1,0.363636364,0.008163265,-0.020408163,0.25,0.375,0.142857143,0.562153648,0,0
0,2013,7.55,1.02,0.23,0.26,2.12,-0.68,52.07,0.44,0.03,0.71,0.34,3.672253,0.17,0.24,0.12,954185900,10.97,-1.65,0.47,0.12,504794300,9541859,0,0,0,0,1,0,0,0,0,6.592,1.03,0.23,0.26,2.21,-0.64,46.42,0.43,0.04,1.35,0.37,3.724219,0.17,0.16,0.15,670934800,11,-1.36,0.45,0.11,616683200,6709348,0,0,0,5.843,1.04,0.23,0.26,2.36,-0.6,42.06,0.39,0.04,2.52,0.38,3.555919,0.18,0.17,0.15,702529900,11.02,-1.15,0.42,0.11,637241200,7025299,0,0,0.14532767,-0.009708738,-0.040723982,0.0625,0.068965517,0.121714778,0.023255814,-0.25,-0.474074074,-0.081081081,-0.01395353,0,0.5,-0.2,0.422173809,-0.002727273,0.213235294,0.044444444,0.090909091,-0.181436595,0.422173809,1,1
0,2021,3.852,0.82,0.25,0.25,0.81,0.32,51.13,0.37,-0.09,0,0.48,4.123141,-0.05,0.02,-0.08,0.07,11.67,0.26,1.23,0.02,-0.31,1539535,0,0,0,0,0,0,0,1,0,3.267,0.79,0.25,0.25,0.57,0.01,42.04,0.38,-0.11,-0.06,0.49,3.608917,-0.13,-0.03,-0.06,-0.09,11.72,0.32,1.74,-0.03,-0.2,-2459501,0,1,1,3.316,0.79,0.25,0.25,0.35,0.01,38.3,0.39,-0.1,-0.39,0.52,3.788082,-0.13,-0.14,-0.05,-0.7,11.61,0.2,2.87,-0.14,-0.27,-10819128,0,1,0.179063361,0.037974684,0.421052632,31,-0.255319149,0.216222645,-0.026315789,-0.181818182,-1,-0.020408163,0.142487067,-0.615384615,-1.666666667,0.333333333,-1.777777778,-0.004266212,-0.1875,-0.293103448,-1.666666667,0.55,-1.625954208,0,0
0,2010,8.088,2.14,0.02,0.26,3.07,4.77,48.51,0.32,0.04,0.95,0.48,4.252378,0.55,-2.18,0.5,-2.5,10.75,0.87,0.33,0.13,0.57,-70949670,0,0,0,0,0,0,1,0,0,2.153,1,0.02,0.26,3.48,1.36,54.63,0.36,0,65.66,0.51,4.165929,0.18,-0.02,0.06,-0.04,12.53,0.61,0.29,-0.02,0.1,-4667204,0,1,0,0.11,0.8,0.02,0.26,9.14,1.38,70.07,0.45,-0.17,302.82,0.62,4.505152,0.48,-0.01,-0.02,-0.01,12.58,0.6,0.11,-0.02,-0.04,-1150763,0,1,2.756618672,1.14,-0.117816092,2.507352941,3.419354839,-0.112026359,-0.111111111,4,-0.985531526,-0.058823529,0.020751434,2.055555556,108,7.333333333,61.5,-0.142059058,0.426229508,0.137931034,-7.5,4.7,14.20175034,0,0
0,2020,5.836,0.76,0.06,0.3,1.57,-4,42.12,0.21,0.06,151.61,0.12,0.420859,0.19,-0.07,0.1,-0.06,10.96,1.22,0.64,0.08,0.08,-2999122,0,0,0,0,1,0,0,0,0,4.481,-0.05,0.06,0.3,2.37,-6.33,37.31,0.19,0.14,144.75,0.15,0.470186,0.3,0.04,0.27,0.03,10.95,1.15,0.42,0.15,0.23,1517546,0,0,0,6.581,0.81,0.06,0.3,2.24,-5.02,38.58,0.22,0.04,146.73,0.14,0.457148,0.27,0.02,0.17,0.02,10.89,1.2,0.45,0.05,0.14,893785,0,0,0.30238786,-16.2,-0.337552743,-0.368088468,-0.2899106,0.128919861,0.105263158,-0.571428571,0.047392055,-0.2,-0.104909546,-0.366666667,-2.75,-0.62962963,-3,0.000913242,0.060869565,0.523809524,-0.466666667,-0.652173913,-2.976297259,0,0
0,2018,8.114,1.08,0,0.46,1.82,0.04,45.99,0.54,0.05,17.06,0.22,2.112004,0.13,0,0.14,0,10.78,0.19,0.55,0,0.75,-2172,0,1,0,0,0,0,0,1,0,5.944,1.02,0,0.46,1.74,0.32,40,0.55,0.01,9.67,0.24,2.108652,0.1,-0.07,0.09,-0.48,10.72,0.14,0.57,-0.06,0.65,-2047060,0,1,1,5.42,1.03,0,0.46,2.39,0.32,44.67,0.57,0.02,7.48,0.22,1.844616,0.13,-0.04,0.09,-0.41,10.74,0.09,0.42,-0.04,0.95,-1260734,0,1,0.365074024,0.058823529,0.045977011,-0.875,0.4375,0.14975,-0.018181818,4,0.764219235,-0.083333333,0.001589641,0.3,-1,0.555555556,-1,0.005597015,0.357142857,-0.035087719,-1,0.153846154,-0.998938966,0,0
0,2009,3.815,0.93,0.09,0.4,3.47,0.72,71.71,0.39,-0.04,78.82,0.83,36.846074,0.38,0.02,0.02,0.03,14.98,0.51,0.29,0.04,0.03,34210649,0,0,0,0,0,0,0,0,1,1.738,0.98,0.09,0.4,3.88,0.74,60.52,0.39,-0.01,105.51,0.81,35.909619,0.41,0.08,0.04,0.16,14.95,0.51,0.26,0.08,0.08,170986820,0,0,1,2.34,0.87,0.09,0.4,3.92,0.9,69.58,0.39,-0.07,88.8,0.83,35.894465,0.39,0,0,0,14.85,0.54,0.26,0.1,0,0,0,0,1.195051784,-0.051020408,-0.105670103,-0.027027027,0,0.184897555,0,3,-0.252961805,0.024691358,0.02607811,-0.073170732,-0.75,-0.5,-0.8125,0.002006689,0,0.115384615,-0.5,-0.625,-0.799922304,0,0
0,2015,3.876,0.98,0.06,0.32,3.94,0.43,36.52,0.4,-0.02,122.4,0.62,16.324056,0.26,0.01,0.02,0.02,13.45,0.36,0.25,0.04,0.04,3848022,0,0,0,0,0,0,0,0,0,0.116,0.89,0.06,0.32,3.69,0.44,31.05,0.43,-0.1,104.77,0.56,14.621251,0.24,0.02,-0.05,0.05,13.45,0.37,0.27,0.01,-0.13,9263230,0,0,0,0.144,0.9,0.06,0.32,3.44,0.46,30.49,0.44,-0.08,153.59,0.59,14.72084,0.3,0.01,-0.03,0.01,13.47,0.4,0.29,0.02,-0.09,2813620,0,0,32.4137931,0.101123596,0.067750678,-0.022727273,-0.017241379,0.176167472,-0.069767442,-0.8,0.168273361,0.107142857,0.116460965,0.083333333,-0.5,-1.4,-0.6,0,-0.027027027,-0.074074074,3,-1.307692308,-0.584591768,0,0
0,2021,3.854,1.43,0.04,0.21,0.48,-0.86,43.83,0.5,-0.11,0,0.5,6.29417,-0.59,0.1,-0.2,0.05,10.95,1.91,2.09,-0.18,-0.11,4038778,1,1,0,0,1,0,1,0,0,3.32,1.48,0.04,0.21,0.45,-0.83,46.57,0.51,-0.15,0,0.46,5.988922,-0.64,-0.31,-0.32,-0.16,11,1.96,2.21,-0.31,-0.16,-12849296,1,1,0,3.865,1.6,0.04,0.21,0.72,-1.14,50.54,0.44,-0.11,0,0.5,7.032767,-0.25,-0.39,-0.24,-0.23,10.99,1.66,1.39,-0.35,-0.15,-15990846,1,1,0.160843373,-0.033783784,0.066666667,0.036144578,0.029411765,-0.058836161,-0.019607843,-0.266666667,0,0.086956522,0.050968772,-0.078125,-1.322580645,-0.375,-1.3125,-0.004545455,-0.025510204,-0.054298643,-0.419354839,-0.3125,-1.31431901,0,0
0,2019,0.046,0.5,0.06,0.3,1.72,0.93,122.09,1.28,-1.27,412.16,0.19,0.702584,0.31,-0.03,-0.12,-0.05,11.2,0.71,0.58,-0.01,-0.17,-1672755,0,1,1,0,0,0,0,0,0,0.045,0.64,0.06,0.3,1.61,0.32,92.89,1.16,-1.03,7.71,0.09,0.443436,0.19,-0.12,-0.2,-0.38,10.45,0.31,0.62,-0.02,-0.65,-2831808,0,1,0,0.042,0.73,0.06,0.3,8.97,0.31,65.43,1.07,-0.88,28.39,0.14,0.452332,0.49,-0.02,-0.19,-0.06,10.56,0.28,0.11,0.01,-0.67,-460868,0,0,0.022222222,-0.21875,0.068322981,1.90625,4.355555556,0.314350307,0.103448276,0.233009709,52.45784695,1.111111111,0.584409024,0.631578947,-0.75,-0.4,-0.868421053,0.071770335,1.290322581,-0.064516129,-0.5,-0.738461538,-0.409297876,0,0
0,2019,2.83,-0.16,0.04,0.25,3.91,2.94,39.19,0.42,-0.11,6.05,0.58,11.363967,0.32,0.02,-0.18,0.02,12.11,0.77,0.26,-0.11,-0.23,2412492,0,1,0,0,0,0,1,0,0,7.43,1.06,0.04,0.25,2.56,2.42,83.09,0.44,0.01,6.91,0.61,11.086932,0.3,0.15,0.11,0.2,11.98,0.76,0.39,0.17,0.14,16842664,0,0,0,1.173,0.52,0.04,0.25,1.78,7.25,88.62,0.45,-0.01,11.4,0.61,11.253407,0.24,0.15,0.07,0.16,11.99,0.92,0.56,0.16,0.08,17004000,0,0,-0.619111709,-1.150943396,0.52734375,0.214876033,0.058641975,-0.528342761,-0.045454545,-12,-0.124457308,-0.049180328,0.024987526,0.066666667,-0.866666667,-2.636363636,-0.9,0.010851419,0.013157895,-0.333333333,-1.647058824,-2.642857143,-0.856763039,0,0
0,2020,6.286,0.73,0.52,0,0.27,-4.31,56.11,0.29,0.04,80.61,0.64,9.71824,-0.6,-0.3,0.02,-0.28,14.42,1.05,3.69,0.03,0.02,-380775892,1,0,0,0,0,0,0,0,0,5.783,1.67,0.52,0,0.3,0.93,48.96,0.21,0.33,26.84,0.67,10.042388,-0.4,0.08,0.16,0.1,14.53,0.78,3.33,0.26,0.21,113322899,1,0,0,2.696,0.94,0.52,0,0.75,1.16,66.41,0.31,-0.03,76.45,0.66,11.373421,-0.12,0.16,-0.01,0.21,14.08,0.73,1.34,-0.3,-0.02,142150129,1,1,0.086979077,-0.562874251,-0.1,-5.634408602,-6.664772727,0.146037582,0.380952381,-0.878787879,2.003353204,-0.044776119,-0.03227798,0.5,-4.75,-0.875,-3.8,-0.007570544,0.346153846,0.108108108,-0.884615385,-0.904761905,-4.360096639,0,0
0,2015,0.031,1.13,0.2,0.49,0.03,0.32,49.51,0.42,-0.56,-2.57,0.05,1.094436,-6.98,-0.39,-0.73,-0.05,10.07,7.18,35.51,-0.77,-0.1,-6391503,0,1,0,0,1,0,0,0,0,0.028,1.15,0.2,0.49,0.04,0.32,46.32,0.38,-0.57,-1.99,0.11,1.161369,-6.19,-0.69,-0.74,-0.11,10.14,6.43,26.47,-0.69,-0.11,-12088547,0,1,0,0.057,1.12,0.2,0.49,0.04,0.32,47.43,0.32,-0.31,-3.07,0.13,1.306774,-5.93,-0.58,-0.6,-0.09,10.05,6.16,27.88,-0.58,-0.1,-9342874,0,1,0.107142857,-0.017391304,-0.25,0,-0.016949153,0.068868739,0.105263158,-0.01754386,0.291457286,-0.545454545,-0.057632845,0.127625202,-0.434782609,-0.013513514,-0.545454545,-0.006903353,0.116640747,0.3415187,0.115942029,-0.090909091,-0.471276159,0,0
0,2014,3.26,0.88,0.05,0.49,1.17,0.94,38.45,0.62,-0.03,44.85,0.67,5.897592,0.05,-0.02,0.05,-0.04,11.56,0.64,0.85,0.04,0.08,-1805387,0,0,0,0,0,0,0,0,0,4.638,1.06,0.05,0.49,1.29,1.18,32.17,0.58,0.02,47.24,0.77,6.031804,0.1,0,0.09,0,11.79,0.7,0.77,0.09,0.13,-255166,0,0,0,8.309,1.07,0.05,0.49,1.24,1.2,37.37,0.59,0.02,45.83,0.74,6.235632,0.08,0.01,0.09,0.01,11.84,0.71,0.81,0.07,0.12,549351,0,0,-0.297110824,-0.169811321,-0.093023256,-0.203389831,-0.213973799,0.195212931,0.068965517,-2.5,-0.050592718,-0.12987013,-0.022250723,-0.5,-2,-0.444444444,-4,-0.019508058,-0.085714286,0.103896104,-0.555555556,-0.384615385,6.07534311,0,0
0,2008,4.128,0.84,0.06,0.4,1.65,0.59,48.71,0.45,-0.06,4.19,0.54,3.677902,0.11,-0.06,0.03,-0.13,11.59,0.47,0.61,-0.06,0.07,-4519486,0,1,0,0,0,0,1,0,0,4.315,0.86,0.06,0.4,3.19,0.56,48.12,0.41,-0.06,8.19,0.57,3.664679,0.18,0,0.01,-0.01,11.59,0.41,0.31,-0.07,0.03,-305128,0,1,0,0.438,0.88,0.06,0.4,2.7,0.55,59.24,0.49,-0.06,7.58,0.62,3.822661,0.16,0,0.04,0,11.6,0.41,0.37,-0.06,0.09,0,0,1,-0.043337196,-0.023255814,-0.482758621,0.053571429,0.285714286,0.012261014,0.097560976,0,-0.488400488,-0.052631579,0.003608229,-0.388888889,-6,2,12,0,0.146341463,0.967741935,-0.142857143,1.333333333,13.8117708,0,0
0,2020,4.491,1.12,0.02,0.46,0.51,-0.67,-1.27,0.39,0.13,0.02,0.34,2.771172,-0.11,0.28,0.4,737323000,10.53,-1.36,1.96,0.29,1035433000,7373230,0,0,0,0,1,0,0,1,0,4.51,1.13,0.02,0.46,0.66,-0.61,-2.7,0.39,0.11,0.01,0.3,2.567367,-0.06,0.22,0.37,583475700,10.53,-1.07,1.52,0.27,950198000,5834757,0,0,1,4.543,1.12,0.02,0.46,0.86,-0.55,2.26,0.4,0.1,0.01,0.29,2.45237,-0.02,0.22,0.29,575758200,10.54,-0.83,1.16,0.22,767651200,5757582,0,0,-0.00421286,-0.008849558,-0.227272727,0.098360656,0.115384615,-0.52962963,0,0.181818182,1,0.133333333,0.079382885,0.833333333,0.272727273,0.081081081,0.263673877,0,0.271028037,0.289473684,0.074074074,0.089702357,0.263673877,1,1
0,2009,4.093,-8.9,0.13,0.19,0.91,10.45,49.28,0.4,-0.1,0.09,0.65,7.889374,-0.07,-0.08,-0.12,-0.08,12.18,0.99,1.09,-0.01,-0.12,-11383507,0,1,0,0,1,0,0,0,0,0.424,-0.04,0.13,0.19,0.72,0.68,52.91,0.35,-0.07,0.19,0.73,8.639118,-0.19,0,-0.19,-0.01,11.5,0.81,1.38,0.05,-0.23,-323287,0,0,0,0.592,0.13,0.13,0.19,0.57,0.32,53.91,0.38,-0.06,0.43,0.73,8.750055,-0.35,0,-0.13,0,11.64,0.83,1.75,0.09,-0.16,0,0,0,8.653301887,221.5,0.263888889,14.36764706,16.40047393,-0.068607069,0.142857143,0.428571429,-0.526315789,-0.109589041,-0.086784785,-0.631578947,-8,-0.368421053,7,0.059130435,0.222222222,-0.210144928,-1.2,-0.47826087,34.21176849,0,0
0,2017,1.34,1.11,0.07,0.3,0.09,-0.51,52.49,0.48,-0.02,-0.61,0.08,0.707128,-0.95,0.02,0.04,0.02,10.61,1.09,11.22,0.02,0.04,625837,1,0,1,1,0,0,0,0,0,1.67,1.62,0.07,0.3,0.13,-0.4,63.6,0.55,-0.13,-2.93,0.06,0.607856,-0.92,-0.03,-0.03,-0.02,10.61,1.11,7.48,-0.03,-0.02,-740244,1,1,0,2.483,2.21,0.07,0.3,0.13,-0.76,60.06,0.57,-0.21,-0.34,0.1,0.753135,-0.89,-0.05,-0.06,-0.04,10.6,1.08,7.95,-0.05,-0.05,-1331578,1,1,-0.19760479,-0.314814815,-0.307692308,0.275,0.228571429,-0.174685535,-0.127272727,-0.846153846,-0.791808874,0.333333333,0.163314996,0.032608696,-1.666666667,-2.333333333,-2,0,-0.018018018,0.5,-1.666666667,-3,-1.845446907,0,0
0,2008,8.414,1.01,0.02,0.26,1.43,0.32,50.83,0.4,0.01,34.21,0.7,20.34804,0.08,-0.02,0.05,-0.06,13.82,0.38,0.7,0.01,0.14,-15182248,0,0,0,0,0,0,0,1,0,3.235,0.99,0.02,0.26,1.95,0.43,52.24,0.41,-0.01,40.31,0.65,18.511522,0.11,0.04,0.04,0.1,13.86,0.38,0.51,0.09,0.1,29014542,0,0,1,3.319,0.92,0.02,0.26,2.07,0.46,64.06,0.44,-0.08,35.37,0.61,17.105778,0.11,0,0,0,13.81,0.39,0.48,0.05,-0.01,0,0,0,1.600927357,0.02020202,-0.266666667,-0.255813953,-0.016393443,-0.026990812,-0.024390244,-2,-0.151327214,0.076923077,0.099209455,-0.272727273,-1.5,0.25,-1.6,-0.002886003,0,0.37254902,-0.888888889,0.4,-1.523263404,0,0
0,2016,1.325,0.96,0.1,0.38,3.3,0.36,73.1,0.55,-0.03,54.88,0.32,3.918542,0.28,0.01,0.02,0.04,11.29,0.35,0.3,0.01,0.06,697188,0,0,0,0,0,1,0,0,0,6.293,1.03,0.1,0.38,3.07,0.38,78.7,0.5,0.02,38.45,0.37,4.256353,0.26,0.06,0.08,0.16,11.29,0.37,0.33,0.06,0.21,3328945,0,0,0,3.655,0.87,0.1,0.38,2.96,0.44,87.92,0.54,-0.08,38.9,0.33,3.767754,0.25,0.01,-0.01,0.02,11.24,0.4,0.34,0.01,-0.02,465331,0,0,-0.789448594,-0.067961165,0.074918567,-0.052631579,-0.051724138,-0.07115629,0.1,-2.5,0.427308192,-0.135135135,-0.079366303,0.076923077,-0.833333333,-0.75,-0.75,0,-0.054054054,-0.090909091,-0.833333333,-0.714285714,-0.790567883,0,0
0,2020,0.036,0.1,0.11,0.13,1.85,1.03,64.8,0.93,-1.81,63.39,0.73,32.996023,0.12,0.03,-0.36,0.06,15.43,0.58,0.54,0.07,-0.62,117254783,0,0,1,0,0,0,1,0,0,0.034,0.11,0.11,0.13,1.95,1.01,62.59,0.85,-1.64,93.89,0.79,38.574337,0.16,0.05,-0.35,0.08,15.37,0.59,0.51,0.05,-0.59,150427486,0,0,0,0.034,0.01,0.11,0.13,2.1,1.14,66.18,0.88,-1.8,100.41,0.77,35.379895,0.18,0.03,-0.36,0.04,15.31,0.61,0.48,0.03,-0.59,82131152,0,0,0.058823529,-0.090909091,-0.051282051,0.01980198,-0.021276596,0.035309155,0.094117647,0.103658537,-0.324848227,-0.075949367,-0.144612051,-0.25,-0.4,0.028571429,-0.25,0.003903709,-0.016949153,0.058823529,0.4,0.050847458,-0.220522884,0,0
0,2010,3.282,0.96,0.04,0.26,3.92,0.76,33.18,0.43,-0.02,110.92,0.59,10.550829,0.43,0.05,0.04,0.09,12.38,0.52,0.26,0.06,0.08,7920052,0,0,0,0,0,0,0,1,0,7.757,1.01,0.04,0.26,3.97,0.87,35.5,0.42,0,102.48,0.64,11.124133,0.41,0.16,0.07,0.3,12.32,0.54,0.25,0.05,0.12,25317401,0,0,1,0.178,0.74,0.04,0.26,3.21,1.67,39.68,0.46,-0.06,90.05,0.67,11.293976,0.38,-0.07,-0.03,-0.1,12.29,0.69,0.31,0.03,-0.04,-10085250,0,0,-0.576898285,-0.04950495,-0.012594458,-0.126436782,-0.094017094,-0.065352113,0.023809524,-2,0.082357533,-0.078125,-0.05153696,0.048780488,-0.6875,-0.428571429,-0.7,0.00487013,-0.037037037,0.04,0.2,-0.333333333,-0.687169627,0,0
0,2015,8.082,1.07,0.03,0.27,3.78,0.2,47.87,0.56,0.06,73.48,0.42,2.430113,0.25,0.09,0.11,0.39,11.66,0.24,0.26,0.09,0.46,7625037,0,0,1,0,0,0,0,1,0,5.098,1.04,0.03,0.27,4.16,0.27,53.81,0.58,0.03,63.77,0.43,2.6084,0.25,0.08,0.09,0.3,11.57,0.27,0.24,0.08,0.34,5942171,0,0,1,4.791,1.04,0.03,0.27,3.84,0.33,57.88,0.55,0.03,46.21,0.39,2.310416,0.21,0.09,0.1,0.3,11.5,0.3,0.26,0.09,0.34,6233987,0,0,0.585327579,0.028846154,-0.091346154,-0.259259259,-0.135135135,-0.110388404,-0.034482759,1,0.152265956,-0.023255814,-0.068351096,0,0.125,0.222222222,0.3,0.007778738,-0.111111111,0.083333333,0.125,0.352941176,0.283207265,0,0
0,2019,4.546,1.18,0.27,0.28,2.21,1.07,35.44,0.34,0.06,40.05,0.66,9.382789,0.19,0.04,0.14,0.07,12.84,0.59,0.45,0.13,0.24,11630750,0,0,0,0,0,0,0,0,0,7.198,1.1,0.27,0.28,1.68,1.09,36.08,0.4,0.03,54.26,0.68,9.45324,0.11,0.08,0.1,0.13,12.73,0.6,0.59,0.12,0.17,18945836,0,0,0,5.859,1.17,0.27,0.28,1.28,1.53,40.22,0.43,0.05,20.19,0.74,9.899294,0.04,-0.02,0.13,-0.03,12.7,0.67,0.78,0.11,0.19,-4794839,0,0,-0.368435677,0.072727273,0.31547619,-0.018348624,-0.006756757,-0.017738359,-0.15,1,-0.26188721,-0.029411765,-0.007452577,0.727272727,-0.5,0.4,-0.461538462,0.008641005,-0.016666667,-0.237288136,0.083333333,0.411764706,-0.386105211,0,0
0,2021,3.586,0.96,0,0.35,0.65,0.03,40,0.29,-0.03,4.75,0.64,9.268517,-0.11,0,0.02,0,12.61,0.32,1.53,0,0.06,212368,1,0,0,0,0,0,1,0,0,2.837,0.93,0,0.35,0.84,0.03,50.63,0.3,-0.04,4.05,0.64,9.127615,-0.04,0.04,0,0.13,12.56,0.29,1.19,-0.01,0.01,7672842,1,1,0,7.392,1,0,0.35,2,0.15,42.97,0.27,0,3.46,0.51,9.426743,0.11,0.11,0,0.48,12.42,0.23,0.5,0.04,0,18781223,0,0,0.26401128,0.032258065,-0.226190476,0,0.146341463,-0.209954572,-0.033333333,-0.25,0.172839506,0,0.015436891,1.75,-1,2,-1,0.003980892,0.103448276,0.285714286,-1,5,-0.97232212,0,0
0,2015,3.297,0.8,0.05,0.25,0.88,0.78,45.3,0.51,-0.09,0,0.23,2.748602,-0.02,-0.06,0.04,-0.12,11.08,0.55,1.14,-0.06,0.07,-2934966,0,1,1,1,0,0,0,0,0,2.319,0.74,0.05,0.25,0.89,0.78,50.88,0.56,-0.14,0,0.25,2.947275,-0.02,-0.07,-0.01,-0.12,11.19,0.54,1.12,-0.06,-0.02,-3381749,0,1,0,3.246,0.85,0.05,0.25,0.96,0.73,39.48,0.5,-0.09,0,0.29,3.23437,-0.01,-0.07,0.03,-0.13,11.27,0.51,1.04,-0.04,0.06,-3691134,0,1,0.421733506,0.081081081,-0.011235955,0,0.050847458,-0.109669811,-0.089285714,-0.357142857,0,-0.08,-0.067409047,0,-0.142857143,-5,0,-0.009830206,0.018518519,0.017857143,0,-4.5,-0.132115955,0,0
0,2021,4.538,1.14,0.09,0.22,1,0.32,31.42,0.42,0.2,0.02,0.24,2.170397,0,-0.16,0.12,-1.18,11.19,0.14,1,0,0.89,-8220281,1,0,0,1,0,0,0,0,0,0.135,0.88,0.09,0.22,0.68,0,35.77,0.42,-0.34,0.02,0.19,2.439655,-0.03,-0.06,-0.08,-0.76,11.3,0.09,1.47,-0.03,-0.91,-3647380,1,1,0,2.318,0.95,0.09,0.22,1.42,0.32,41.71,0.42,-0.13,-0.44,0.29,2.977328,0.02,-0.07,-0.02,-1.42,11.33,0.05,0.7,-0.02,-0.37,-4310713,0,1,32.61481481,0.295454545,0.470588235,32,0.777777778,-0.121610288,0,-1.588235294,0,0.263157895,-0.110367245,-1,1.666666667,-2.5,0.552631579,-0.009734513,0.555555556,-0.319727891,-1,-1.978021978,1.253749541,0,0
0,2021,1.68,0.99,0.05,0.45,4.57,0.11,49.77,0.55,-0.01,159.71,0.38,2.762522,0.29,0.12,0.03,0.71,12.81,0.17,0.22,0.12,0.15,31320343,0,0,1,0,0,0,0,0,1,1.532,0.93,0.05,0.45,2.99,0.11,54.88,0.61,-0.1,100.71,0.32,2.087043,0.19,0.06,-0.02,0.32,12.67,0.18,0.33,0.06,-0.1,12959491,0,0,1,3.613,0.96,0.05,0.45,3.05,0.12,75.57,0.57,-0.05,67.57,0.36,2.124253,0.18,0.07,0.01,0.36,12.6,0.19,0.33,0.07,0.04,13971117,0,0,0.096605744,0.064516129,0.528428094,0,-0.086956522,-0.093112245,-0.098360656,-0.9,0.585840532,0.1875,0.323653609,0.526315789,1,-2.5,1.21875,0.011049724,-0.055555556,-0.333333333,1,-2.5,1.416788051,0,0
0,2012,8.129,1.06,0.1,0.27,1.53,0.83,35.9,0.41,0.04,73.55,0.28,2.413516,0.07,0.02,0.07,0.04,11.42,0.53,0.66,0.03,0.13,1200414,0,0,0,0,0,0,0,1,0,4.549,1.12,0.1,0.27,2.52,0.76,44.07,0.37,0.08,130.71,0.38,2.661429,0.22,0.06,0.1,0.11,11.35,0.51,0.4,0.06,0.2,3355807,0,0,1,6.155,1.02,0.1,0.27,1.5,0.89,33,0.35,0.01,41.53,0.37,2.770401,0.06,0.01,0.08,0.03,11.27,0.53,0.67,0.03,0.14,817249,0,0,0.786986151,-0.053571429,-0.392857143,0.092105263,0.076190476,-0.185386885,0.108108108,-0.5,-0.437303955,-0.263157895,-0.093150334,-0.681818182,-0.666666667,-0.3,-0.636363636,0.006167401,0.039215686,0.65,-0.5,-0.35,-0.642287533,0,0
0,2008,0.143,-1.17,0.06,0.38,1.53,2.88,49.59,0.47,-0.28,13.93,0.37,4.054846,0.12,-0.2,-0.36,-0.25,10.73,0.8,0.65,-0.39,-0.45,-6381755,0,1,0,1,0,0,0,1,0,3.587,0.74,0.06,0.38,1.75,0.78,60.34,0.45,-0.07,13.94,0.39,4.109156,0.18,-0.16,-0.04,-0.28,10.66,0.57,0.57,-0.04,-0.06,-4820367,0,1,1,6.59,1.33,0.06,0.38,1.89,0.57,45.13,0.4,0.1,27.01,0.4,4.038157,0.21,0,0.22,0,10.85,0.51,0.53,0.2,0.44,0,0,0,-0.960133817,-2.581081081,-0.125714286,2.692307692,2,-0.17815711,0.044444444,3,-0.00071736,-0.051282051,-0.013216826,-0.333333333,0.25,8,-0.107142857,0.006566604,0.403508772,0.140350877,8.75,6.5,0.323914756,0,0
0,2012,2.841,0.93,0.06,0.3,2.45,1.32,45.11,0.42,-0.03,105.22,0.13,2.813057,0.24,0.04,0.02,0.06,12.33,0.64,0.41,0.03,0.03,6235000,0,0,0,0,0,0,0,0,0,3.838,0.96,0.06,0.3,2.1,1.33,39.63,0.42,-0.02,120.42,0.17,3.195061,0.21,0.03,0.03,0.05,12.24,0.65,0.48,0.01,0.05,4464000,0,0,0,0.117,0.78,0.06,0.3,2.24,0.72,39.87,0.42,-0.09,109.48,0.2,3.05291,0.28,0.05,-0.04,0.09,11.9,0.55,0.45,0.04,-0.06,5013000,0,0,-0.259770714,-0.03125,0.166666667,-0.007518797,-0.048128342,0.138279082,0,0.5,-0.12622488,-0.235294118,-0.119560785,0.142857143,0.333333333,-0.333333333,0.2,0.007352941,-0.015384615,-0.145833333,2,-0.4,0.396729391,0,0
0,2012,3.811,1.13,0.02,0.27,0.32,-2.88,43.24,0.48,-0.03,4.31,0.43,4.608329,-0.4,-0.02,0.11,-0.01,11.72,1.22,3.16,0.01,0.09,-1339608,1,0,0,0,0,0,0,1,0,2.348,1.25,0.02,0.27,0.35,-3.62,45.15,0.46,-0.05,2.11,0.45,4.521534,-0.31,-0.1,0.09,-0.08,11.75,1.2,2.88,-0.05,0.07,-8434366,1,1,1,2.346,1.53,0.02,0.27,0.48,-6.67,43.51,0.35,-0.06,15.26,0.51,4.761019,-0.21,-0.05,0.09,-0.04,11.76,1.1,2.1,-0.05,0.08,-4106913,1,1,0.623083475,-0.096,-0.085714286,-0.20441989,-0.075757576,-0.042303433,0.043478261,-0.4,1.042654028,-0.044444444,0.019195919,0.290322581,-0.8,0.222222222,-0.875,-0.002553191,0.016666667,0.097222222,-1.2,0.285714286,-0.84117265,0,0
0,2019,0.077,1.21,0.09,0.3,2.47,-1.94,56.8,0.52,-0.2,1.27,0.25,1.333656,0.12,-0.29,-0.12,-0.14,10.69,1.97,0.41,-0.2,-0.06,-8712846,0,1,0,0,1,0,0,0,0,0.131,1.19,0.09,0.3,2.68,-2.39,56.49,0.45,-0.12,3.71,0.23,1.139098,0.14,-0.27,-0.04,-0.16,10.73,1.66,0.37,-0.11,-0.02,-8689341,0,1,0,0.186,1.28,0.09,0.3,3.95,-3.44,75.09,0.47,-0.11,7.21,0.25,1.159134,0.19,-0.13,0,-0.1,10.74,1.38,0.25,-0.08,0,-4214516,0,1,-0.41221374,0.016806723,-0.078358209,-0.188284519,-0.194444444,0.005487697,0.155555556,0.666666667,-0.657681941,0.086956522,0.170800054,-0.142857143,0.074074074,2,-0.125,-0.003727866,0.186746988,0.108108108,0.818181818,2,0.002705038,0,0
0,2010,8.319,1.17,0.09,0.24,2.1,0.08,66.96,0.82,0.08,13.92,0.85,16.761371,0.21,0.08,0.19,0.31,13.16,0.25,0.48,0.21,0.78,27857893,0,0,0,0,0,0,0,0,0,8.335,1.14,0.09,0.24,2.13,0.11,62.71,0.76,0.06,17.72,0.85,16.372303,0.23,-0.01,0.17,-0.04,13.11,0.29,0.47,0.15,0.59,-3990378,0,0,0,8.3,1.13,0.09,0.24,1.61,0.13,59.94,0.69,0.07,6.91,0.87,15.951394,0.13,-0.06,0.15,-0.19,13.14,0.3,0.62,0.17,0.51,-20197892,0,0,-0.001919616,0.026315789,-0.014084507,-0.272727273,-0.175,0.067772285,0.078947368,0.333333333,-0.214446953,0,0.023763792,-0.086956522,-9,0.117647059,-8.75,0.003813883,-0.137931034,0.021276596,0.4,0.322033898,-7.981266687,0,0
0,2009,1.488,0.93,0.04,0.34,1.31,0.46,54.18,0.37,-0.08,8.48,0.62,14.453423,0.04,-0.19,0,-0.47,13.96,0.41,0.77,-0.19,0,-156131547,0,1,0,1,0,0,0,0,0,0.163,0.93,0.04,0.34,2.04,0.4,61.48,0.39,-0.12,0.28,0.62,14.041557,0.05,-0.04,-0.01,-0.13,14.1,0.32,0.49,-0.04,-0.04,-39568556,0,1,0,2.349,0.97,0.04,0.34,1.81,0.38,61.94,0.34,-0.05,0.08,0.59,13.864586,0.05,0,0.01,0,14.16,0.32,0.55,0.06,0.03,0,0,0,8.128834356,0,-0.357843137,0.15,0.510638298,-0.118737801,-0.051282051,-0.333333333,29.28571429,0,0.029331932,-0.2,3.75,-1,2.615384615,-0.009929078,0.28125,0.571428571,3.75,-1,2.945848997,0,0
0,2012,1.463,-1.09,0.06,0.36,0.69,4.17,50.47,0.53,-0.06,0.02,0.51,8.215241,-0.23,-0.05,-0.05,-0.05,11.75,0.95,1.46,-0.04,-0.06,-4227924,1,1,0,0,0,0,0,0,0,1.449,-1.65,0.06,0.36,-0.02,3.46,29.77,0.6,-0.17,1.81,0.56,8.814443,-0.51,-0.22,-0.25,-0.25,11.6,0.89,-52.12,-0.19,-0.28,-17002240,1,1,0,0.069,-0.07,0.06,0.36,0.12,1.15,35.84,0.53,-0.23,-48.67,0.6,9.181793,-0.33,0.03,-0.27,0.04,11.75,0.71,8.07,-0.02,-0.38,2450000,1,1,0.009661836,-0.339393939,-35.5,0.205202312,1.457433291,0.69533087,-0.116666667,-0.647058824,-0.988950276,-0.089285714,-0.067979565,-0.549019608,-0.772727273,-0.8,-0.8,0.012931034,0.06741573,-1.028012279,-0.789473684,-0.785714286,-0.751331354,0,0
0,2021,4.554,1.62,0.02,0.15,1.82,1.28,47.48,0.31,0.27,-0.49,0.59,3.378776,0.07,0.23,0.32,0.38,12.11,0.6,0.55,0.25,0.53,29165079,0,0,0,0,1,0,0,1,0,4.583,2.04,0.02,0.15,1.69,3.07,27.07,0.33,0.2,0.03,0.57,3.617132,0.05,0.21,0.31,0.27,11.83,0.77,0.59,0.24,0.41,19765833,0,0,1,5.847,7.64,0.02,0.15,2.48,47.99,46.73,0.37,0.13,0.01,0.57,3.525308,0.1,0.16,0.24,0.17,11.88,0.98,0.4,0.13,0.24,16282235,0,0,-0.006327733,-0.205882353,0.076923077,-0.583061889,-0.558823529,0.753971186,-0.060606061,0.35,-17.33333333,0.035087719,-0.065896406,0.4,0.095238095,0.032258065,0.407407407,0.023668639,-0.220779221,-0.06779661,0.041666667,0.292682927,0.475529971,0,0
0,2021,3.566,0.97,0.07,0.51,3.86,0.32,-103.17,2.57,-0.09,365.14,0.15,1.686955,0.26,0.04,-0.01,0.4,11.84,0.09,0.26,0.04,-0.16,3524404,0,0,0,0,0,0,0,1,0,3.316,0.98,0.07,0.51,5.68,0.32,73.93,0.48,-0.07,335.54,0.13,1.766277,0.27,0.04,-0.01,0.66,11.76,0.06,0.18,0.03,-0.17,3340860,0,0,1,2.9,0.97,0.07,0.51,12.42,0.32,103.16,0.58,-0.1,276.59,0.19,2.347616,0.27,0.05,-0.02,2.06,11.69,0.02,0.08,0.05,-0.87,4044088,0,0,0.075392039,-0.010204082,-0.320422535,0,0.666666667,-2.395509266,4.354166667,0.285714286,0.08821601,0.153846154,-0.044909151,-0.037037037,0,0,-0.393939394,0.006802721,0.5,0.444444444,0.333333333,-0.058823529,0.054939147,0,0
0,2016,7.9,0.96,0.05,0.1,2.15,-1.33,44.3,0.39,0.05,0.01,0.52,3.999592,0.18,0.12,0.4,0.03,10.95,3.59,0.46,0.13,0.11,4758916,0,0,0,0,1,0,0,0,0,6.056,1,0.05,0.1,2.57,-1.3,47.69,0.42,0,0.06,0.52,3.890293,0.22,-0.06,0.32,-0.01,10.89,3.88,0.39,0.03,0.08,-2080378,0,0,0,7.165,0.94,0.05,0.1,2.23,-1.34,49.74,0.41,0.08,0.01,0.51,3.963325,0.19,0.18,0.44,0.05,11.01,3.51,0.45,0.19,0.12,7520009,0,0,0.304491413,-0.04,-0.163424125,0.023076923,0.02962963,-0.071084085,-0.071428571,5,-0.833333333,0,0.028095313,-0.181818182,-3,0.25,-4,0.005509642,-0.074742268,0.179487179,3.333333333,0.375,-3.287524671,0,0
0,2018,0.266,0.93,0.01,0.4,0.67,0.91,52.37,0.44,-0.04,-25.33,0.54,6.572877,-0.04,0.17,0.03,0.31,12.58,0.53,1.5,0.04,0.05,33640959,1,0,0,0,0,0,0,1,0,3.276,0.82,0.01,0.4,0.72,1.73,43.81,0.46,-0.06,-15.9,0.57,6.906209,-0.03,0.18,0,0.27,12.49,0.67,1.38,0.01,0,33416443,1,0,1,3.477,0.96,0.01,0.4,1.06,4.38,41.45,0.44,-0.01,-0.24,0.54,6.631533,0.01,-0.13,0.06,-0.16,12.37,0.84,0.94,0.07,0.07,-22124821,0,0,-0.918803419,0.134146341,-0.069444444,-0.473988439,-0.441747573,0.195389181,-0.043478261,-0.333333333,0.593081761,-0.052631579,-0.048265554,0.333333333,-0.055555556,3,0.148148148,0.007205765,-0.208955224,0.086956522,3,5,0.006718728,0,0
0,2019,4.468,1.15,0.03,0.42,5.29,0.18,47.35,0.28,0.17,0.83,0.58,6.491144,0.11,0.07,0.15,0.4,13.04,0.18,0.19,0.15,0.87,22523000,0,0,0,0,0,0,0,1,0,4.544,1.07,0.03,0.42,6.68,0.16,50.29,0.32,0.09,8.88,0.58,6.061056,0.16,0.08,0.09,0.5,12.93,0.16,0.15,0.1,0.54,23535719,0,0,1,4.52,1.09,0.03,0.42,5.62,0.19,49.78,0.32,0.11,46.07,0.55,5.901785,0.14,0.12,0.1,0.63,12.86,0.18,0.18,0.14,0.55,30842281,0,0,-0.016725352,0.074766355,-0.208083832,0.125,0.05,-0.058460927,-0.125,0.888888889,-0.906531532,0,0.070959252,-0.3125,-0.125,0.666666667,-0.2,0.008507347,0.125,0.266666667,0.5,0.611111111,-0.043029023,0,0
0,2020,6.582,2.44,0.04,0.38,2.2,3.28,56.59,0.31,0.21,13.32,0.58,9.827642,0.17,-0.01,0.41,-0.01,12.73,0.8,0.45,-0.01,0.52,-1406019,0,1,0,0,0,0,1,0,0,6.58,2.54,0.04,0.38,2.4,3.15,75.04,0.29,0.23,0.22,0.58,9.251375,0.19,0.04,0.45,0.05,12.73,0.79,0.42,0.04,0.56,10126737,0,0,0,6.595,2.59,0.04,0.38,2.1,4.04,73.22,0.32,0.21,12.12,0.58,8.760452,0.17,-0.11,0.38,-0.13,12.71,0.83,0.48,-0.11,0.46,-24482735,0,1,0.000303951,-0.039370079,-0.083333333,0.041269841,0.044619423,-0.24586887,0.068965517,-0.086956522,59.54545455,0,0.062289876,-0.105263158,-1.25,-0.088888889,-1.2,0,0.012658228,0.071428571,-1.25,-0.071428571,-1.138842255,0,0
0,2011,4.117,0.99,0.01,0.55,3.67,0.36,44.27,0.59,-0.01,191.92,0.97,13.675671,0.29,0.01,0.03,0.04,13.95,0.34,0.27,0.03,0.08,11603000,0,0,0,0,0,0,0,0,1,5.843,1.05,0.01,0.55,3.89,0.35,47.71,0.42,0.05,192.11,0.92,12.627804,0.29,0.08,0.05,0.24,13.9,0.33,0.26,0.09,0.16,61695000,0,0,1,5.791,1.05,0.01,0.55,2.85,0.4,39.02,0.44,0.06,171.22,0.9,12.297105,0.23,0.3,0.06,0.81,13.84,0.38,0.35,0.11,0.16,217465000,0,0,-0.295396201,-0.057142857,-0.05655527,0.028571429,0.06,-0.072102285,0.404761905,-1.2,-0.000989017,0.054347826,0.082980936,0,-0.875,-0.4,-0.833333333,0.003597122,0.03030303,0.038461538,-0.666666667,-0.5,-0.811929654,0,0
0,2018,0.044,0.41,0.01,0.29,1.2,0.28,43.03,0.56,-0.27,10.99,0.47,3.165359,0.07,0.44,-0.24,0.86,11.11,0.51,0.83,-0.09,-0.47,20368127,0,1,0,0,0,0,0,0,0,0.045,-1.93,0.01,0.29,1.01,2.29,33.33,0.47,-0.2,14.05,0.26,1.899796,0,-0.05,-0.45,-0.05,10.03,0.84,0.99,-0.06,-0.54,-717880,0,1,0,0.054,-0.94,0.01,0.29,0.94,1.74,31.11,0.44,-0.16,14.57,0.32,2.434697,-0.03,-0.17,-0.35,-0.21,10.09,0.8,1.06,-0.17,-0.44,-2816362,1,1,-0.022222222,-1.212435233,0.188118812,-0.877729258,-0.796442688,0.291029103,0.191489362,0.35,-0.217793594,0.807692308,0.666157314,7,-9.8,-0.466666667,-18.2,0.107676969,-0.392857143,-0.161616162,0.5,-0.12962963,-29.37260684,0,0
0,2015,0.179,2.37,0.03,0.31,0.98,-1.81,36.06,0.63,-0.23,57.15,0.43,5.771598,-0.01,-0.15,-0.21,-0.11,11.33,1.28,1.02,-0.14,-0.16,-8512863,1,1,1,0,0,0,1,0,0,0.184,3.46,0.03,0.31,1.6,-5.58,39.62,0.63,-0.21,126.67,0.38,5.260923,0.32,0.01,-0.13,0.01,11.58,1.1,0.63,-0.05,-0.11,906073,0,1,0,0.185,2.92,0.03,0.31,1.17,-2.86,35.89,0.63,-0.2,46.03,0.38,5.258463,0.11,-0.03,-0.15,-0.02,11.11,1.18,0.86,-0.03,-0.13,-1298101,0,1,-0.027173913,-0.315028902,-0.3875,-0.67562724,-0.571562208,-0.089853609,0,0.095238095,-0.548827662,0.131578947,0.097069469,-1.03125,-16,0.615384615,-12,-0.021588946,0.163636364,0.619047619,1.8,0.454545455,-10.39533901,0,0
0,2017,7.818,0.81,0.01,0.23,1.04,-2.63,42.08,0.48,0.07,0.17,0.69,3.224117,0.01,-0.05,0.15,-0.03,11.04,1.38,0.97,0.09,0.11,-2040789,0,0,0,0,0,0,0,1,0,7.812,0.8,0.01,0.23,1.38,-2.71,35.61,0.46,0.06,0.38,0.72,3.516793,0.12,-0.65,0.17,-0.46,10.87,1.4,0.73,0.11,0.12,-23715558,0,0,1,7.86,1.58,0.01,0.23,5.56,2.93,48.51,0.42,0.11,0.4,0.79,3.511589,0.49,0.07,0.21,0.09,10.97,0.77,0.18,0.17,0.27,2909169,0,0,0.000768049,0.0125,-0.246376812,-0.029520295,0.022727273,0.181690536,0.043478261,0.166666667,-0.552631579,-0.041666667,-0.083222413,-0.916666667,-0.923076923,-0.117647059,-0.934782609,0.015639374,-0.014285714,0.328767123,-0.181818182,-0.083333333,-0.913947249,0,0
0,2017,3.819,0.88,0.12,0.3,1.42,0.12,82.07,0.58,-0.08,14.47,0.19,2.187251,0.09,0.01,-0.02,0.02,10.66,0.3,0.7,-0.01,-0.06,204364,0,1,0,0,0,0,0,0,0,3.589,0.89,0.12,0.3,1.42,0.1,50.18,0.53,-0.07,21.73,0.18,2.088268,0.09,0.31,-0.02,1.06,10.63,0.29,0.71,0.12,-0.08,8852938,0,0,0,0.81,0.91,0.12,0.3,1.94,0.49,52.71,0.57,-0.03,31.51,0.19,2.260013,0.21,-0.01,0.04,-0.02,10.37,0.48,0.52,0,0.08,-254090,0,0,0.064084703,-0.011235955,0,0.2,0.073170732,0.635512156,0.094339623,0.142857143,-0.334100322,0.055555556,0.047399567,0,-0.967741935,0,-0.981132075,0.002822201,0.034482759,-0.014084507,-1.083333333,-0.25,-0.976915686,0,0
0,2021,5.79,1.99,0.08,0.07,2.45,2.92,47.9,0.38,0.15,85.28,0.69,6.933383,0.27,-0.11,0.27,-0.14,12.43,0.79,0.41,0.23,0.34,-19456602,0,0,0,0,0,0,0,0,1,6.635,1.35,0.08,0.07,2.94,1.97,53.53,0.35,0.1,144.96,0.63,6.076244,0.34,0.09,0.15,0.12,12.57,0.72,0.34,0.16,0.21,17061222,0,0,1,5.817,1.82,0.08,0.07,3.41,2.96,60.24,0.33,0.16,81.1,0.61,5.924386,0.29,0.05,0.25,0.06,12.43,0.78,0.29,0.2,0.32,8785829,0,0,-0.127354936,0.474074074,-0.166666667,0.482233503,0.469230769,-0.105174668,0.085714286,0.5,-0.411699779,0.095238095,0.141063953,-0.205882353,-2.222222222,0.8,-2.166666667,-0.011137629,0.097222222,0.205882353,0.4375,0.619047619,-2.140399087,0,0
0,2019,0.126,0.85,0.03,0.27,1.48,0.25,39.72,0.51,-0.1,23.23,0.83,18.639852,0.06,0,-0.07,0,13.39,0.3,0.68,0,-0.22,294420,0,0,0,0,0,0,0,0,1,0.083,0.82,0.03,0.27,1.46,0.24,34.24,0.53,-0.14,24.75,0.82,15.739028,0.06,0.07,-0.08,0.23,13.37,0.29,0.68,-0.01,-0.28,30166179,0,1,1,0.115,0.85,0.03,0.27,1.42,0.33,34.2,0.51,-0.1,26.12,0.8,15.030001,0.06,0.04,-0.05,0.13,13.35,0.35,0.7,0.02,-0.16,19464941,0,0,0.518072289,0.036585366,0.01369863,0.041666667,0.048780488,0.160046729,-0.037735849,-0.285714286,-0.061414141,0.012195122,0.184307697,0,-1,-0.125,-1,0.001495886,0.034482759,0,-1,-0.214285714,-0.990240063,0,0
0,2013,7.849,1.04,0.12,0.25,3.04,0.69,63.64,0.36,0.03,75.55,0.74,29.234288,0.23,0.06,0.04,0.13,15.1,0.47,0.33,0.05,0.08,153432000,0,0,1,1,0,0,0,1,0,7.578,1.05,0.12,0.25,2.74,0.82,68.09,0.36,0.03,51.27,0.75,28.486472,0.18,0.02,0.05,0.04,15.04,0.51,0.36,0.04,0.1,45656000,0,0,1,5.801,1.13,0.12,0.25,3.29,0.9,64.88,0.36,0.08,75.96,0.76,28.948237,0.22,0.08,0.08,0.16,15.03,0.52,0.3,0.09,0.15,191575000,0,0,0.035761415,-0.00952381,0.109489051,-0.158536585,-0.126213592,-0.065354678,0,0,0.473571289,-0.013333333,0.026251619,0.277777778,2,-0.2,2.25,0.003989362,-0.078431373,-0.083333333,0.25,-0.2,2.360609777,0,0
0,2013,4.601,1.02,0.04,0.37,7.25,0.76,58.26,0.47,0.02,148.92,0.44,2.352404,0.24,0.01,0.08,0.01,12.08,0.45,0.14,0.06,0.17,759238,0,0,0,0,0,0,0,1,0,8.472,1.02,0.04,0.37,7.32,0.8,63.66,0.5,0.02,121.58,0.45,2.223345,0.22,-0.22,0.08,-0.48,12.08,0.46,0.14,0.04,0.16,-27512236,0,0,1,6.621,1.03,0.04,0.37,5.74,0.32,54.31,0.5,0.05,126.28,0.37,2.46002,0.19,0.21,0.07,0.75,12.13,0.27,0.17,0.05,0.26,26463542,0,0,-0.456916903,0,-0.009562842,-0.05,-0.034883721,-0.084825636,-0.06,0,0.224872512,-0.022222222,0.058047222,0.090909091,-1.045454545,0,-1.020833333,0,-0.02173913,0,0.5,0.0625,-1.027596376,0,0
0,2021,0.104,0.91,0.19,0.38,0.99,0.24,40.17,0.57,-0.11,15.32,0.38,7.69562,0,0.09,-0.03,0.27,13.04,0.31,1.01,0.03,-0.1,27337081,0,0,0,0,0,1,0,0,0,1.453,0.75,0.19,0.38,1.43,0.21,69.05,0.63,-0.28,70.59,0.42,8.001204,0.1,-0.07,-0.12,-0.2,12.97,0.36,0.7,-0.04,-0.33,-21525233,0,1,0,0.287,0.95,0.19,0.38,1.52,0.14,93.36,0.56,-0.05,0.4,0.43,8.5371,0.07,0.02,0.01,0.08,12.91,0.24,0.66,0.01,0.03,5559982,0,0,-0.92842395,0.213333333,-0.307692308,0.142857143,-0.163636364,-0.418247647,-0.095238095,-0.607142857,-0.782972092,-0.095238095,-0.038192252,-1,-2.285714286,-0.75,-2.35,0.00539707,-0.138888889,0.442857143,-1.75,-0.696969697,-2.27000163,0,0
0,2017,6.635,1.34,0.06,0.46,1.41,0.88,45.84,0.42,0.09,-0.05,0.24,2.066937,0.1,-2.53,0.27,-4.2,10.87,0.6,0.71,0.24,0.45,-92575419,0,0,0,1,0,0,0,0,1,6.607,1.05,0.06,0.46,3.78,0.12,43.03,0.44,0.09,135.4,0.24,1.994944,0.15,-0.06,0.08,-0.39,12.12,0.16,0.26,0.05,0.51,-7788450,0,0,1,4.803,1.01,0.06,0.46,4.08,0.03,45.34,0.48,0.03,164.42,0.24,2.024018,0.19,0.08,0.05,0.97,12.1,0.08,0.24,0.04,0.58,10336483,0,0,0.004237929,0.276190476,-0.626984127,6.333333333,7,0.065303277,-0.045454545,0,-1.000369276,0,0.03608773,-0.333333333,41.16666667,2.375,9.769230769,-0.103135314,2.75,1.730769231,3.8,-0.117647059,10.88624425,0,0
0,2021,3.374,0.98,0.33,0.21,4.13,0.62,227.2,0.47,-0.01,147.74,0.7,22.053595,0.54,0.04,0.03,0.08,13.96,0.49,0.24,0.06,0.05,31140879,0,0,0,0,0,0,0,0,0,1.91,0.97,0.33,0.21,3.1,0.31,201.14,0.46,-0.02,75.49,0.78,20.376387,0.46,0.02,0.03,0.04,13.73,0.41,0.32,0.06,0.07,10645396,0,0,0,2.739,1,0.33,0.21,4.11,0.35,217.28,0.46,0,43.43,0.87,22.969485,0.49,0.07,0.06,0.18,13.65,0.38,0.24,0.07,0.16,41152127,0,0,0.766492147,0.010309278,0.332258065,1,0.411764706,0.129561499,0.02173913,-0.5,0.957080408,-0.102564103,0.082311354,0.173913043,1,0,1,0.016751639,0.195121951,-0.25,0,-0.285714286,1.925290802,0,0
0,2016,4.396,1.28,0.02,0.24,3.54,0.88,3.48,0.26,0.22,233.4,0.71,4.950876,0.25,0.15,0.18,0.3,12.95,0.52,0.28,0.16,0.34,45559508,0,0,0,0,0,0,0,0,1,4.424,1.36,0.02,0.24,4.46,1.26,7.43,0.26,0.21,250.03,0.68,4.586714,0.32,0.16,0.19,0.27,12.74,0.6,0.22,0.16,0.32,38162613,0,0,1,4.421,1.41,0.02,0.24,2.72,2.2,2.97,0.25,0.16,183.05,0.63,3.866987,0.21,0.14,0.16,0.19,12.61,0.72,0.37,0.14,0.23,28732056,0,0,-0.006329114,-0.058823529,-0.206278027,-0.301587302,-0.268456376,-0.531628533,0,0.047619048,-0.066512019,0.044117647,0.079394966,-0.21875,-0.0625,-0.052631579,0.111111111,0.016483516,-0.133333333,0.272727273,0,0.0625,0.193825695,0,0
0,2019,7.568,1.13,0.08,0.27,2.38,0,63.22,0.4,0.08,0.4,0.41,4.033718,0.21,-0.04,0.15,-0.29,12.08,0.16,0.42,0.12,0.96,-5512611,0,0,0,0,1,0,0,0,0,5.852,1.24,0.08,0.27,3.11,0,64.01,0.36,0.16,0.02,0.42,3.935478,0.26,-0.04,0.25,-0.32,12.09,0.12,0.32,0.21,2.07,-4889818,0,0,0,7.89,1.08,0.08,0.27,3.12,0,55.24,0.4,0.06,-0.27,0.39,3.747403,0.24,-0.03,0.1,-0.24,12.13,0.12,0.32,0.07,0.87,-3646893,0,0,0.293233083,-0.088709677,-0.234726688,0,0.357142857,-0.012341822,0.111111111,-0.5,19,-0.023809524,0.02496266,-0.192307692,0,-0.4,-0.09375,-0.00082713,0.333333333,0.3125,-0.428571429,-0.536231884,0.127365272,0,0
0,2010,4.506,1.15,0.03,0.27,5.09,0.67,36.23,0.27,0.09,70.72,0.87,38.170968,0.23,0.09,0.13,0.21,14.67,0.44,0.2,0.14,0.29,151319000,0,0,0,0,0,0,0,0,1,4.508,1.15,0.03,0.27,2.19,0.69,35.09,0.28,0.08,67.25,0.88,36.664828,0.15,0.01,0.12,0.02,14.57,0.48,0.46,0.07,0.24,11798000,0,0,1,4.487,1.17,0.03,0.27,4.48,0.86,33.8,0.29,0.1,0,0.9,34.95361,0.23,0,0.11,0.01,14.59,0.5,0.22,0.13,0.21,3926000,0,0,-0.000443656,0,1.324200913,-0.028985507,-0.163043478,0.032487888,-0.035714286,0.125,0.051598513,-0.011363636,0.041078605,0.533333333,8,0.083333333,9.5,0.006863418,-0.083333333,-0.565217391,1,0.208333333,11.82581794,0,0
0,2017,2.875,0.75,0.03,0.32,1.87,1.15,52.36,0.61,-0.11,26.99,0.66,10.756459,0.1,0,-0.04,0,13.11,0.59,0.53,-0.03,-0.08,0,0,1,1,0,0,0,0,0,0,3.567,0.81,0.03,0.32,1.87,1.15,52.9,0.57,-0.09,28.03,0.61,7.744716,0.1,0,-0.01,0,13.11,0.59,0.53,-0.01,-0.02,0,0,1,0,1.117,0.93,0.03,0.32,1.87,1.15,55.74,0.54,-0.03,31.23,0.59,10.008358,0.1,0.04,0.03,0.06,13.11,0.59,0.53,0.04,0.06,12467421,0,0,-0.194000561,-0.074074074,0,0,0,-0.01020794,0.070175439,0.222222222,-0.037103104,0.081967213,0.388877139,0,0,3,0,0,0,0,2,3,0,0,0
0,2017,0.046,1.63,0.07,0.16,1.56,-6.25,37.9,0.81,-0.23,92.06,0.67,13.552224,0.1,-0.02,-0.07,-0.02,14.22,1.16,0.64,-0.02,-0.06,-25812083,0,1,1,0,0,1,0,0,0,0.048,1.64,0.07,0.16,1.51,-7.37,33.35,0.8,-0.19,71.52,0.7,14.237004,0.09,0.01,-0.05,0.01,14.25,1.13,0.66,0.01,-0.04,9451901,0,0,0,0.074,1.37,0.07,0.16,1.21,-6.57,28.79,0.66,-0.11,63.58,0.68,13.797732,0.04,0.12,-0.02,0.1,14.22,1.14,0.83,0.12,-0.02,124491111,0,0,-0.041666667,-0.006097561,0.033112583,-0.151967436,-0.162870159,0.136431784,0.0125,0.210526316,0.287192394,-0.042857143,-0.048098603,0.111111111,-3,0.4,-3,-0.002105263,0.026548673,-0.03030303,-3,0.5,-3.730887998,0,0
0,2015,5.788,1.54,0.11,0.26,2.41,2.85,50.12,0.33,0.14,0.18,0.82,10.747028,0.09,0.09,0.17,0.12,12.88,0.76,0.42,0.14,0.23,25949185,0,0,0,0,1,0,1,0,0,4.542,1.57,0.11,0.26,2.88,5.47,48.51,0.33,0.1,129.66,0.75,10.184736,0.09,0.05,0.13,0.06,12.89,0.85,0.35,0.09,0.15,14420875,0,0,0,5.839,2.05,0.11,0.26,3.12,9.45,47.64,0.33,0.12,0.63,0.69,9.975405,0.09,0.04,0.14,0.04,12.93,0.91,0.32,0.11,0.15,10565316,0,0,0.27432849,-0.01910828,-0.163194444,-0.478976234,-0.461273666,0.033189033,0,0.4,-0.998611754,0.093333333,0.055209286,0,0.8,0.307692308,1,-0.000775795,-0.105882353,0.2,0.555555556,0.533333333,0.799418205,0,0
0,2020,3.258,0.71,0.16,0.26,0.56,0.32,58.51,0.5,-0.14,13.87,0.67,13.914474,-0.21,0.05,-0.1,0.11,12.66,0.49,1.79,0.03,-0.2,11826972,1,0,0,0,0,0,1,0,0,2.111,0.94,0.16,0.26,0.58,0,68.28,0.48,-0.02,2.65,0.71,14.353866,-0.23,0.02,0.02,0.04,12.65,0.54,1.74,0.01,0.04,5219436,1,0,0,7.129,1.12,0.16,0.26,2.53,0.92,70.97,0.46,0.05,-1.33,0.73,13.172841,0.18,-0.04,0.11,-0.07,12.62,0.54,0.39,0.02,0.21,-7934917,1,0,0.543344387,-0.244680851,-0.034482759,32,-0.182608696,-0.143087288,0.041666667,6,4.233962264,-0.056338028,-0.030611405,-0.086956522,1.5,-6,1.75,0.000790514,-0.092592593,0.028735632,2,-6,1.265948275,0,0
0,2021,2.895,1.17,0.11,0.44,2.24,-0.63,69.65,0.37,-0.04,-2.42,0.27,3.795181,6.82,1.67,-0.96,0.13,8.39,13.21,0.45,0.41,-0.07,5119092,0,0,0,0,1,1,0,0,0,4.121,1.28,0.11,0.44,0.78,0.32,57.97,0.41,-0.08,-2.47,0.28,3.571805,-876475200,-1662155100,-398329600,-0.42,-11.15,3917888400,1.29,-999672700,-0.1,-16621551,1,1,0,4.143,1.36,0.11,0.44,0.96,0.32,52.32,0.42,-0.06,-4.08,0.35,4.031996,-0.28,-5.4,-0.52,-0.72,8.65,7.54,1.04,-1.78,-0.07,-21462373,1,1,-0.297500607,-0.0859375,1.871794872,-2.96875,0.173913043,0.201483526,-0.097560976,-0.5,-0.020242915,-0.035714286,0.062538688,-1.000000008,-1.000000001,-0.999999998,-1.30952381,-1.752466368,-0.999999997,-0.651162791,-1,-0.3,-1.307979201,0,0
0,2020,0.085,0.81,0.14,0.32,1,0.35,41.91,0.49,-0.14,96.69,0.59,15.919607,0,0.05,-0.06,0.11,13.99,0.5,1,0.06,-0.12,45317626,1,0,0,0,0,0,0,1,0,1.489,0.92,0.14,0.32,1.05,0.42,41.38,0.5,-0.05,24.89,0.63,17.952844,0.01,0.19,0,0.42,13.77,0.45,0.95,0.07,0,125846240,0,0,1,2.823,0.95,0.14,0.32,1.01,0.64,32.22,0.51,-0.02,11.45,0.66,16.995649,0,0.03,0.04,0.06,13.51,0.53,0.99,0.02,0.08,16349638,0,0,-0.942914708,-0.119565217,-0.047619048,-0.166666667,0.243902439,0.01280812,-0.02,1.8,2.884692648,-0.063492063,-0.113254312,-1,-0.736842105,-6,-0.738095238,0.015976761,0.111111111,0.052631579,-0.142857143,-12,-0.639896861,0,0
0,2013,0.196,0.79,0,0.4,2.89,0.05,31.53,0.7,-0.2,113.88,0.21,1.57208,0.27,0.05,-0.1,0.27,10.07,0.19,0.35,0.05,-0.54,825576,0,0,0,0,0,0,0,0,0,0.144,0.67,0,0.4,3.11,0.08,44.74,0.74,-0.3,64,0.23,1.573697,0.24,-0.09,-0.19,-0.49,10,0.18,0.32,-0.09,-1.06,-1356324,0,1,0,1.547,0.83,0,0.4,2.87,0.07,35.56,0.62,-0.14,77.83,0.32,1.823707,0.24,0.1,-0.04,0.53,10.11,0.18,0.35,0.12,-0.21,1679800,0,0,0.361111111,0.179104478,-0.07073955,-0.375,0.045454545,-0.295261511,-0.054054054,-0.333333333,0.779375,-0.086956522,-0.001027517,0.125,-1.555555556,-0.473684211,-1.551020408,0.007,0.055555556,0.09375,-1.555555556,-0.490566038,-1.60868642,0,0
0,2013,3.973,0.92,0.01,0.41,0.84,0.43,-16.19,0.56,-0.04,51.99,0.35,3.373164,-0.03,0.04,0.01,0.09,11.29,0.43,1.19,0.04,0.03,2123513,1,0,1,0,0,0,1,0,0,3.108,0.88,0.01,0.41,1.48,0.45,26.21,0.59,-0.07,66.02,0.32,3.179848,0.1,0.05,-0.01,0.12,11.27,0.46,0.68,0.05,-0.01,2909543,0,0,0,3.944,0.93,0.01,0.41,1.58,0.6,43.34,0.57,-0.04,61.11,0.44,3.829537,0.13,0.04,0.03,0.08,11.26,0.51,0.63,0.04,0.05,2320779,0,0,0.278314028,0.045454545,-0.432432432,-0.044444444,-0.11627907,-1.617703167,-0.050847458,-0.428571429,-0.21251136,0.09375,0.060794101,-1.3,-0.2,-2,-0.25,0.001774623,-0.065217391,0.75,-0.2,-4,-0.270155829,0,0
0,2021,0.536,0.97,0.09,0.26,6.13,0.14,43.28,0.53,-0.03,0.97,0.58,2.666673,0.39,0.2,0.01,1.07,12.46,0.19,0.16,0.14,0.04,36830653,0,0,0,0,0,0,0,0,1,4.29,0.96,0.09,0.26,3.68,0.2,31.53,0.52,-0.03,0.39,0.33,1.538882,0.35,0.11,0.01,0.38,12.29,0.28,0.27,0.08,0.03,15983028,0,0,1,2.812,0.92,0.09,0.26,5.95,0.02,37.44,0.54,-0.07,0.37,0.33,1.281239,0.46,0.05,-0.02,0.49,11.92,0.11,0.17,0.01,-0.23,5578390,0,0,-0.875058275,0.010416667,0.66576087,-0.3,-0.384615385,0.372660958,0.019230769,0,1.487179487,0.757575758,0.732863858,0.114285714,0.818181818,0,1.815789474,0.013832384,-0.321428571,-0.407407407,0.75,0.333333333,1.304360163,0,0
0,2021,8.118,1.21,0.02,0.48,1.14,1.06,21.96,0.45,0.07,101.49,0.45,2.1758,0.04,0.07,0.12,0.11,12.46,0.67,0.87,0.16,0.19,12925737,0,0,0,0,0,0,1,0,0,0.105,0.73,0.02,0.48,1.9,1.33,31.58,0.48,-0.08,166.58,0.53,4.758713,0.28,-0.19,-0.01,-0.27,12.33,0.7,0.53,-0.04,-0.02,-30258023,0,1,0,0.124,0.86,0.02,0.48,3.74,0.83,31.98,0.49,-0.07,109.85,0.55,5.152321,0.31,0.03,0.01,0.06,12.34,0.51,0.27,0.02,0.02,5085085,0,0,76.31428571,0.657534247,-0.4,-0.203007519,-0.156779661,-0.304623179,-0.0625,-1.875,-0.390743186,-0.150943396,-0.542775536,-0.857142857,-1.368421053,-13,-1.407407407,0.01054339,-0.042857143,0.641509434,-5,-10.5,-1.427183792,0,0
0,2017,0.193,-0.25,0.31,0.19,0.87,2.65,33.28,0.72,-0.19,17.26,0.35,1.297551,-0.04,-0.17,-0.16,-0.22,9.53,0.8,1.15,-0.2,-0.2,-1660376,0,1,1,1,0,0,0,0,0,1.484,0.3,0.31,0.19,1.02,0.59,43.47,0.73,-0.2,27.48,0.33,1.076876,0.01,-0.12,-0.19,-0.21,9.44,0.59,0.98,-0.19,-0.32,-1089578,0,1,0,2.856,0.68,0.31,0.19,2.6,0.14,36.43,0.55,-0.09,35.54,0.39,1.113664,0.36,0.13,-0.09,0.41,9.19,0.32,0.39,0.02,-0.29,889719,0,0,-0.869946092,-1.833333333,-0.147058824,3.491525424,1.801369863,-0.234414539,-0.01369863,-0.05,-0.371906841,0.060606061,0.204921458,-5,0.416666667,-0.157894737,0.047619048,0.009533898,0.355932203,0.173469388,0.052631579,-0.375,0.52387071,0,0
0,2020,1.47,0.24,0.08,0.16,0.68,0,15.39,0.49,-0.25,0,0.27,2.288012,-0.18,-0.08,-0.24,-0.15,10.5,0.58,1.47,-0.29,-0.42,-2117114,0,1,0,0,0,0,0,0,0,0.139,0.5,0.08,0.16,0.48,0.01,27.37,0.41,-0.19,-0.03,0.2,1.828902,-0.17,0.53,-0.23,1.58,10.23,0.34,2.07,-0.29,-0.69,10218840,0,1,0,0.037,-3.64,0.08,0.16,-12.84,0.09,37.68,0.5,-0.52,-0.84,0.19,1.344909,-3.64,2.62,-2.82,8.08,8.61,0.32,-0.08,-3.02,-8.71,10000439,0,1,9.575539568,-0.52,0.416666667,-1,1.666666667,-0.437705517,0.195121951,0.315789474,-1,0.35,0.2510304,0.058823529,-1.150943396,0.043478261,-1.094936709,0.026392962,0.705882353,-0.289855072,0,-0.391304348,-1.207177527,0,0
0,2017,3.979,1,0.01,0.36,2.44,0.69,49.6,0.64,0,33.53,0.62,21.329911,0.15,0.09,0.04,0.2,13.89,0.47,0.41,0.09,0.08,69818853,0,0,0,0,0,0,0,0,0,7.187,1.06,0.01,0.36,2.39,0.9,58.44,0.63,0.03,30.89,0.68,21.196555,0.15,0.04,0.07,0.08,13.82,0.53,0.42,0.04,0.14,29690904,0,0,0,7.175,1.06,0.01,0.36,2,0.95,50.74,0.65,0.03,43.37,0.64,20.386938,0.13,-0.01,0.07,-0.03,13.77,0.55,0.5,-0.02,0.12,-9764789,0,1,-0.446361486,-0.056603774,0.020920502,-0.233333333,-0.221238938,-0.151266256,0.015873016,-1,0.085464552,-0.088235294,0.0062914,0,1.25,-0.428571429,1.5,0.005065123,-0.113207547,-0.023809524,1.25,-0.428571429,1.351523315,0,0
0,2015,4.479,1.08,0.01,0.28,43.03,0,36.31,0.27,0.19,879.6,0.45,9.611936,0.71,0.1,0.12,5.29,13.73,0.02,0.02,0.1,6.32,64605261,0,0,0,0,0,0,0,1,0,4.474,1.09,0.01,0.28,38.63,0,33.75,0.27,0.21,697.31,0.43,9.183916,0.65,0.08,0.12,4,13.62,0.02,0.03,0.15,5.98,46039423,0,0,1,4.473,1.09,0.01,0.28,12.73,0,32.85,0.28,0.19,509.95,0.49,9.580288,0.5,0.21,0.12,4.53,13.57,0.05,0.08,0.09,2.5,113396958,0,0,0.001117568,-0.009174312,0.113901113,0,0,0.075851852,0,-0.095238095,0.261418881,0.046511628,0.046605391,0.092307692,0.25,0,0.3225,0.008076358,0,-0.333333333,-0.333333333,0.056856187,0.403259572,0,0
0,2010,3.293,0.85,0.21,0.36,4.35,1.14,52.09,0.34,-0.07,10.73,0.38,6.420649,0.17,0,0.03,-0.01,11.66,0.56,0.23,-0.01,0.06,-379460,0,1,1,0,0,0,0,0,0,3.327,0.86,0.21,0.36,4.68,1.16,52.43,0.34,-0.07,17.56,0.43,6.785968,0.18,-0.01,0.03,-0.02,11.68,0.56,0.21,0,0.05,-950788,0,0,0,3.904,0.87,0.21,0.36,18.74,1.09,71.04,0.35,-0.07,12.18,0.43,6.631525,0.23,0.03,0.03,0.05,11.63,0.53,0.05,0,0.06,2083674,0,0,-0.010219417,-0.011627907,-0.070512821,-0.017241379,-0.015748031,-0.006484837,0,0,-0.388952164,-0.11627907,-0.053834471,-0.055555556,-1,0,-0.5,-0.001712329,0,0.095238095,-1,0.2,-0.600899464,0,0
0,2010,0.608,0.96,0.07,0.24,1.6,0.66,44.65,0.49,-0.02,23.1,0.85,80.483578,0.1,0.09,0.04,0.17,15.45,0.5,0.63,0.09,0.07,312103000,0,0,0,0,0,0,0,1,0,0.244,0.94,0.07,0.24,1.44,0.84,51.09,0.5,-0.03,33.27,0.85,79.612162,0.08,0.09,0.03,0.17,15.37,0.55,0.69,0.09,0.05,299723000,0,0,1,0.945,0.95,0.07,0.24,1.28,1.02,55.71,0.48,-0.02,14.03,0.86,81.326148,0.05,0,0.04,0,15.24,0.59,0.78,0,0.07,613000,0,0,1.491803279,0.021276596,0.111111111,-0.214285714,-0.180327869,-0.126052065,-0.02,-0.333333333,-0.305680794,0,0.010945765,0.25,0,0.333333333,0,0.005204945,-0.090909091,-0.086956522,0,0.4,0.041304805,0,0
0,2012,4.619,1.03,0.03,0.38,1.03,0.61,39.86,0.53,0.02,12.35,0.71,18.389325,0,0.03,0.09,0.06,13.35,0.49,0.97,0.03,0.18,12300000,0,0,0,0,0,0,0,0,0,3.176,0.99,0.03,0.38,0.98,0.6,40.75,0.57,0,8.05,0.74,18.578485,0,0,0.07,0,13.29,0.49,1.02,0.01,0.14,661000,1,0,0,5.411,1.03,0.03,0.38,0.77,0.44,29.39,0.39,0.01,7.6,0.74,18.399384,-0.05,0.02,0.09,0.05,13.22,0.45,1.3,0.03,0.19,9560000,1,0,0.454345088,0.04040404,0.051020408,0.016666667,0.010526316,-0.021840491,-0.070175439,2,0.534161491,-0.040540541,-0.01018167,0,3,0.285714286,6,0.004514673,0,-0.049019608,2,0.285714286,17.60816944,0,0
0,2014,1.497,4,0.06,0.32,0.25,-0.68,70,0.35,-0.1,-2.82,0.44,2.136372,-0.76,-0.01,-0.05,-0.01,12.02,1.04,3.99,-0.06,-0.05,-1457222,1,1,0,0,1,0,0,0,0,2.465,1.27,0.06,0.32,0.22,-1.22,51.98,0.36,-0.01,-2.62,0.51,5.574562,-0.74,-0.34,0.06,-0.35,11.99,0.97,4.64,0.02,0.06,-37959313,1,0,0,7.717,1.01,0.06,0.32,0.27,0.09,48.28,0.3,0,-3.25,0.5,5.118854,-0.46,0.05,0.07,0.07,11.92,0.66,3.76,0.05,0.11,4952734,1,0,-0.392697769,2.149606299,0.136363636,-0.442622951,-1.721905748,0.346671797,-0.027777778,9,0.076335878,-0.137254902,-0.616764151,0.027027027,-0.970588235,-1.833333333,-0.971428571,0.002502085,0.072164948,-0.140086207,-4,-1.833333333,-0.961610949,0,0
0,2021,1.489,0.45,0.07,0.23,0.56,1.21,51.18,0.41,-0.2,0.02,0.45,8.072296,-0.15,0.05,-0.06,0.07,12.65,0.7,1.79,-0.04,-0.09,10163209,1,1,0,0,0,0,0,1,0,0.198,0.22,0.07,0.23,0.4,0.62,44.87,0.42,-0.24,0.02,0.44,8.014963,-0.27,-0.22,-0.13,-0.34,12.35,0.66,2.51,-0.22,-0.2,-36183604,1,1,1,2.854,0.8,0.07,0.23,0.88,0.15,50.24,0.37,-0.1,0.06,0.42,8.166927,-0.03,0.47,0.03,1.33,12.22,0.35,1.14,-0.09,0.08,66259232,1,1,6.52020202,1.045454545,0.4,0.951612903,0.201030928,0.140628482,-0.023809524,-0.166666667,0,0.022727273,0.007153246,-0.444444444,-1.227272727,-0.538461538,-1.205882353,0.024291498,0.060606061,-0.28685259,-0.818181818,-0.55,-1.280878848,0,0
0,2020,4.443,1.16,0.02,0.31,-0.49,0.32,52.2,0.32,0.28,10.86,0.49,7.163394,0.31,0.13,0.18,1.6,13.49,0.08,-2.02,0.23,2.16,67173388,0,0,0,0,0,0,0,0,1,4.435,1.19,0.02,0.31,-0.45,0.39,43.48,0.34,0.28,2.4,0.49,7.594922,0.28,-0.15,0.2,-1.09,13.39,0.14,-2.23,0.22,1.41,-68809812,0,0,1,4.433,1.16,0.02,0.31,2.94,-0.14,43.12,0.33,0.29,2.55,0.46,7.11413,0.06,0.13,0.21,5388286300,13.29,-0.12,0.34,0.11,8622251600,53882863,0,0,0.001803833,-0.025210084,0.088888889,-0.179487179,-0.4375,0.200551978,-0.058823529,0,3.525,0,-0.056817963,0.107142857,-1.866666667,-0.1,-2.467889908,0.00746826,-0.428571429,-0.094170404,0.045454545,0.531914894,-1.976218159,0,1
0,2020,7.167,1.08,0.05,0.35,-0.41,0.07,55.51,0.34,0.08,-0.01,0.44,4.544582,1.09,0.29,0.18,1819032300,11.4,-0.66,-2.47,0.2,1095663200,18190323,0,0,0,0,1,0,0,0,0,7.889,1.07,0.05,0.35,-0.89,0.04,59.91,0.38,0.06,-0.54,0.44,4.83636,0.68,0.09,0.13,616375200,11.45,-0.31,-1.12,0.1,877688200,6163752,0,0,0,5.854,1.19,0.05,0.35,-1.26,0.03,51.19,0.32,0.14,0.01,0.42,4.546167,0.55,0.23,0.29,1516749400,11.46,-0.2,-0.79,0.23,1909026900,15167494,0,0,-0.091519838,0.009345794,-0.539325843,0.75,0.666666667,-0.073443499,-0.105263158,0.333333333,-0.981481481,0,-0.060330083,0.602941176,2.222222222,0.384615385,1.951176978,-0.004366812,1.129032258,1.205357143,1,0.248351294,1.951176978,1,1
0,2008,4.461,1.74,0.01,0.22,6.91,0.3,90.16,0.19,0.4,68.37,0.05,0.653289,0.45,0.05,0.58,0.17,10.02,0.29,0.14,0.53,2.01,776206,0,0,0,0,1,0,0,0,0,4.455,1.73,0.01,0.22,1.5,0.32,80.59,0.19,0.4,82.26,0.05,0.582829,0.16,0.12,0.56,0.37,9.99,0.32,0.67,0.51,1.74,1799538,0,0,0,4.443,1.77,0.01,0.22,4.13,0.49,69.11,0.2,0.37,58.32,0.07,0.510444,0.31,0,0.53,0,9.91,0.39,0.24,0.47,1.36,0,0,0,0.001346801,0.005780347,3.606666667,-0.0625,-0.127659574,0.118749224,0,0,-0.16885485,0,0.120893092,1.8125,-0.583333333,0.035714286,-0.540540541,0.003003003,-0.09375,-0.791044776,0.039215686,0.155172414,-0.568663735,0,0
0,2020,6.584,1.03,0.02,0.31,9.12,0,44.67,0.41,0.06,177.21,0.5,6.451007,0.25,0.07,0.1,1.9,12.76,0.04,0.11,0.06,2.82,16279279,0,0,0,0,0,0,0,0,1,4.468,1.14,0.02,0.31,4.48,0,42.23,0.36,0.2,69.57,0.52,6.734367,0.13,0.15,0.21,3.8,12.69,0.04,0.22,0.15,5.13,34400793,0,0,1,4.491,1.1,0.02,0.31,-1.33,0.32,37.72,0.38,0.14,-95.86,0.51,6.29408,-0.09,0.12,0.18,3.19,12.52,0.04,-0.75,0.12,4.77,23346997,1,0,0.473589973,-0.096491228,1.035714286,0,0,0.05777883,0.138888889,-0.7,1.547218629,-0.038461538,-0.042076709,0.923076923,-0.533333333,-0.523809524,-0.5,0.005516154,0,-0.5,-0.6,-0.450292398,-0.526776054,0,0
0,2019,0.066,-4.26,0.31,0.07,1.29,1.73,56.44,0.97,-1.51,13.15,0.24,3.119243,0.08,0.01,-1.25,0.01,11.08,0.74,0.78,0.01,-1.7,368868,0,0,1,0,0,1,0,0,0,0.07,-4.41,0.31,0.07,1.13,1.75,48.32,0.96,-1.54,18.82,0.27,3.480419,0.04,0.12,-1.21,0.16,11.11,0.75,0.88,0.12,-1.61,5632412,0,0,0,0.091,-9.27,0.31,0.07,0.72,3.64,77.2,0.92,-1.45,3.31,0.37,3.915502,-0.12,0.28,-1.13,0.32,11.15,0.88,1.4,0.28,-1.29,13543882,1,0,-0.057142857,-0.034013605,0.14159292,-0.011428571,-0.070234114,0.168046358,0.010416667,-0.019480519,-0.301275239,-0.111111111,-0.103773712,1,-0.916666667,0.033057851,-0.9375,-0.00270027,-0.013333333,-0.113636364,-0.916666667,0.055900621,-0.934509762,0,0
0,2010,0.074,0.8,0.28,0.22,3.31,0.29,45.09,0.49,-0.17,57.31,0.45,2.001559,0.24,0.02,-0.04,0.08,11.11,0.31,0.3,0,-0.13,1139246,0,0,0,0,0,0,0,0,1,0.096,0.8,0.28,0.22,2.49,0.49,53.28,0.48,-0.15,25.84,0.54,2.348247,0.15,-0.02,-0.05,-0.05,11.22,0.4,0.4,-0.04,-0.12,-1037036,0,1,1,0.05,0.65,0.28,0.22,2.22,0.45,54.38,0.54,-0.3,28.89,0.56,2.22021,0.13,-0.17,-0.14,-0.43,11.23,0.39,0.45,-0.07,-0.37,-8795870,0,1,-0.229166667,0,0.329317269,-0.408163265,-0.333333333,-0.153716216,0.020833333,0.133333333,1.217879257,-0.166666667,-0.147636939,0.6,-2,-0.2,-2.6,-0.009803922,-0.225,-0.25,-1,0.083333333,-2.098559741,0,0
0,2016,4.536,1.68,0.3,0.11,3.33,0.12,61.2,0.25,0.23,26.61,0.37,4.891096,0.54,0.21,0.52,0.66,11.92,0.31,0.3,0.49,1.68,21556027,0,0,0,0,1,0,0,1,0,4.522,1.74,0.3,0.11,2.72,0.15,51.45,0.24,0.22,39.84,0.36,4.389595,0.45,0.12,0.54,0.32,11.65,0.36,0.37,0.48,1.5,9265871,0,0,1,4.555,1.59,0.3,0.11,1.97,0.17,52.57,0.25,0.18,72.16,0.34,3.817982,0.35,0.03,0.38,0.06,11.6,0.45,0.51,0.34,0.85,2200127,0,0,0.003095975,-0.034482759,0.224264706,-0.2,-0.210526316,0.189504373,0.041666667,0.045454545,-0.332078313,0.027777778,0.11424767,0.2,0.75,-0.037037037,1.0625,0.023175966,-0.138888889,-0.189189189,0.020833333,0.12,1.326389716,0,0
0,2011,0.181,0.76,0.01,0.57,1.3,0.8,66.65,0.63,-0.1,10.44,0.33,1.64754,0.06,-0.01,-0.03,-0.02,10.76,0.56,0.77,-0.02,-0.04,-315439,0,1,0,0,0,0,0,0,1,0.13,0.77,0.01,0.57,1.34,0.71,52.44,0.5,-0.11,23.74,0.33,1.421504,0.06,-0.04,-0.03,-0.08,10.69,0.52,0.74,-0.06,-0.06,-1321250,0,1,1,0.135,0.81,0.01,0.57,1.65,0.68,49.5,0.47,-0.1,24.4,0.43,1.826854,0.09,-0.04,-0.03,-0.08,10.72,0.49,0.61,-0.05,-0.06,-1307348,0,1,0.392307692,-0.012987013,-0.029850746,0.126760563,0.185185185,0.270976354,0.26,-0.090909091,-0.560235889,0,0.159011863,0,-0.75,0,-0.75,0.006548176,0.076923077,0.040540541,-0.666666667,-0.333333333,-0.761257143,0,0
0,2019,0.146,0.79,0.05,0.47,2.87,0.52,45.36,0.59,-0.13,76.58,0.27,2.300116,0.24,0.04,-0.04,0.09,11.59,0.43,0.35,0.04,-0.1,2855645,0,0,1,0,0,0,0,1,0,1.474,0.85,0.05,0.47,3.95,0.58,50.31,0.56,-0.09,106.54,0.32,2.279671,0.34,0.07,0,0.16,11.54,0.44,0.25,0.06,0,4906482,0,0,1,0.191,0.8,0.05,0.47,3.45,0.67,55.9,0.58,-0.12,77.59,0.31,2.003969,0.28,0.02,-0.02,0.03,11.46,0.47,0.29,0.02,-0.03,1006793,0,0,-0.900949796,-0.070588235,-0.273417722,-0.103448276,-0.051282051,-0.098389982,0.053571429,0.444444444,-0.281208936,-0.15625,0.008968399,-0.294117647,-0.428571429,-4,-0.4375,0.004332756,-0.022727273,0.4,-0.333333333,-10,-0.417985229,0,0
0,2021,1.571,0.99,0.05,0.39,1.39,0.23,59.8,0.47,-0.01,62.77,0.65,24.008732,0.05,0.11,0.04,0.38,14.17,0.28,0.72,0.11,0.14,107718414,0,0,0,0,0,0,0,1,0,0.156,0.94,0.05,0.39,1.69,0.22,43.72,0.51,-0.08,105.67,0.64,22.739432,0.07,0.03,0.01,0.1,13.98,0.27,0.59,0.03,0.02,22992664,0,0,1,8.336,1.01,0.05,0.39,1.23,0.18,48.81,0.48,0.02,15.45,0.66,23.961104,0.03,0,0.06,0.02,13.92,0.25,0.81,0,0.24,3305879,0,0,9.070512821,0.053191489,-0.177514793,0.045454545,0.111111111,0.367795059,-0.078431373,-0.875,-0.405980884,0.015625,0.055819336,-0.285714286,2.666666667,3,2.8,0.013590844,0.037037037,0.220338983,2.666666667,6,3.684903585,0,0
0,2020,8.326,1.16,0.03,0.05,1.93,0,48.88,0.2,0.06,0.4,0.64,41.019843,0.2,-0.04,0.18,-0.17,13.27,0.22,0.52,0.38,0.83,-14644963,0,0,0,0,0,0,0,1,0,6.643,1.3,0.03,0.05,3.48,0,46.57,0.2,0.11,0.39,0.68,39.524449,0.29,0.06,0.32,0.49,13.2,0.12,0.29,0.48,2.77,21680840,0,0,1,6.658,1.28,0.03,0.05,2.94,0,149.05,0.21,0.11,0.42,0.65,37.935525,0.27,-0.38,0.3,-2.73,13.15,0.14,0.34,0.46,2.18,-135969317,0,0,0.25334939,-0.107692308,-0.445402299,0,1.153846154,0.049602749,0,-0.454545455,0.025641026,-0.058823529,0.037834658,-0.310344828,-1.666666667,-0.4375,-1.346938776,0.00530303,0.833333333,0.793103448,-0.208333333,-0.700361011,-1.675479502,0,0
0,2014,4.466,1.07,0.02,0.24,-0.08,0.32,64.41,0.36,0.24,-0.04,0.77,12.446794,5.4,0.31,0.4,5346593800,12.43,-5.02,-13.13,0.47,6897112600,53465938,0,0,0,0,1,0,1,0,0,4.587,1.06,0.02,0.24,-0.07,0,58.93,0.37,0.19,0.04,0.76,12.696608,5.31,0.25,0.32,4182797200,12.39,-4.94,-13.62,0.38,5447628600,41827972,0,0,0,5.78,1.05,0.02,0.24,-3.47,-0.8,61.91,0.37,0.15,0.01,0.75,12.370457,0.46,0.2,0.29,3427233200,12.43,-4.51,-0.29,0.3,4944018400,34272332,0,0,-0.026378897,0.009433962,0.142857143,32,0,0.092991685,-0.027027027,0.263157895,-2,0.013157895,-0.019675649,0.016949153,0.24,0.25,0.278234049,0.00322841,0.016194332,-0.035976505,0.236842105,0.266076142,0.278234049,1,1
0,2009,1.476,0.76,0.03,0.35,2.53,1.05,56.95,0.49,-0.2,115.4,0.24,2.86007,0.19,0.05,-0.07,0.08,12.04,0.57,0.4,0.05,-0.12,5530355,0,0,1,0,0,0,0,1,0,6.644,1.16,0.03,0.35,2.77,0.97,40.77,0.39,0.1,125.44,0.22,3.236473,0.24,0.06,0.1,0.1,11.9,0.56,0.36,0.02,0.18,6004814,0,0,1,6.664,1.14,0.03,0.35,2.52,0.9,44.23,0.38,0.09,130.95,0.23,3.192085,0.21,0.07,0.1,0.13,11.72,0.55,0.4,0.06,0.18,6128017,0,0,-0.777844672,-0.344827586,-0.086642599,0.082474227,0.0546875,0.396860437,0.256410256,-3,-0.080038265,0.090909091,-0.116300368,-0.208333333,-0.166666667,-1.7,-0.2,0.011764706,0.017857143,0.111111111,1.5,-1.666666667,-0.079013105,0,0
0,2017,0.08,1.08,0.09,0.18,0.22,-0.97,37.52,0.46,-0.21,2.43,0.49,3.972428,-0.89,-0.31,-0.11,-0.05,10.86,5.84,4.53,-0.31,-0.02,-11334772,1,1,0,0,0,0,0,0,0,0.05,1.16,0.09,0.18,0.29,-1.05,43.25,0.51,-0.43,1.18,0.57,3.602124,-0.56,-0.45,-0.22,-0.09,10.98,5.03,3.41,-0.57,-0.04,-18229226,1,1,0,0.073,1.17,0.09,0.18,0.75,-1.65,41.62,0.46,-0.43,7.98,0.51,3.058659,-0.04,-0.26,-0.06,-0.11,11.99,2.3,1.34,-0.2,-0.02,-28734831,1,1,0.6,-0.068965517,-0.24137931,-0.076190476,-0.032,-0.132485549,-0.098039216,-0.511627907,1.059322034,-0.140350877,0.102801569,0.589285714,-0.311111111,-0.5,-0.444444444,-0.010928962,0.161033797,0.328445748,-0.456140351,-0.5,-0.378208817,0,0
0,2014,0.058,0.9,0,0.22,2.6,0.41,33.57,0.45,-0.16,12.37,0.38,3.323766,0.1,0.05,-0.05,0.16,12.12,0.34,0.38,0.05,-0.16,6849320,0,0,0,0,0,0,1,0,0,0.115,0.94,0,0.22,2.9,0.47,32.58,0.42,-0.08,3.42,0.39,3.449488,0.12,0.12,-0.02,0.32,12.08,0.36,0.34,0.08,-0.06,14116158,0,0,0,0.099,0.92,0,0.22,2.44,0.68,30.98,0.43,-0.09,5.58,0.42,3.757133,0.1,-0.13,0,-0.29,12.03,0.45,0.41,-0.13,0.01,-15333634,0,1,-0.495652174,-0.042553191,-0.103448276,-0.127659574,-0.105263158,0.03038674,0.071428571,1,2.616959064,-0.025641026,-0.036446568,-0.166666667,-0.583333333,1.5,-0.5,0.003311258,-0.055555556,0.117647059,-0.375,1.666666667,-0.514788656,0,0
0,2009,5.816,1.34,0.01,0.4,0.93,-0.32,48.51,0.3,0.25,39.95,0.21,2.005971,-0.01,0.25,0.5,869950100,10.82,-0.25,1.07,0.44,1721075300,8699501,1,0,0,0,1,0,0,0,0,4.443,1.19,0.01,0.4,-1.38,0.05,26.67,0.35,0.14,3.76,0.23,1.840749,0.29,0.32,0.26,1046304400,10.75,-0.07,-0.72,0.21,833729700,10463044,0,0,0,4.427,1.45,0.01,0.4,1.76,0.16,29.43,0.3,0.23,2.57,0.24,1.807607,0.08,0.16,0.42,0.7,10.72,0.23,0.57,0.31,1.81,5118631,0,0,0.309025433,0.12605042,-1.673913043,-7.4,1.857142857,0.818897638,-0.142857143,0.785714286,9.625,-0.086956522,0.089758028,-1.034482759,-0.21875,0.923076923,-0.168549707,0.006511628,2.571428571,-2.486111111,1.095238095,1.064308492,-0.168549707,1,0
0,2017,0.117,0.81,0.03,0.38,4.35,0.41,51.91,0.71,-0.12,105.12,0.32,2.613651,0.45,-0.02,-0.08,-0.05,12.03,0.39,0.23,-0.02,-0.2,-2111616,0,1,0,0,0,0,0,0,1,0.107,0.8,0.03,0.38,4.82,0.38,51.89,0.71,-0.13,83.48,0.31,2.59089,0.48,0,-0.09,-0.01,12.03,0.37,0.21,-0.03,-0.23,-510230,0,1,1,1.457,0.9,0.03,0.38,4.37,0.39,50.04,0.64,-0.07,106.89,0.33,2.747169,0.39,0.02,-0.02,0.05,12.03,0.36,0.23,0.03,-0.06,2218847,0,0,0.093457944,0.0125,-0.097510373,0.078947368,0.086206897,0.000385431,0,-0.076923077,0.259223766,0.032258065,0.008785012,-0.0625,-2,-0.111111111,4,0,0.054054054,0.095238095,-0.333333333,-0.130434783,3.138557121,0,0
0,2016,6.607,1.07,0.07,0.5,-0.98,0.06,47.12,0.49,0.1,65.5,0.36,2.348712,0.56,0.09,0.11,598116300,11.49,-0.21,-1.02,0.17,774128100,5981163,0,0,0,0,0,0,0,0,1,5.878,1.07,0.07,0.5,3.05,0.2,41.38,0.48,0.09,35.71,0.37,2.431974,0.1,0.11,0.08,0.53,11.84,0.21,0.33,0.08,0.39,10686509,0,0,1,7.814,1.05,0.07,0.5,3.24,0.24,53.38,0.5,0.06,9.89,0.43,2.793101,0.1,0.09,0.07,0.41,11.71,0.23,0.31,0.09,0.31,7825106,0,0,0.124021776,0,-1.321311475,-0.7,-1.653846154,0.138714355,0.020833333,0.111111111,0.834220106,-0.027027027,-0.034236386,4.6,-0.181818182,0.375,1128521320,-0.029560811,-2,-4.090909091,1.125,1984943845,-0.44030712,0,0
0,2011,0.752,0.96,0.04,0.34,2.05,1.76,54.85,0.51,-0.01,28.09,0.73,27.555519,0.12,0.09,0.08,0.14,13.82,0.68,0.49,0.05,0.13,66631348,0,0,0,0,0,0,0,0,0,2.907,0.88,0.04,0.34,2.05,2.8,44.48,0.41,-0.03,26.01,0.74,26.179315,0.11,-0.04,0.05,-0.05,13.79,0.76,0.49,-0.04,0.07,-27804924,0,1,0,7.15,1.12,0.04,0.34,1.06,1.87,46.55,0.39,0.03,24.41,0.79,26.969377,0.01,-0.13,0.11,-0.18,13.78,0.72,0.95,-0.05,0.16,-87507896,0,1,-0.741314069,0.090909091,0,-0.371428571,-0.351851852,0.233138489,0.243902439,-0.666666667,0.079969243,-0.013513514,0.052568373,0.090909091,-3.25,0.6,-3.8,0.002175489,-0.105263158,0,-2.25,0.857142857,-3.396386626,0,0
0,2013,2.686,0.99,0.09,0.18,1.74,0.09,45.35,0.51,-0.01,-0.34,0.53,6.923866,0.04,0.02,0.03,0.17,12.94,0.14,0.58,0.04,0.25,6638679,0,0,0,0,0,0,0,0,1,0.621,1,0.09,0.18,5.09,0.09,125.88,0.51,-0.01,0.66,0.51,6.545214,0.2,0,0.04,0,12.9,0.13,0.2,0.04,0.31,97125,0,0,1,4.944,1.02,0.09,0.18,-2.12,0.04,53.7,0.44,0.03,0.02,0.5,6.602106,0.17,0.04,0.08,898921400,12.75,-0.01,-0.47,0.04,1855099000,8989214,0,0,3.325281804,-0.01,-0.658153242,0,0.142857143,-0.639736257,0,0,-1.515151515,0.039215686,0.057851737,-0.8,2,-0.25,17,0.003100775,0.076923077,1.9,0,-0.193548387,67.35190734,0,1
0,2010,2.016,0.94,0.06,0.3,1.96,0.8,27.34,0.41,-0.02,100.18,0.55,5.059967,0.24,0.05,0.07,0.09,11.45,0.58,0.51,0.05,0.12,3230748,0,0,1,0,0,0,0,0,0,3.475,0.97,0.06,0.3,1.89,0.99,42.19,0.42,-0.01,83.63,0.5,4.661434,0.21,0.05,0.1,0.08,11.42,0.62,0.53,0.05,0.16,3210761,0,0,0,1.011,0.9,0.06,0.3,1.7,1.21,46.15,0.48,-0.03,61.88,0.5,4.253435,0.17,0.03,0.07,0.05,11.38,0.65,0.59,0.03,0.1,1878895,0,0,-0.419856115,-0.030927835,0.037037037,-0.191919192,-0.136645963,-0.351979142,-0.023809524,1,0.197895492,0.1,0.085495794,0.142857143,0,-0.3,0.125,0.00262697,-0.064516129,-0.037735849,0,-0.25,0.006225004,0,0
0,2019,6.671,1.32,0.06,0.23,1.67,0.39,39.88,0.34,0.13,1.56,0.74,14.672612,0.08,0.08,0.23,0.22,12.7,0.37,0.6,0.21,0.63,18348714,0,0,1,0,0,0,1,0,0,7.38,1.03,0.06,0.23,2.38,0.47,43.47,0.39,0.01,1.4,0.81,14.455056,0.13,0.03,0.08,0.07,12.59,0.38,0.42,0.03,0.21,5395569,0,0,0,1.629,1,0.06,0.23,2.43,0.5,40.01,0.38,0,1.33,0.78,14.010568,0.12,0.04,0.08,0.09,12.55,0.39,0.41,0.01,0.2,6930939,0,0,-0.096070461,0.281553398,-0.298319328,-0.170212766,-0.064516129,-0.082585691,-0.128205128,12,0.114285714,-0.086419753,0.015050512,-0.384615385,1.666666667,1.875,2.142857143,0.008737093,-0.026315789,0.428571429,6,2,2.400700464,0,0
0,2021,4.068,0.91,0.06,0.3,1.05,2,44.52,0.47,-0.02,16.47,0.16,1.913976,0.02,0.05,0.02,0.06,11.9,0.77,0.95,0.14,0.03,5079201,0,0,0,0,1,0,0,0,1,8.12,1.12,0.06,0.3,1.04,2.34,46.94,0.44,0.02,37.67,0.2,1.693653,0.01,0.06,0.07,0.07,11.84,0.81,0.97,0.14,0.08,5802131,0,0,1,6.669,1.28,0.06,0.3,0.98,3.22,43.94,0.4,0.03,9.19,0.26,1.580358,0,0.01,0.11,0.01,11.59,0.83,1.02,0.14,0.13,547396,1,0,-0.499014778,-0.1875,0.009615385,-0.145299145,-0.200477327,-0.051555177,0.068181818,-2,-0.562782055,-0.2,0.13008745,1,-0.166666667,-0.714285714,-0.142857143,0.005067568,-0.049382716,-0.020618557,0,-0.625,-0.124597325,0,0
0,2012,0.1,1.23,0.01,0.29,0.73,-1.46,37.2,0.48,-0.12,36.72,0.39,3.111305,-0.16,-0.26,-0.09,-0.14,10.59,1.91,1.38,-0.15,-0.05,-7160358,1,1,0,0,0,0,0,0,0,0.192,1.14,0.01,0.29,0.9,-1.92,27.99,0.46,-0.05,26.49,0.42,3.042608,-0.04,-0.01,0.05,-0.01,10.56,1.67,1.11,-0.01,0.03,-318909,1,1,0,8.39,1,0.01,0.29,2.47,-2.04,29.39,0.4,0,19.16,0.5,3.320024,0.22,-0.1,0.11,-0.06,10.34,1.82,0.41,0.06,0.06,-2167902,0,0,-0.479166667,0.078947368,-0.188888889,-0.239583333,-0.16,0.329046088,0.043478261,1.4,0.386183465,-0.071428571,0.022578328,3,25,-2.8,13,0.002840909,0.143712575,0.243243243,14,-2.666666667,21.45266832,0,0
0,2020,1.536,0.95,0,0.15,2.8,0.07,47.27,0.34,-0.06,100.57,0.22,0.965163,0.23,0.01,0.04,0.04,11.56,0.19,0.36,0.04,0.23,576007,0,0,0,0,1,0,0,0,0,5.415,1.01,0,0.15,3.85,0.25,38.42,0.24,0.01,136.78,0.26,1.162582,0.3,0.05,0.09,0.17,11.67,0.28,0.26,0.09,0.32,3930487,0,0,0,4.562,1.13,0,0.15,3.56,0.42,42.03,0.22,0.08,124.53,0.36,1.644141,0.32,0.05,0.16,0.13,11.76,0.38,0.28,0.14,0.4,4489233,0,0,-0.71634349,-0.059405941,-0.272727273,-0.72,-0.41025641,0.230348777,0.416666667,-7,-0.264731686,-0.153846154,-0.169810818,-0.233333333,-0.8,-0.555555556,-0.764705882,-0.009425878,-0.321428571,0.384615385,-0.555555556,-0.28125,-0.853451493,0,0
0,2008,4.292,0.9,0.04,0.18,2.93,2.7,39.78,0.46,-0.02,129.84,0.64,10.067965,0.42,-0.12,0.03,-0.15,12.11,0.79,0.34,0.03,0.04,-14709673,0,0,0,0,0,0,0,0,0,0.238,0.93,0.04,0.18,3.01,1.35,53.82,0.46,-0.02,118.07,0.67,9.762409,0.42,0.08,0.03,0.13,12.08,0.66,0.33,0.05,0.05,10235415,0,0,0,5.539,1.06,0.04,0.18,2.77,1.95,55.72,0.44,0.01,123.27,0.71,10.307338,0.41,0,0.06,0,12.05,0.74,0.36,0.08,0.09,0,0,0,17.03361345,-0.032258065,-0.026578073,1,0.903553299,-0.260869565,0,0,0.099686627,-0.044776119,0.031299242,0,-2.5,0,-2.153846154,0.002483444,0.196969697,0.03030303,-0.4,-0.2,-2.437134987,0,0
0,2011,5.043,1.14,0.02,0.3,3.66,3.6,41.48,0.33,0.03,22.07,0.54,8.880502,0.14,0,0.09,0,12.54,0.79,0.27,0.05,0.11,-424756,0,0,0,0,0,0,0,1,0,5.085,1.11,0.02,0.3,2.81,3.6,37.1,0.34,0.02,32.62,0.56,9.132193,0.13,-0.01,0.08,-0.01,12.57,0.8,0.36,0.03,0.1,-2017344,0,0,1,7.474,1.03,0.02,0.3,2.74,3.47,35.85,0.33,0.01,24.07,0.56,8.923067,0.11,-0.01,0.07,-0.01,12.58,0.79,0.36,0.02,0.09,-1155856,0,0,-0.008259587,0.027027027,0.302491103,0,-0.02278481,0.118059299,-0.029411765,0.5,-0.323421214,-0.035714286,-0.02756085,0.076923077,-1,0.125,-1,-0.002386635,-0.0125,-0.25,0.666666667,0.1,-0.789447908,0,0
0,2020,0.159,0.91,0.03,0.37,1.68,1.3,17.9,0.42,-0.06,207.54,0.51,8.227714,0.13,0.06,0,0.09,13.34,0.65,0.6,0.06,-0.01,24213075,0,0,0,1,0,0,0,0,1,1.455,0.89,0.03,0.37,2.17,1.42,28.98,0.41,-0.06,71.38,0.53,8.607802,0.12,-0.03,0,-0.05,13.1,0.63,0.46,-0.03,0,-11011236,0,1,1,6.562,1.01,0.03,0.37,1.93,0.2,35.65,0.4,0,40.55,0.5,8.407387,0.15,0.08,0.07,0.27,12.55,0.3,0.52,0.08,0.24,15896690,0,0,-0.890721649,0.02247191,-0.225806452,-0.084507042,0.094117647,-0.382332643,0.024390244,0,1.907537125,-0.037735849,-0.04415622,0.083333333,-3,0,-2.8,0.018320611,0.031746032,0.304347826,-3,-1,-3.198942517,0,0
0,2020,5.789,1.13,0.08,0.55,-0.38,0.32,76.92,0.27,0.15,0.2,0.3,0.953845,2.05,0.57,0.46,1303112400,10.41,-1.49,-2.66,0.57,1068216800,13031124,0,0,0,0,1,0,0,0,0,5.779,1.2,0.08,0.55,-0.64,0.32,73.09,0.25,0.16,0.02,0.27,0.911796,1.38,0.37,0.49,900446800,10.45,-0.84,-1.56,0.37,1185691800,9004468,0,0,0,7.169,1.1,0.08,0.55,-0.75,0.01,60.33,0.27,0.07,-0.02,0.26,0.936085,1.06,0.17,0.28,366101300,10.37,-0.6,-1.34,0.17,624870200,3661013,0,0,0.001730403,-0.058333333,-0.40625,0,0.304347826,0.052401149,0.08,-0.0625,9,0.111111111,0.046116675,0.485507246,0.540540541,-0.06122449,0.44718422,-0.003827751,0.773809524,0.705128205,0.540540541,-0.09907718,0.44718422,1,1
0,2015,0.398,0.91,0.11,0.28,1.74,0.48,44.39,0.51,-0.07,10.15,0.59,19.912007,0.07,0,0.01,0.01,13.24,0.39,0.58,0,0.03,796999,0,0,1,1,0,0,0,0,0,0.245,0.9,0.11,0.28,1.96,0.51,48.2,0.52,-0.08,7.29,0.66,19.612141,0.09,-0.01,0.01,-0.02,13.24,0.39,0.51,0,0.02,-3420098,0,0,0,3.906,0.91,0.11,0.28,1.57,0.51,46.76,0.52,-0.09,16.27,0.61,19.307783,0.06,0.03,0.01,0.06,13.27,0.4,0.64,0.03,0.02,10164695,0,0,0.624489796,0.011111111,-0.112244898,-0.058823529,-0.015384615,-0.079045643,-0.019230769,-0.125,0.392318244,-0.106060606,0.015289815,-0.222222222,-1,0,-1.5,0,0,0.137254902,0,0.5,-1.233033966,0,0
0,2013,0.248,0.99,0.02,0.21,7.74,0.34,34.65,0.35,-0.01,156.92,0.71,27.98451,0.61,0.02,0.02,0.08,14.03,0.32,0.13,0.02,0.06,21125204,0,0,0,0,0,0,1,0,0,6.804,1,0.02,0.21,14.74,0.36,33.68,0.37,0,340.34,0.76,31.031759,0.63,0.02,0.03,0.05,13.97,0.3,0.07,0.02,0.11,12781275,0,0,0,3.617,0.99,0.02,0.21,14.6,0.36,33.86,0.38,-0.01,305.59,0.66,27.784706,0.62,0,0.02,0.02,13.94,0.3,0.07,0.02,0.07,3614700,0,0,-0.963550852,-0.01,-0.474898236,-0.055555556,0.119047619,0.028800475,-0.054054054,-1,-0.538931657,-0.065789474,-0.098197753,-0.031746032,0,-0.333333333,0.6,0.004294918,0.066666667,0.857142857,0,-0.454545455,0.652824464,0,0
0,2016,0.175,21.6,0,0.57,0.8,0.32,56.56,0.6,-0.21,13.91,0.26,1.323957,-0.21,0.44,-0.16,0.42,8.76,1.04,1.25,0.44,-0.16,1938135,1,0,0,0,1,0,1,0,0,0.1,3.35,0,0.57,0.52,0.32,50.84,0.67,-0.37,12.97,0.21,0.999766,-0.76,-0.47,-0.46,-0.3,8.58,1.57,1.94,-0.42,-0.29,-1741686,1,1,0,0.092,16.17,0,0.57,0.63,0.32,54.28,0.71,-0.43,12.2,0.2,1.0179,-0.4,-0.01,-0.52,-0.01,8.75,1.08,1.59,-0.15,-0.48,-58978,1,1,0.75,5.447761194,0.538461538,0,9.116363636,0.112509835,-0.104477612,-0.432432432,0.072474942,0.238095238,0.324266878,-0.723684211,-1.936170213,-0.652173913,-2.4,0.020979021,-0.337579618,-0.355670103,-2.047619048,-0.448275862,-2.112792432,0,0
0,2010,1.506,0.73,0.05,0.42,0.99,1.81,58.55,0.42,-0.06,0,0.5,6.618727,0,-0.03,-0.02,-0.04,11.66,0.73,1.01,-0.05,-0.03,-2556132,1,1,0,0,0,0,1,0,0,2.899,0.79,0.05,0.42,3.55,1.61,54.43,0.42,-0.05,127.43,0.63,6.88261,0.49,-0.17,-0.01,-0.25,11.63,0.69,0.28,-0.03,-0.01,-13338428,0,1,0,0.813,0.93,0.05,0.42,2.67,0.7,50.08,0.48,-0.03,179.46,0.66,7.180694,0.44,-0.03,0.03,-0.05,11.73,0.57,0.37,0.02,0.05,-2533482,0,0,-0.480510521,-0.075949367,-0.721126761,0.124223602,0.219730942,0.075693551,0,0.2,-1,-0.206349206,-0.038340542,-1,-0.823529412,1,-0.84,0.002579536,0.057971014,2.607142857,0.666666667,2,-0.808363324,0,0
0,2013,7.746,1.01,0.06,0.3,0.79,0.67,49.2,0.63,0.01,8.38,0.54,8.304341,-0.02,0.02,0.05,0.05,14.04,0.47,1.26,0.03,0.11,19667155,0,0,1,0,0,0,1,0,0,1.604,0.97,0.06,0.3,0.96,0.71,52.51,0.66,-0.03,7.43,0.63,8.555734,0,0.02,0.03,0.04,14.01,0.47,1.04,0.02,0.05,17312376,0,0,0,8.487,1.08,0.06,0.3,1.04,0.76,49.24,0.6,0.08,9.04,0.65,8.772648,0,0.07,0.08,0.15,13.99,0.48,0.96,0.07,0.17,58373363,0,0,3.829177057,0.041237113,-0.177083333,-0.056338028,-0.02247191,-0.063035612,-0.045454545,-1.333333333,0.127860027,-0.142857143,-0.029382985,-2,0,0.666666667,0.25,0.002141328,0,0.211538462,0.5,1.2,0.13601709,0,0
0,2017,0.576,0.91,0.21,0.41,-19.13,0.32,40.76,0.29,-0.04,-416.25,0.27,1.993126,-1.9,-0.15,0.29,-1.63,10.31,0.09,-0.05,0.02,3.03,-3232881,1,0,0,1,0,0,0,0,1,2.332,0.77,0.21,0.41,-20.51,0.32,40.35,0.31,-0.13,-436.75,0.25,1.831791,-1.78,-0.1,0.1,-1.27,10.46,0.08,-0.05,-0.3,1.22,-2538510,1,1,1,3.873,0.82,0.21,0.41,-13.58,0.32,193.94,0.31,-0.11,-547.38,0.29,2.096755,-1.47,-0.1,0.08,-0.98,10.59,0.1,-0.07,-0.12,0.84,-2726340,1,1,-0.753001715,0.181818182,-0.067284252,0,0.111111111,0.01016109,-0.064516129,-0.692307692,-0.046937607,0.08,0.088075004,0.06741573,0.5,1.9,0.283464567,-0.014340344,0.125,0,-1.066666667,1.483606557,0.273534869,0,0
0,2020,0.173,0.91,0.06,0.34,5.17,0.48,41.98,0.59,-0.2,-754.17,0.59,30.071072,0.32,0.08,-0.04,0.22,15.66,0.38,0.19,-0.07,-0.12,367820546,0,1,0,0,0,0,0,0,1,5.814,1.08,0.06,0.34,6.44,0.49,45.72,0.52,0.13,-928.8,0.82,34.349493,0.3,0.16,0.08,0.43,15.51,0.37,0.16,0.12,0.21,593350934,0,0,1,2.372,0.94,0.06,0.34,6.81,0.69,47.66,0.53,-0.08,-690.77,0.8,32.951473,0.32,0.03,0,0.06,15.34,0.44,0.15,-0.04,-0.01,89949049,0,1,-0.970244238,-0.157407407,-0.197204969,-0.020408163,0.034482759,-0.081802275,0.134615385,-2.538461538,-0.188016796,-0.280487805,-0.124555579,0.066666667,-0.5,-1.5,-0.488372093,0.00967118,0.027027027,0.1875,-1.583333333,-1.571428571,-0.38009612,0,0
0,2010,4.471,-4.35,0.68,0.11,0.84,-2.28,53.23,0.16,0.24,20.37,0.32,0.791146,-0.13,0.06,0.84,0.05,9.68,1.14,1.19,0.9,0.73,670530,1,0,0,0,1,0,0,0,0,4.471,-3.18,0.68,0.11,0.85,-1.56,61.72,0.16,0.3,14.72,0.24,0.591875,-0.13,0.19,1.06,0.15,9.54,1.23,1.18,0.96,0.86,1823667,1,0,0,4.466,-0.63,0.68,0.11,0.61,-0.64,60.15,0.2,0.3,8.17,0.18,0.459748,-0.48,-0.02,1.21,-0.01,9.05,1.68,1.63,1.08,0.72,-106398,1,0,0,0.367924528,-0.011764706,0.461538462,0.52532833,-0.137556708,0,-0.2,0.383831522,0.333333333,0.336677508,0,-0.684210526,-0.20754717,-0.666666667,0.014675052,-0.073170732,0.008474576,-0.0625,-0.151162791,-0.632317742,0,0
0,2020,0.023,1.33,0.03,0.47,0.31,0.03,-79.99,0.41,0.18,2.14,0.26,0.81805,671499400,499497100,376938800,499497100,-11.15,-943619700,3.23,499497400,376938800,4994971,0,0,0,1,1,0,0,0,0,8.345,1.18,0.03,0.47,1.65,0.09,70.44,0.42,0.04,1.09,0.26,0.929729,0.22,0.15,0.26,0.37,9.13,0.39,0.61,0.15,0.67,935878,0,0,0,0.258,0.74,0.03,0.47,1.1,0.01,85.35,0.44,-0.05,0.51,0.22,0.787527,0.06,-0.02,0.08,-0.04,9.18,0.56,0.91,-0.04,0.15,-167453,0,1,-0.997243859,0.127118644,-0.812121212,-0.666666667,-2.630769231,-2.135576377,-0.023809524,3.5,0.963302752,0,-0.120119949,3052269999,3329980666,1449764614,1349992161,-2.221248631,-2419537693,4.295081967,3329982666,562595222.9,4.33720314,0,0
0,2009,1.542,0.03,0.3,0.12,1.58,1.64,78.94,0.52,-0.25,16.92,0.54,6.347807,0.16,-0.08,-0.21,-0.11,12.27,0.72,0.63,-0.08,-0.29,-11333971,0,1,1,0,0,1,0,0,0,1.5,0.32,0.3,0.12,2.65,1.36,61.93,0.49,-0.21,16.08,0.58,6.765445,0.24,0.09,-0.17,0.14,12.25,0.64,0.38,-0.1,-0.26,12566016,0,1,0,0.151,-0.08,0.3,0.12,1.74,1.9,62.72,0.52,-0.29,17.38,0.59,6.831592,0.16,0,-0.19,0,12.25,0.73,0.58,-0.13,-0.26,0,0,1,0.028,-0.90625,-0.403773585,0.205882353,0.47752809,0.274664944,0.06122449,0.19047619,0.052238806,-0.068965517,-0.061731047,-0.333333333,-1.888888889,0.235294118,-1.785714286,0.001632653,0.125,0.657894737,-0.2,0.115384615,-1.901954207,0,0
0,2016,7.84,1.08,0.16,0.28,0.92,0.34,29.07,0.47,0.07,37.64,0.51,6.321438,-0.01,-0.01,0.1,-0.04,12.39,0.39,1.08,0.09,0.26,-2406375,1,0,0,0,0,0,0,1,0,7.125,1.13,0.16,0.28,1.89,0.28,34.75,0.43,0.11,125,0.52,6.125413,0.15,0.03,0.14,0.09,12.35,0.35,0.53,0.1,0.39,5016568,0,0,1,8.329,1.06,0.16,0.28,1.32,0.2,43.49,0.44,0.05,60.79,0.51,5.77944,0.06,0.06,0.1,0.18,12.25,0.32,0.76,0.07,0.32,8474957,0,0,0.100350877,-0.044247788,-0.513227513,0.214285714,0.185185185,-0.163453237,0.093023256,-0.363636364,-0.69888,-0.019230769,0.032001924,-1.066666667,-1.333333333,-0.285714286,-1.444444444,0.003238866,0.114285714,1.037735849,-0.1,-0.333333333,-1.479685514,0,0
0,2019,4.664,1.18,0.06,0.3,2.38,1.5,55.87,0.56,0.01,-0.38,0.3,1.88025,0.41,0.09,0.09,0.12,10.88,0.72,0.42,0.12,0.12,3311674,0,0,0,0,1,0,0,0,0,4.896,1.18,0.06,0.3,1.7,1.77,46.4,0.58,0.01,-0.98,0.3,1.798539,0.27,-0.01,0.01,-0.01,10.72,0.78,0.59,0.08,0.01,-310506,0,0,0,5.865,1.64,0.06,0.3,2.68,1.88,45.21,0.53,0.04,14.53,0.32,1.779834,0.48,0.2,0.13,0.26,10.66,0.75,0.37,0.19,0.18,5858912,0,0,-0.047385621,0,0.4,-0.152542373,-0.265714286,0.204094828,-0.034482759,0,-0.612244898,0,0.045431876,0.518518519,-10,8,-13,0.014925373,-0.076923077,-0.288135593,0.5,11,-11.66541065,0,0
0,2009,6.096,1.02,0.02,0.22,2.76,0.04,51.74,0.39,0.02,7.66,0.7,22.37253,0.22,0.03,0.08,0.17,13.12,0.15,0.36,0.03,0.54,8945568,0,0,0,0,0,0,0,1,0,4.95,1.03,0.02,0.22,1.34,0.04,49.36,0.4,0.03,2.48,0.87,22.260302,0.04,0.03,0.08,0.19,13.1,0.16,0.74,0.05,0.48,10757828,0,0,1,4.655,1.04,0.02,0.22,1.32,0.05,51.72,0.4,0.03,12.42,0.85,21.216649,0.05,0,0.08,0,13.09,0.19,0.76,0.09,0.44,0,0,0,0.231515152,-0.009708738,1.059701493,0,-0.1,0.04821718,-0.025,-0.333333333,2.088709677,-0.195402299,0.005041621,4.5,0,0,-0.105263158,0.001526718,-0.0625,-0.513513514,-0.4,0.125,-0.168459656,0,0
0,2009,1.535,1.35,0.07,0.36,1.54,-12.66,60.09,0.35,-0.06,0.06,0.7,12.799416,0.04,-0.03,0.05,-0.02,13.45,1.08,0.65,-0.03,0.05,-12384050,1,1,0,0,1,0,0,1,0,5.355,0.8,0.07,0.36,1.67,-17.16,59.88,0.37,0.02,0.07,0.44,12.074465,0.05,-0.05,0.07,-0.05,13.39,1.06,0.6,-0.05,0.07,-24905990,1,1,1,2.419,2.62,0.07,0.36,4.03,-76.88,57.56,0.32,-0.01,0.04,0.46,8.845161,0.27,-2.63,0.14,-2.6,11.92,1.01,0.25,-0.01,0.14,-275789988,1,1,-0.713352007,0.6875,-0.077844311,-0.262237762,-0.261153428,0.003507014,-0.054054054,-4,-0.142857143,0.590909091,0.06004001,-0.2,-0.4,-0.285714286,-0.6,0.004480956,0.018867925,0.083333333,-0.4,-0.285714286,-0.50276821,0,0
0,2014,0.193,0.93,0.01,0.37,5.59,-0.13,38.22,0.47,-0.05,88,0.16,0.915429,0.43,0,0.03,3479500,10.01,-0.04,0.18,0,38884700,34795,0,0,0,1,1,0,1,0,0,4.577,1.08,0.01,0.37,13.09,-0.21,36.51,0.44,0.05,91.09,0.16,0.916535,0.54,0.14,0.21,184475900,9.86,-0.2,0.08,0.14,280691800,1844759,0,0,0,4.486,1.16,0.01,0.37,8.09,-0.19,36.09,0.44,0.11,125.94,0.15,0.963345,0.58,0.34,0.34,420485000,9.8,-0.13,0.12,0.33,431295400,4204850,0,0,-0.957832641,-0.138888889,-0.572956455,-0.380952381,-0.764705882,0.046836483,0.068181818,-2,-0.033922494,0,-0.001206719,-0.203703704,-1,-0.857142857,-0.981138458,0.015212982,-0.8,1.25,-1,-0.861468344,-0.981138458,1,1
0,2020,0.083,0.76,0.04,0.28,4.25,0.53,42.36,0.44,-0.18,323.19,0.44,5.542492,0.54,-0.09,0.07,-0.2,12.49,0.45,0.24,-0.06,0.15,-17144498,0,1,0,0,0,0,0,0,1,7.56,1.03,0.04,0.28,3.91,0.4,44.35,0.43,0.02,312.37,0.49,6.34426,0.5,0.02,0.08,0.06,12.57,0.41,0.26,0.06,0.19,4680010,0,0,1,6.628,1.04,0.04,0.28,4.65,0.44,38.24,0.43,0.04,342.78,0.53,6.752426,0.55,0.04,0.09,0.09,12.53,0.41,0.22,0.07,0.21,7252055,0,0,-0.989021164,-0.262135922,0.086956522,0.325,0.202898551,-0.044870349,0.023255814,-10,0.03463841,-0.102040816,-0.126376914,0.08,-5.5,-0.125,-4.333333333,-0.00636436,0.097560976,-0.076923077,-2,-0.210526316,-4.663346446,0,0
0,2012,0.033,2.61,0.06,0.3,0.39,-0.03,20.36,0.64,-0.17,9.06,0.56,2.381815,-0.83,0.04,-0.35,0.03,9.26,1.37,2.54,-0.56,-0.26,283850,1,1,0,0,0,0,0,1,0,4.781,0.71,0.06,0.3,0.3,-0.34,11.95,0.53,0.03,5.98,0.55,2.481014,-0.94,0.49,0.35,0.33,9.05,1.51,3.36,-1.06,0.23,2936937,1,1,1,7.892,0.74,0.06,0.3,0.31,-0.61,14.4,0.43,0.05,12.15,0.56,2.446665,-0.83,-0.24,0.24,-0.16,9.75,1.5,3.24,-0.25,0.16,-2854964,1,1,-0.993097678,2.676056338,0.3,-0.911764706,0.235690236,0.70376569,0.20754717,-6.666666667,0.515050167,0.018181818,-0.039983249,-0.117021277,-0.918367347,-2,-0.909090909,0.02320442,-0.092715232,-0.244047619,-0.471698113,-2.130434783,-0.903351689,0,0
0,2021,4.95,1.07,0.08,0.43,2.47,0.01,54.27,0.46,0.05,108.25,0.45,5.449128,0.29,0.79,0.1,3.85,12.06,0.21,0.41,0.1,0.5,95463885,0,0,1,0,0,0,0,0,0,4.109,0.89,0.08,0.43,1.78,0.32,51.68,0.52,-0.07,117.82,0.45,4.945292,0.19,-0.68,-0.01,-2.49,12.03,0.27,0.56,0.06,-0.04,-79521252,0,0,0,6.373,1.03,0.08,0.43,2.82,0.04,41.63,0.45,0.02,49.04,0.45,5.028336,0.21,0.05,0.09,0.33,11.81,0.15,0.35,0.04,0.58,4664091,0,0,0.20467267,0.202247191,0.387640449,-0.96875,-0.297297297,0.050116099,-0.115384615,-1.714285714,-0.081225598,0,0.101881952,0.526315789,-2.161764706,-11,-2.546184739,0.002493766,-0.222222222,-0.267857143,0.666666667,-13.5,-2.200482671,0,0
0,2014,3.565,0.95,0.26,0.23,4.87,0.4,57.93,0.32,-0.04,103.65,0.18,2.801282,0.31,0,0.02,0.01,11.79,0.34,0.21,0,0.05,393793,0,0,0,0,0,0,0,1,0,8.066,1.05,0.26,0.23,4.84,0.42,71.12,0.34,0.05,102.97,0.2,2.82204,0.3,0.06,0.06,0.16,11.8,0.35,0.21,0.06,0.16,5133116,0,0,1,7.883,1.05,0.26,0.23,6.2,0.4,71.66,0.35,0.05,91.12,0.24,2.688416,0.31,0.06,0.06,0.18,11.67,0.33,0.16,0.06,0.19,4754031,0,0,-0.558021324,-0.095238095,0.006198347,-0.047619048,-0.055555556,-0.185461192,-0.058823529,-1.8,0.006603865,-0.1,-0.007355672,0.033333333,-1,-0.666666667,-0.9375,-0.000847458,-0.028571429,0,-1,-0.6875,-0.92328383,0,0
0,2010,2.888,0.85,0.04,0.28,1.35,1.85,52.63,0.43,-0.03,36.53,0.52,7.954814,0.09,0.03,0.03,0.05,11.61,0.74,0.74,0.01,0.03,2552877,0,0,0,0,0,0,0,0,0,0.568,0.93,0.04,0.28,1.56,2.1,49.63,0.44,-0.01,18.93,0.48,7.964915,0.11,0.15,0.06,0.21,11.49,0.74,0.64,0.03,0.08,10383122,0,0,0,3.616,0.65,0.04,0.28,1.24,5.56,59.37,0.48,-0.03,1.22,0.48,8.279661,0.06,-0.39,0.05,-0.44,11.4,0.89,0.8,0.01,0.06,-23943039,0,0,4.084507042,-0.086021505,-0.134615385,-0.119047619,-0.020833333,0.06044731,-0.022727273,2,0.929741152,0.083333333,-0.001268187,-0.181818182,-0.8,-0.5,-0.761904762,0.010443864,0,0.15625,-0.666666667,-0.625,-0.754132042,0,0
0,2019,0.954,0.95,0.2,0.46,1.81,1.79,42.06,0.51,-0.03,54.41,0.56,13.166934,0.09,0.03,0,0.04,13.91,0.68,0.55,0.03,0.01,22722954,0,0,0,1,0,0,1,0,0,5.398,1.05,0.2,0.46,1.95,2,43.18,0.5,0.02,39.04,0.56,12.831321,0.08,0.04,0.04,0.06,13.86,0.7,0.51,0.04,0.06,28089955,0,0,0,8.177,1.01,0.2,0.46,2.97,0.36,38.35,0.5,0.01,85.37,0.43,12.829321,0.35,0.05,0.07,0.12,13.04,0.39,0.34,0.05,0.17,15396058,0,0,-0.823267877,-0.095238095,-0.071794872,-0.105,-0.065789474,-0.025937934,0.02,-2.5,0.39369877,0,0.026155764,0.125,-0.25,-1,-0.333333333,0.003607504,-0.028571429,0.078431373,-0.25,-0.833333333,-0.191064777,0,0
0,2019,8.411,1.01,0.06,0.2,9.66,0.15,41.03,0.43,0.01,1.34,0.57,9.134645,0.16,0.02,0.07,0.11,12.18,0.15,0.1,0.02,0.48,2187671,0,0,0,0,1,0,0,1,0,4.795,1.05,0.06,0.2,2.47,0.03,35.79,0.32,0.03,0.05,0.59,8.894531,0.12,0.05,0.1,0.47,12.12,0.11,0.4,0.05,0.96,6452097,0,0,1,7.163,1.12,0.06,0.2,2.27,0.05,34.84,0.31,0.07,-0.39,0.55,8.612709,0.12,0.11,0.16,0.77,12.1,0.14,0.44,0.11,1.12,13681943,0,0,0.754118874,-0.038095238,2.910931174,4,0.5,0.146409612,0.34375,-0.666666667,25.8,-0.033898305,0.02699569,0.333333333,-0.6,-0.3,-0.765957447,0.004950495,0.363636364,-0.75,-0.6,-0.5,-0.660936437,0,0
0,2014,1.475,0.59,0.09,0.32,0.54,0.32,37.46,0.57,-0.13,14.25,0.4,3.492487,-0.26,-0.1,-0.09,-0.17,10.59,0.58,1.85,-0.17,-0.15,-2788881,1,1,1,0,0,0,0,0,0,1.527,0.7,0.09,0.32,1.64,0.81,38.55,0.59,-0.11,45.56,0.46,3.945822,0.14,-0.07,-0.06,-0.13,10.79,0.57,0.61,-0.07,-0.1,-2524950,1,1,0,3.298,0.83,0.09,0.32,1.94,0.76,41.76,0.47,-0.06,36.46,0.46,3.899502,0.18,-0.02,-0.01,-0.03,10.89,0.54,0.52,-0.02,-0.02,-664535,1,1,-0.0340537,-0.157142857,-0.670731707,-0.604938272,0.03030303,-0.028274968,-0.033898305,0.181818182,-0.687225637,-0.130434783,-0.114889876,-2.857142857,0.428571429,0.5,0.307692308,-0.018535681,0.01754386,2.032786885,1.428571429,0.5,0.104529199,0,0
0,2012,6.623,1.05,0.09,0.63,1.4,0.01,33.91,0.35,0.03,8.88,0.49,1.981642,0.09,-0.03,0.08,-0.1,11.09,0.24,0.72,0.05,0.34,-1135918,0,0,0,1,0,0,0,0,0,7.188,1.05,0.09,0.63,2.99,0.15,54.97,0.34,0.03,7.99,0.48,1.935897,0.26,0.11,0.08,0.47,11.12,0.24,0.34,0.05,0.33,5279409,0,0,0,6.067,1.01,0.09,0.63,2.33,0.19,44.43,0.26,0.01,36.47,0.5,1.895804,0.21,0.23,0.06,0.8,11.03,0.29,0.43,0.02,0.2,9908794,0,0,-0.078603228,0,-0.531772575,-0.933333333,-0.03125,-0.383118064,0.029411765,0,0.111389237,0.020833333,0.023629873,-0.653846154,-1.272727273,0,-1.212765957,-0.002697842,0,1.117647059,0,0.03030303,-1.215160068,0,0
0,2011,2.279,0.84,0.06,0.49,5.36,0.02,45.63,0.41,-0.1,74.09,0.22,1.636778,0.35,-0.09,-0.03,-0.92,10.18,0.09,0.19,-0.09,-0.34,-1579994,0,1,0,0,1,0,0,1,0,3.643,0.93,0.06,0.49,5.9,0.01,39.96,0.4,-0.04,84.15,0.25,1.749279,0.38,-0.04,0.05,-0.46,10.27,0.09,0.17,-0.04,0.53,-825769,0,1,1,3.253,0.92,0.06,0.49,6.3,0.01,39.4,0.4,-0.06,90.46,0.28,1.760821,0.36,-0.05,0.03,-0.6,10.3,0.08,0.16,-0.05,0.35,-1006330,0,1,-0.37441669,-0.096774194,-0.091525424,1,0,0.141891892,0.025,1.5,-0.119548425,-0.12,-0.064312783,-0.078947368,1.25,-1.6,1,-0.008763389,0,0.117647059,1.25,-1.641509434,0.913360758,0,0
0,2013,7.588,1.03,0.09,0.18,2.72,0,48.1,0.36,0.06,0.01,0.41,2.760424,0.05,0.04,0.04,1.27,12.26,0.03,0.37,0.04,1.27,6099117,0,0,0,0,0,0,0,1,0,5.795,1.11,0.09,0.18,3.17,0,48.71,0.33,0.16,0.01,0.39,2.458165,0.06,0.1,0.11,2.99,12.22,0.03,0.32,0.1,3.57,13495986,0,0,1,5.813,1.11,0.09,0.18,3.13,0,48.05,0.33,0.15,0.01,0.39,2.653988,0.07,0.12,0.11,3.2,12.12,0.04,0.32,0.12,3.05,14891155,0,0,0.309404659,-0.072072072,-0.141955836,0,0,-0.012523096,0.090909091,-0.625,0,0.051282051,0.122961233,-0.166666667,-0.6,-0.636363636,-0.575250836,0.003273322,0,0.15625,-0.6,-0.644257703,-0.548079184,0,0
0,2021,2.292,0.97,0.22,0.41,0.38,-0.65,39,0.39,-0.03,0.48,0.29,2.455111,-0.29,0.13,-0.01,419677500,10.76,-0.54,2.66,0.1,-31795000,4196775,0,0,0,0,1,0,0,0,0,0.059,0.96,0.22,0.41,2.86,-0.34,7.52,0.43,-0.04,42.3,0.31,2.799193,0.12,-0.04,0,-144798400,10.76,-0.41,0.35,-0.03,-2193600,-1447984,0,1,0,1.502,0.95,0.22,0.41,2.42,-0.33,51.25,0.41,-0.06,0.28,0.33,2.869962,0.11,-0.17,-0.01,-598303400,10.81,-0.38,0.41,-0.04,-30759000,-5983034,0,1,37.84745763,0.010416667,-0.867132867,0.911764706,0.206896552,4.186170213,-0.093023256,-0.25,-0.988652482,-0.064516129,-0.122921856,-3.416666667,-4.25,-1,-3.898357302,0,0.317073171,6.6,-4.333333333,13.49443837,-3.898357302,1,1
0,2019,0.146,1.32,0.31,0.2,4.22,-2.19,61.15,0.53,-0.37,90.7,0.53,2.142193,0.3,-0.41,-0.19,-0.23,12.04,1.76,0.24,-0.04,-0.11,-48263063,0,1,1,1,0,0,0,0,0,3.245,1.21,0.31,0.2,3.99,-3.59,57.62,0.43,-0.1,121.15,0.52,2.058155,0.35,0.02,-0.01,0.02,12.06,1.34,0.25,0.17,-0.01,2600081,0,0,0,1.526,1.3,0.31,0.2,3.01,-2.67,64.69,0.47,-0.17,101.03,0.52,1.996497,0.35,0.03,-0.06,0.02,11.75,1.49,0.33,0.08,-0.04,2641711,0,0,-0.955007704,0.090909091,0.05764411,-0.389972145,-0.409669211,0.06126345,0.23255814,2.7,-0.251341312,0.019230769,0.040831716,-0.142857143,-21.5,18,-12.5,-0.001658375,0.313432836,-0.04,-1.235294118,10,-19.56213826,0,0
0,2015,4.494,1.12,0.06,0.25,21.93,0,34.33,0.24,0.21,0.11,0.58,10.696634,0.79,0.12,0.14,3.13,13.58,0.04,0.05,0.12,3.69,66395885,0,0,0,0,0,0,0,0,1,4.5,1.12,0.06,0.25,18.89,0,34.68,0.24,0.19,0.3,0.61,10.886439,0.77,0.13,0.15,2.87,13.46,0.04,0.05,0.12,3.4,61955637,0,0,1,4.559,1.09,0.06,0.25,15.88,0,36.63,0.25,0.14,0.16,0.63,10.416608,0.7,0.1,0.13,2.04,13.32,0.05,0.06,0.1,2.66,42671117,0,0,-0.001333333,0,0.16093171,0,-0.2,-0.010092272,0,0.105263158,-0.633333333,-0.049180328,-0.017434994,0.025974026,-0.076923077,-0.066666667,0.090592334,0.008915305,0,0,0,0.085294118,0.071668184,0,0
0,2012,3.791,1,0.25,0.2,1.38,0.32,63.6,0.45,0,21.05,0.77,39.151424,0.07,0,0.04,0,14.66,0.41,0.72,0.01,0.1,0,0,0,0,1,0,0,0,0,0,5.599,1.17,0.25,0.2,2.19,0.32,65,0.51,0.01,36.69,0.78,23.672798,0.12,0,0.06,0,14.55,0.34,0.46,0.08,0.17,0,0,0,0,5.296,1.17,0.25,0.2,1.59,0.32,62.05,0.39,0.01,38.46,0.75,34.258144,0.08,0,0.06,0,14.52,0.46,0.63,0.06,0.13,0,0,0,-0.322914806,-0.145299145,-0.369863014,0,0.392156863,-0.021538462,-0.117647059,-1,-0.426274189,-0.012820513,0.653857056,-0.416666667,0,-0.333333333,0,0.007560137,0.205882353,0.565217391,-0.875,-0.411764706,0,0,0
0,2019,3.32,0.97,0.11,0.26,1.11,1.05,50.74,0.42,-0.02,6.78,0.54,9.796619,0.01,0,0.02,0,13.4,0.57,0.91,0.04,0.04,1033915,0,0,0,0,0,0,1,0,0,0.727,0.98,0.11,0.26,1.32,1.18,58.82,0.42,-0.01,6.79,0.59,10.094821,0.04,0.04,0.02,0.07,13.45,0.59,0.76,0.06,0.04,19461397,0,0,0,0.361,0.98,0.11,0.26,2.4,1.21,65.62,0.4,-0.02,1.91,0.56,7.532132,0.26,0,0.02,0,13.44,0.63,0.42,0.03,0.03,1282087,0,0,3.566712517,-0.010204082,-0.159090909,-0.110169492,-0.082191781,-0.137368242,0,1,-0.001472754,-0.084745763,-0.029540098,-0.75,-1,0,-1,-0.003717472,-0.033898305,0.197368421,-0.333333333,0,-0.946873547,0,0
0,2017,6.66,1.42,0.11,0.22,3.68,0.88,41.3,0.41,0.16,5.03,0.6,3.448537,0.6,0.17,0.23,0.3,12.05,0.59,0.27,0.18,0.4,20781141,0,0,0,0,1,0,0,0,0,7.578,1.41,0.11,0.22,2.95,1.48,45.35,0.42,0.09,31.47,0.6,3.49619,0.51,0.08,0.21,0.11,11.84,0.7,0.34,0.13,0.3,7289774,0,0,0,7.522,1.41,0.11,0.22,2.76,1.98,52.32,0.41,0.08,10.9,0.65,3.694483,0.45,0.04,0.22,0.05,11.73,0.75,0.36,0.11,0.29,3275575,0,0,-0.121140143,0.007092199,0.247457627,-0.405405405,-0.4,-0.089305402,-0.023809524,0.777777778,-0.840165237,0,-0.01362998,0.176470588,1.125,0.095238095,1.727272727,0.017736486,-0.157142857,-0.205882353,0.384615385,0.333333333,1.850725002,0,0
0,2009,5.786,1.1,0.01,0.29,3.97,-0.62,57.76,0.29,0.17,-7.48,0.23,2.535563,0.19,0.27,0.3,1625733900,11.36,-1.46,0.25,0.26,1822925000,16257339,0,0,0,0,1,0,1,0,0,5.848,1.09,0.01,0.29,2.76,-0.63,53.79,0.31,0.12,-5.65,0.24,2.713601,0.17,0.19,0.26,1051330100,11.26,-1.43,0.36,0.23,1429579800,10513301,0,0,0,4.517,1.2,0.01,0.29,4.03,-0.55,67.62,0.3,0.26,-0.35,0.27,3.069423,0.22,0.09,0.46,526131900,11.35,-1.05,0.25,0.12,2721910700,5261319,0,0,-0.010601915,0.009174312,0.438405797,-0.015873016,0,0.07380554,-0.064516129,0.416666667,0.323893805,-0.041666667,-0.065609498,0.117647059,0.421052632,0.153846154,0.546359131,0.008880995,0.020979021,-0.305555556,0.130434783,0.275147424,0.546359131,1,1
0,2019,3.79,1,0.03,0.24,1.04,0.39,4282.78,0.47,-0.17,1342.16,0.4,5.890136,0.01,0.08,0,0.2,17.12,0.38,0.96,0,0,1455687000,0,1,0,0,0,0,0,0,0,1.037,1,0.03,0.24,1.17,0.41,3816.81,0.44,-0.07,1766.67,0.39,5.698914,0.02,0.31,6.23e-05,0.81,17,0.39,0.85,0,0,5228494000,0,1,0,3.465,1,0.03,0.24,0.97,0.47,1711.02,0.46,-0.09,782.9,0.38,5.708562,-0.01,0.1,0,0.23,16.33,0.42,1.04,0,0,841377000,1,1,2.654773385,0,-0.111111111,-0.048780488,-0.015873016,0.122083625,0.068181818,1.428571429,-0.240288226,0.025641026,0.033554112,-0.5,-0.741935484,-1,-0.75308642,0.007058824,-0.025641026,0.129411765,0,0,-0.721585795,0,0
0,2020,6.39,0.64,0.1,0.16,-1.71,-0.22,53.9,0.48,0.03,-175.78,0.71,6.159739,-4.55,1.45,0.65,0.77,9.32,1.87,-0.58,0.44,0.35,11250400,1,0,1,0,0,0,0,0,0,4.079,1.42,0.1,0.16,5.97,-4.09,37.92,0.5,-0.11,111.87,0.57,5.821231,0.43,0.23,-0.07,0.18,11.38,1.3,0.17,-0.1,-0.05,14079159,1,1,0,3.57,1.22,0.1,0.16,2.15,-2.31,65.09,0.51,-0.1,0.02,0.53,5.569276,0.19,-0.02,0.01,-0.01,11.19,1.64,0.46,-0.06,0.01,-1053007,1,1,0.566560431,-0.549295775,-1.286432161,-0.946210269,-0.50913242,0.421413502,-0.04,-1.272727273,-2.571288102,0.245614035,0.058150587,-11.58139535,5.304347826,-10.28571429,3.277777778,-0.181019332,0.438461538,-4.411764706,-5.4,-8,-0.20091818,0,0
0,2014,0.102,0.34,0.09,0.3,4.95,0.32,80.42,0.74,-0.45,29.1,0.14,0.73206,0.46,-0.05,-0.52,-0.39,8.94,0.12,0.2,-0.05,-4.4,-242631,0,1,1,0,0,0,0,0,0,0.126,0.6,0.09,0.3,5.27,0.32,52.81,0.66,-0.26,28.5,0.13,0.703933,0.46,0.17,-0.3,1.57,8.98,0.11,0.19,0.13,-2.73,944381,0,0,0,0.064,0.02,0.09,0.3,2.51,0.32,68.91,0.93,-0.69,43.8,0.16,0.906804,0.3,0.05,-0.71,0.23,8.87,0.2,0.4,0.02,-3.52,224943,0,0,-0.19047619,-0.433333333,-0.060721063,0,0.083333333,0.522817648,0.121212121,0.730769231,0.021052632,0.076923077,0.039956928,0,-1.294117647,0.733333333,-1.248407643,-0.004454343,0.090909091,0.052631579,-1.384615385,0.611721612,-1.256920671,0,0
0,2014,8.456,1.04,0.01,0.28,5.14,0.28,58.98,0.51,0.04,228.38,0.53,10.15049,0.47,0.06,0.07,0.2,13.06,0.31,0.19,0.06,0.23,20043005,0,0,1,0,0,0,0,1,0,4.618,1.03,0.01,0.28,4.87,0.33,41.7,0.51,0.03,241.55,0.56,10.467851,0.44,0.05,0.06,0.14,13.01,0.34,0.21,0.05,0.19,14409000,0,0,1,5.444,1.02,0.01,0.28,4.95,0.38,52.75,0.51,0.02,197.6,0.58,10.240542,0.4,0.05,0.06,0.13,12.96,0.35,0.2,0.05,0.17,13639000,0,0,0.831095712,0.009708738,0.055441478,-0.151515152,-0.12,0.414388489,0,0.333333333,-0.054522873,-0.053571429,-0.030317684,0.068181818,0.2,0.166666667,0.428571429,0.003843198,-0.088235294,-0.095238095,0.2,0.210526316,0.391005968,0,0
0,2017,5.781,1.07,0.03,0.23,3.44,-0.69,50.75,0.35,0.13,0.05,0.75,63.607337,0.21,0.23,0.29,19727900300,14.02,-1.99,0.29,0.23,24748879900,197279003,0,0,0,0,1,0,1,0,0,4.56,1.08,0.03,0.23,4.82,-0.7,49.13,0.35,0.15,-0.05,0.75,63.624693,0.25,0.29,0.34,21773498900,13.89,-2.14,0.21,0.28,25581527700,217734989,0,0,0,5.82,1.08,0.03,0.23,4.33,-0.71,54.73,0.35,0.14,0.03,0.72,60.906031,0.28,0.28,0.34,19174542000,13.81,-2.1,0.23,0.28,23662256700,191745420,0,0,0.267763158,-0.009259259,-0.286307054,-0.014285714,-0.014705882,0.032973743,0,-0.133333333,-2,0,-0.000272787,-0.16,-0.206896552,-0.147058824,-0.093949007,0.009359251,-0.070093458,0.380952381,-0.178571429,-0.032548791,-0.093949007,1,1
0,2020,0.109,0.82,0.03,0.38,1.53,0.15,59.27,0.64,-0.15,80.77,0.44,3.392405,0.23,0.03,-0.06,0.06,12.38,0.51,0.65,0.03,-0.11,5028631,0,0,1,0,0,0,0,0,1,4.092,0.97,0.03,0.38,1.71,0.17,58.52,0.56,-0.02,5.88,0.44,3.183741,0.27,0.04,0.03,0.08,12.24,0.47,0.58,0.04,0.06,5707459,0,0,1,2.351,0.94,0.03,0.38,1.8,0.2,66.77,0.57,-0.05,5.9,0.46,3.175442,0.27,0.02,0.01,0.03,12.12,0.44,0.56,0.02,0.02,1971764,0,0,-0.973362659,-0.154639175,-0.105263158,-0.117647059,0.170454545,0.012816131,0.142857143,6.5,12.73639456,0,0.065540507,-0.148148148,-0.25,-3,-0.25,0.011437908,0.085106383,0.120689655,-0.25,-2.833333333,-0.118936991,0,0
0,2019,4.745,1.03,0.03,0.3,1.51,0.56,38.14,0.5,0.02,8.04,0.44,11.920257,0.07,0,0.07,0,12.87,0.44,0.66,0,0.15,533394,0,0,0,0,0,0,0,0,0,4.938,1.03,0.03,0.3,1.77,0.53,38.55,0.51,0.02,27.24,0.44,10.813052,0.1,-0.02,0.07,-0.05,12.84,0.43,0.56,-0.02,0.16,-5576109,0,1,0,7.372,1,0.03,0.3,1.83,0.5,44.69,0.52,0,30.74,0.37,8.533951,0.1,0,0.06,0.01,12.85,0.41,0.55,0,0.14,637312,0,0,-0.03908465,0,-0.146892655,0.056603774,0.052631579,-0.010635538,-0.019607843,0,-0.704845815,0,0.102395235,-0.3,-1,0,-1,0.002336449,0.023255814,0.178571429,-1,-0.0625,-1.095657025,0,0
0,2014,5.929,1.08,0.08,0.27,4.59,2.23,48.5,0.38,0.03,10.11,0.54,10.722733,0.21,0.03,0.07,0.04,12.8,0.71,0.22,0.06,0.1,6578096,0,0,0,0,0,0,1,0,0,6.06,1.07,0.08,0.27,5.01,2.44,43.64,0.4,0.02,28.76,0.56,10.864305,0.29,0.06,0.11,0.08,12.79,0.73,0.2,0.06,0.14,15191388,0,0,0,4.212,1,0.08,0.27,2.63,2.91,45.96,0.52,0,12.69,0.61,11.312227,0.16,0.03,0.1,0.03,12.69,0.77,0.38,0.03,0.13,5894632,0,0,-0.021617162,0.009345794,-0.083832335,-0.086065574,-0.103321033,0.11136572,-0.05,0.5,-0.648470097,-0.035714286,-0.01303093,-0.275862069,-0.5,-0.363636364,-0.5,0.000781861,-0.02739726,0.1,0,-0.285714286,-0.566985189,0,0
0,2020,0.038,0.31,0.06,0.3,1.17,1.07,26.94,0.66,-0.2,44.01,0.14,1.234675,0.05,0.11,-0.16,0.17,10.74,0.65,0.85,0.11,-0.24,3538733,0,0,0,0,0,0,0,0,1,0.043,-0.23,0.06,0.3,0.68,0.91,41.31,0.69,-0.27,6.21,0.14,1.385989,-0.13,0.01,-0.32,0.01,10.48,0.69,1.47,-0.01,-0.46,250322,1,1,1,0.032,-0.75,0.06,0.3,0.62,1.09,49.83,0.77,-0.42,5.16,0.15,1.386667,-0.15,0.02,-0.42,0.02,10.54,0.72,1.61,-0.1,-0.59,424575,1,1,-0.11627907,-2.347826087,0.720588235,0.175824176,-0.158371041,-0.347857662,-0.043478261,-0.259259259,6.086956522,0,-0.109174027,-1.384615385,10,-0.5,16,0.02480916,-0.057971014,-0.421768707,-12,-0.47826087,13.1367239,0,0
0,2008,7.529,1.19,0.12,0.25,1.5,1.35,46.2,0.35,0.07,22.23,0.69,11.467048,0.09,-0.2,0.11,-0.3,13.03,0.65,0.67,0.01,0.17,-61979837,0,0,0,0,0,0,0,0,0,4.616,1.06,0.12,0.25,1.76,0.76,55.98,0.35,0.04,20.27,0.67,10.904015,0.1,0.04,0.06,0.07,13.12,0.5,0.57,0.15,0.13,12509202,0,0,0,7.598,1.09,0.12,0.25,2.02,0.8,57.26,0.34,0.05,7.32,0.7,10.918547,0.11,0,0.08,0,13.05,0.51,0.49,0.12,0.15,0,0,0,0.631065858,0.122641509,-0.147727273,0.776315789,0.851485149,-0.174705252,0,0.75,0.096694623,0.029850746,0.051635384,-0.1,-6,0.833333333,-5.285714286,-0.006859756,0.3,0.175438596,-0.933333333,0.307692308,-5.954739479,0,0
0,2010,5.475,1.03,0.13,0.19,0.31,-0.85,59.63,0.31,0.04,-4.79,0.79,3.404348,-0.51,0.87,0.11,4018407600,11.1,-0.72,3.23,0.07,508611200,40184076,1,0,0,0,0,0,0,0,0,1.805,1,0.13,0.19,0.24,-0.77,62.33,0.35,0,-2.33,0.64,3.170132,-0.61,-0.03,0.06,-0.2,11.11,0.16,4.12,0.02,0.35,-1533376,1,0,0,6.58,1.27,0.13,0.19,0.2,-0.8,58.1,0.34,0.23,-3.56,0.75,3.550594,-0.67,0.69,0.26,3.68,11.17,0.19,5,0.03,1.41,34037502,1,0,2.033240997,0.03,0.291666667,0.103896104,-3.1,-0.043317824,-0.114285714,4,1.055793991,0.234375,0.073882097,-0.163934426,-30,0.833333333,-20092038001,-0.00090009,-5.5,-0.216019417,2.5,1453174856,-27.20627687,0,0
0,2015,0.054,1.89,0.06,0.28,-70.11,0.32,41.89,0.37,-0.26,-293.23,0.6,4.757061,-14463710500,-575484600,-3706880600,-2.83,-11.15,203398100,-0.01,-575484600,-18.22,-5754846,1,1,0,0,0,0,1,0,0,0.138,1.49,0.06,0.28,-61.91,0.32,45.34,0.39,-0.14,-346.24,0.53,4.383315,-13938580600,-1789527200,-1542306300,-8.08,-11.15,221565600,-0.02,-1789527200,-6.96,-17895272,1,1,0,0.121,2.03,0.06,0.28,-45.56,0.32,65.34,0.41,-0.2,-343.92,0.49,3.888852,-12002675400,-16671301700,-1905301700,-64.67,-11.15,257786300,-0.02,-2540136200,-7.39,-166713017,1,1,-0.608695652,0.268456376,0.132450331,0,-0.2,-0.076091751,-0.051282051,0.857142857,-0.153101895,0.132075472,0.085265604,0.037674561,-0.678415282,1.4034659,-0.649752475,0,-0.081996032,-0.5,-0.678415282,1.617816092,-0.678415282,0,0
0,2012,5.207,1.25,0.35,0.18,3.41,1.39,65.03,0.34,0.02,0.02,0.73,28.681016,0.76,-0.45,0.28,-0.63,12.56,0.71,0.29,0.1,0.39,-89009818,0,0,0,0,0,1,0,0,0,7.825,1.21,0.35,0.18,4.42,0.61,64.57,0.33,0.04,0.05,0.74,28.404708,0.56,0.04,0.23,0.09,12.91,0.48,0.23,0.14,0.48,12622580,0,0,0,8.543,1.14,0.35,0.18,3.61,0.8,64.89,0.29,0.03,0.11,0.73,26.305503,0.49,-0.02,0.18,-0.03,12.96,0.55,0.28,0.08,0.32,-4627528,0,0,-0.33456869,0.033057851,-0.228506787,1.278688525,1.666666667,0.007124051,0.03030303,-0.5,-0.6,-0.013513514,0.009727542,0.357142857,-12.25,0.217391304,-8,-0.027110767,0.479166667,0.260869565,-0.285714286,-0.1875,-8.051634293,0,0
0,2016,4.556,2.02,0.02,0.25,5.06,0.03,39.34,0.31,0.2,0.01,0.45,2.479432,0.45,0,0.94,0,10.04,0.13,0.2,0.97,6.96,0,0,0,0,0,0,0,0,1,0,4.546,1.83,0.02,0.25,6.76,0.01,35.87,0.31,0.18,0.02,0.5,2.479716,0.54,0,0.8,0,10.01,0.1,0.15,0.86,7.65,0,0,0,1,5.783,1.59,0.02,0.25,4.61,0.02,42.47,0.33,0.14,0.01,0.48,2.575857,0.54,0,0.54,0,10.08,0.17,0.22,0.61,3.22,-3374,0,0,0.002199736,0.103825137,-0.25147929,2,0.333333333,0.096738221,0,0.111111111,-0.5,-0.1,-0.000114529,-0.166666667,0,0.175,0,0.002997003,0.3,0.333333333,0.127906977,-0.090196078,0,0,0
0,2018,0.12,0.54,0.16,0.44,2.12,0.32,25.53,0.9,-0.66,144.6,0.27,2.855626,0.26,0.01,-0.31,0.04,11.85,0.23,0.47,0.01,-1.32,798814,0,0,1,0,0,1,0,0,0,0.106,0.5,0.16,0.44,2.87,0.32,34.01,0.94,-0.71,169.08,0.28,3.007907,0.4,0.02,-0.36,0.09,11.81,0.21,0.35,0.02,-1.68,1698225,0,0,0,0.144,0.64,0.16,0.44,3.31,0.32,28.81,0.76,-0.45,193.66,0.28,3.003345,0.45,0.07,-0.25,0.35,11.77,0.2,0.3,0.07,-1.26,6108656,0,0,0.132075472,0.08,-0.261324042,0,0.148148148,-0.24933843,-0.042553191,-0.070422535,-0.144783534,-0.035714286,-0.050626898,-0.35,-0.5,-0.138888889,-0.555555556,0.00338696,0.095238095,0.342857143,-0.5,-0.214285714,-0.529618278,0,0
0,2019,3.643,0.92,0.16,0.28,0.83,0,52.54,0.34,-0.06,0.01,0.26,1.682872,-0.12,0,0,0,11.95,0.69,1.21,0,-0.01,35885,1,0,0,0,0,0,0,0,0,4.083,0.94,0.16,0.28,0.88,0.01,52.76,0.35,-0.04,0.01,0.32,1.944441,-0.09,0,0,0,12.31,0.78,1.13,0,0,178403,1,0,0,1.512,0.83,0.16,0.28,0.78,0,51.93,0.35,-0.13,0.01,0.3,1.963026,-0.15,-0.03,-0.04,-0.05,11.89,0.67,1.28,-0.03,-0.06,-3345109,1,1,-0.107763899,-0.021276596,-0.056818182,-1,-0.389972145,-0.004169826,-0.028571429,0.5,0,-0.1875,-0.134521438,0.333333333,0,0,0,-0.029244517,-0.115384615,0.07079646,0,-1,-0.798854279,0,0
0,2012,6.623,1.12,0.09,0.22,3.03,-0.6,63.03,0.36,0.13,0.26,0.69,10.827443,0.28,0.14,0.35,1588673900,12.02,-1.17,0.33,0.28,4084323100,15886739,0,0,0,0,1,1,0,0,0,5.796,1.23,0.09,0.22,3.28,-0.57,49.09,0.27,0.17,0.02,0.71,10.657457,0.3,0.31,0.54,3660486800,12.03,-1,0.31,0.48,6306459400,36604868,0,0,0,4.585,1.24,0.09,0.22,2.38,-0.6,42.58,0.25,0.17,0.05,0.66,9.783864,0.24,0.35,0.57,3336801600,11.84,-1.05,0.42,0.53,5519693100,33368016,0,0,0.14268461,-0.089430894,-0.076219512,0.052631579,0.08,0.283968222,0.333333333,-0.235294118,12,-0.028169014,0.015949959,-0.066666667,-0.548387097,-0.351851852,-0.565993818,-0.000831255,0.17,0.064516129,-0.416666667,-0.352358774,-0.565993818,1,1
0,2018,3.284,0.96,0.01,0.49,1.47,0.25,47.79,0.48,-0.02,27.26,0.27,3.383719,0.09,0.05,0.03,0.15,11.46,0.36,0.68,0.05,0.07,3507660,0,0,0,0,0,0,0,0,0,1.52,0.92,0.01,0.49,1.5,0.15,44.17,0.4,-0.04,36.07,0.34,3.840522,0.11,-0.01,0.01,-0.02,11.33,0.33,0.67,-0.04,0.03,-305190,0,1,0,0.755,0.96,0.01,0.49,1.68,0.14,38.43,0.39,-0.02,25.75,0.31,3.290728,0.12,0.03,0.05,0.12,11.26,0.27,0.6,0.02,0.17,1792661,0,0,1.160526316,0.043478261,-0.02,0.666666667,0.142857143,0.081956079,0.2,-0.5,-0.244247297,-0.205882353,-0.118942946,-0.181818182,-6,2,-8.5,0.011473963,0.090909091,0.014925373,-2.25,1.333333333,-12.49336479,0,0
0,2016,2.875,1.31,0.04,0.3,2.39,-1.49,47.98,0.46,-0.06,0.07,0.26,2.831151,0.59,-0.2,0.02,-0.09,9.56,2.18,0.42,-0.34,0.01,-2009691,0,1,0,0,1,0,0,0,0,3.243,1.4,0.04,0.3,2.28,-1.61,50.71,0.48,-0.06,0.42,0.28,3.09401,0.56,0.04,0.01,0.02,9.62,1.91,0.44,-0.26,0.01,463951,0,1,0,0.18,1.98,0.04,0.3,2.89,-1.93,76.42,0.51,-0.19,0.01,0.27,2.932623,0.61,2.03,-0.39,1.18,9.9,1.73,0.35,-0.69,-0.23,28113403,0,1,-0.113475177,-0.064285714,0.048245614,-0.074534161,-0.119047619,-0.053835535,-0.041666667,0,-0.833333333,-0.071428571,-0.084957385,0.053571429,-6,1,-5.5,-0.006237006,0.141361257,-0.045454545,0.307692308,0,-5.331688045,0,0
0,2010,0.163,0.54,0.02,0.34,0.3,0.1,66.57,0.39,-0.11,-58.24,0.5,6.952857,-0.27,-0.25,-0.13,-0.57,11.55,0.44,3.31,-0.23,-0.3,-18282076,1,1,0,0,1,0,0,1,0,1.539,0.88,0.02,0.34,0.91,0.27,46.62,0.38,-0.04,3.72,0.53,7.247182,-0.03,-0.17,0.02,-0.38,11.91,0.44,1.1,-0.05,0.05,-17229441,1,1,1,2.305,0.92,0.02,0.34,2.18,0.06,48.95,0.4,-0.04,9.68,0.49,7.606441,0.18,-0.09,0.02,-0.45,11.83,0.21,0.46,-0.05,0.11,-8874723,0,1,-0.89408707,-0.386363636,-0.67032967,-0.62962963,0.025974026,0.427927928,0.026315789,1.75,-16.65591398,-0.056603774,-0.040612337,8,0.470588235,-7.5,0.5,-0.0302267,0,2.009090909,3.6,-7,0.061095134,0,0
0,2009,1.129,0.86,0.1,0.15,2.9,1.08,52.21,0.4,-0.04,102.47,0.67,12.407232,0.37,0.05,0.02,0.07,12.55,0.61,0.35,0.02,0.03,8860690,1,0,0,0,0,1,0,0,0,4.382,0.97,0.1,0.15,2.63,1.24,57.22,0.38,-0.01,92.94,0.67,12.34474,0.35,-0.07,0.08,-0.11,12.52,0.65,0.38,-0.01,0.12,-13172352,1,1,0,2.448,0.94,0.1,0.15,3.05,0.91,52.6,0.39,-0.02,85.63,0.65,12.097455,0.34,0,0.05,0.01,12.48,0.56,0.33,0.03,0.09,905142,1,0,-0.742355089,-0.113402062,0.102661597,-0.129032258,-0.14516129,-0.087556798,0.052631579,3,0.102539273,0,0.005062237,0.057142857,-1.714285714,-0.75,-1.636363636,0.002396166,-0.061538462,-0.078947368,-3,-0.75,-1.672673339,0,0
0,2014,3.262,0.31,0.11,0.17,2.51,0.23,45.82,0.4,-0.34,217.36,0.41,2.955839,0.56,0.04,-0.34,0.08,11.19,0.49,0.4,0.15,-0.69,1923916,0,0,0,0,1,0,1,0,0,3.563,0.41,0.11,0.17,2.29,0.21,34.17,0.4,-0.25,194.02,0.32,2.338592,0.53,0.13,-0.27,0.26,11.17,0.52,0.44,0.17,-0.53,6533241,0,0,0,2.834,-0.21,0.11,0.17,1.7,0.48,99.32,0.41,-0.4,158.81,0.45,3.001932,0.39,0.04,-0.35,0.05,11.33,0.7,0.59,0.07,-0.5,2115456,0,0,-0.084479371,-0.243902439,0.096069869,0.095238095,-0.112149533,0.340942347,0,0.36,0.120296877,0.28125,0.263939584,0.056603774,-0.692307692,0.259259259,-0.692307692,0.00179051,-0.057692308,-0.090909091,-0.117647059,0.301886792,-0.705518899,0,0
0,2021,1.495,1.67,0.05,0.4,1.36,-2.69,56.87,0.42,-0.21,60.89,0.67,6.173818,0.13,-0.13,-0.12,-0.09,12.19,1.38,0.73,-0.13,-0.09,-17676144,0,1,0,0,0,0,1,0,0,2.843,1.69,0.05,0.4,1.81,-4.18,66.45,0.45,-0.14,107.11,0.68,6.592829,0.25,-0.03,-0.04,-0.02,12.33,1.22,0.55,-0.03,-0.03,-4752887,0,1,0,1.466,1.48,0.05,0.4,1.53,-4.93,58.73,0.43,-0.09,0.24,0.72,7.037549,0.09,-0.02,0.01,-0.02,12.21,1.21,0.65,-0.05,0.01,-3438994,0,1,-0.474147028,-0.01183432,-0.248618785,-0.35645933,-0.351687389,-0.144168548,-0.066666667,0.5,-0.431518999,-0.014705882,-0.063555569,-0.48,3.333333333,2,3.5,-0.01135442,0.131147541,0.327272727,3.333333333,2,2.719033085,0,0
0,2015,7.164,1.19,0.01,0.54,3.14,0.36,42.67,0.31,0.08,87.22,0.23,1.038827,0.39,0.1,0.18,0.25,10.42,0.4,0.32,0.12,0.44,2289346,0,0,0,0,1,0,0,0,0,8.32,1.11,0.01,0.54,3.05,0.47,37.92,0.31,0.04,69.49,0.23,0.937101,0.35,0.11,0.13,0.25,10.3,0.43,0.33,0.11,0.29,2280545,0,0,0,3.257,0.8,0.01,0.54,2.04,0.47,43.44,0.35,-0.07,37.49,0.2,0.928829,0.26,-0.03,-0.02,-0.06,10.18,0.49,0.49,-0.02,-0.05,-543602,0,1,-0.138942308,0.072072072,0.029508197,-0.234042553,-0.142857143,0.125263713,0,1,0.255144625,0,0.108553934,0.114285714,-0.090909091,0.384615385,0,0.011650485,-0.069767442,-0.03030303,0.090909091,0.517241379,0.003859165,0,0
0,2008,0.151,1.36,0.07,0.41,1.02,-3.15,39.87,0.47,-0.07,34.68,0.48,4.726012,0.01,0.11,0.01,0.09,11.44,1.25,0.98,0.02,0.01,7036976,0,0,0,0,0,0,1,0,0,0.079,1.45,0.07,0.41,0.93,-2.52,37.36,0.48,-0.13,37.59,0.47,4.619434,-0.03,0.12,-0.05,0.09,11.43,1.36,1.08,0.02,-0.04,7644545,1,0,0,0.027,1.68,0.07,0.41,0.66,-2.13,27.39,0.57,-0.28,21.85,0.54,5.277857,-0.15,0,-0.22,0,11.41,1.49,1.51,-0.16,-0.15,0,1,1,0.911392405,-0.062068966,0.096774194,0.25,0.330666667,0.067184154,-0.020833333,-0.461538462,-0.077414206,0.021276596,0.023071658,-1.333333333,-0.083333333,-1.2,0,0.000874891,-0.080882353,-0.092592593,0,-1.25,-0.079477457,0,0
0,2021,0.083,0.7,0.02,0.64,2.58,0.73,47.15,0.66,-0.16,109.38,0.16,1.175594,0.29,0.13,-0.07,0.24,11.26,0.53,0.39,0.13,-0.13,6814102,0,0,0,0,0,0,0,0,0,0.11,0.65,0.02,0.64,1.29,1.07,51.83,0.72,-0.13,128.39,0.22,1.298346,0.11,0.02,-0.04,0.02,11.4,0.7,0.78,0.02,-0.06,1016599,0,0,0,0.196,0.73,0.02,0.64,1.49,1.08,61.33,0.7,-0.09,8.67,0.33,1.739208,0.1,-0.07,-0.02,-0.11,11.1,0.62,0.67,-0.07,-0.03,-3077659,0,1,-0.245454545,0.076923077,1,-0.317757009,-0.517241379,-0.090295196,-0.083333333,0.230769231,-0.148064491,-0.272727273,-0.094544906,1.636363636,5.5,0.75,11,-0.012280702,-0.242857143,-0.5,5.5,1.166666667,5.702841533,0,0
0,2013,5.853,1.12,0.03,0.35,1.71,0.58,37.37,0.51,0.11,95.2,0.47,8.037497,0.09,0.1,0.11,0.21,13.08,0.45,0.58,0.12,0.25,32041660,0,0,0,0,0,0,0,1,0,6.614,1.1,0.03,0.35,2,0.79,34.66,0.53,0.08,117.71,0.47,8.277574,0.13,0.05,0.1,0.1,13.01,0.51,0.5,0.05,0.19,16132908,0,0,1,8.067,1.05,0.03,0.35,2.65,0.86,31.34,0.57,0.03,111.46,0.51,8.581048,0.17,-0.02,0.08,-0.03,12.91,0.52,0.38,-0.02,0.15,-4558701,0,1,-0.115058966,0.018181818,-0.145,-0.265822785,-0.226415094,0.078188113,-0.037735849,0.375,-0.191232691,0,-0.029003305,-0.307692308,1,0.1,1.1,0.005380477,-0.117647059,0.16,1.4,0.315789474,0.986105667,0,0
0,2021,0.024,-0.35,0.29,0.05,4.11,1.45,60.01,0.97,-1.58,222.15,0.59,36.133655,0.49,0.14,-0.46,0.21,15.04,0.66,0.24,0.14,-0.71,323246723,0,0,1,0,0,0,1,0,0,0.026,-1.09,0.29,0.05,4.11,2.17,47.74,1.06,-1.74,203.98,0.65,47.288746,0.47,0.05,-0.56,0.07,14.78,0.73,0.24,0.05,-0.77,90209641,0,0,0,0.028,-1.4,0.29,0.05,5.55,2.55,60.21,1.26,-2.02,187.66,0.68,48.521202,0.49,-0.07,-0.6,-0.09,14.65,0.75,0.18,0.02,-0.81,-106600286,0,0,-0.076923077,-0.678899083,0,-0.331797235,-0.304029304,0.257017176,-0.08490566,-0.091954023,0.089077361,-0.092307692,-0.235893145,0.042553191,1.8,-0.178571429,2,0.01759134,-0.095890411,0,1.8,-0.077922078,2.583283554,0,0
0,2013,7.525,3.59,0.01,0.29,2.98,57.46,52.93,0.32,0.05,0.04,0.61,5.168491,0.1,0.05,0.15,0.05,12.33,0.98,0.34,0.05,0.15,7357878,0,0,0,0,1,0,0,0,0,5.831,-0.36,0.01,0.29,4.26,-32.41,46.56,0.3,0.05,0,0.7,4.706998,0.11,0.06,0.15,0.06,12.32,1.03,0.23,0.06,0.15,9327220,0,0,0,7.193,0.62,0.01,0.29,1.86,-11.61,40.43,0.27,0.04,0,0.74,4.200336,0.06,0.04,0.13,0.03,12.35,1.09,0.54,0.04,0.12,5782947,0,0,0.290516206,-10.97222222,-0.300469484,-2.772909596,-2.807887661,0.136812715,0.066666667,0,4,-0.128571429,0.098044019,-0.090909091,-0.166666667,0,-0.166666667,0.000811688,-0.048543689,0.47826087,-0.166666667,0,-0.211139225,0,0
0,2020,4.464,1.18,0.01,0.2,1.64,-0.34,55.54,0.26,0.31,0.02,0.55,9.912747,0.06,0.19,0.29,8228345100,13.32,-0.37,0.61,0.25,12185309700,82283451,0,0,0,0,1,0,0,1,0,4.478,1.19,0.01,0.2,3.68,-0.2,53.55,0.26,0.28,0.16,0.58,10.283919,0.1,0.18,0.26,7431079400,13.3,-0.2,0.27,0.23,10879635800,74310794,0,0,1,4.484,1.18,0.01,0.2,2.87,-0.07,52,0.27,0.25,0.02,0.53,9.677058,0.08,0.21,0.23,8669487700,13.3,-0.03,0.35,0.19,9336830900,86694877,0,0,-0.003126396,-0.008403361,-0.554347826,0.7,0.588235294,0.037161531,0,0.107142857,-0.875,-0.051724138,-0.036092466,-0.4,0.055555556,0.115384615,0.107288007,0.001503759,0.85,1.259259259,0.086956522,0.12001081,0.107288007,1,1
0,2015,5.785,1.21,0.18,0.21,1.28,0.14,31.57,0.35,0.1,41.6,0.5,9.384296,0.07,0.18,0.17,0.51,12.92,0.35,0.78,0.18,0.48,51928996,0,0,0,0,0,0,1,0,0,2.823,0.85,0.18,0.21,2.01,0.22,40.45,0.49,-0.08,7.92,0.52,9.493766,0.29,0,-0.04,0.01,12.69,0.42,0.5,0,-0.1,574824,0,0,0,7.137,1.07,0.18,0.21,1.08,0.21,34.24,0.41,0.03,10.8,0.53,9.930404,0.02,0.1,0.09,0.25,12.68,0.41,0.93,0.08,0.22,22932219,0,0,1.049238399,0.423529412,-0.36318408,-0.363636364,-0.225352113,-0.219530284,-0.285714286,-2.25,4.252525253,-0.038461538,-0.011530724,-0.75862069,18,-5.25,50,0.018124507,-0.166666667,0.56,18,-5.8,89.33894897,0,0
0,2009,0.038,0.39,0.06,0.24,3.14,1.51,46.33,0.64,-0.33,25.26,0.46,6.511632,0.14,0.02,-0.13,0.04,12.45,0.63,0.32,-0.2,-0.21,4160239,0,1,0,0,0,0,0,0,1,0.119,0.79,0.06,0.24,2.31,1.7,52.63,0.4,-0.12,8.16,0.49,6.32932,0.08,-0.02,-0.03,-0.03,12.45,0.65,0.43,-0.05,-0.04,-3845890,0,1,1,6.502,1.01,0.06,0.24,1.89,1.02,64.01,0.37,0.01,19.83,0.42,5.164821,0.09,0,0.05,0,12.26,0.56,0.53,0.02,0.09,0,0,0,-0.680672269,-0.506329114,0.359307359,-0.111764706,-0.10106383,-0.119703591,0.6,1.75,2.095588235,-0.06122449,0.028804358,0.75,-2,3.333333333,-2.333333333,0,-0.030769231,-0.255813953,3,4.25,-2.081736347,0,0
0,2012,6.19,1.02,0.09,0.46,5.53,0.03,50.98,0.54,0.01,177.47,0.27,1.199661,0.49,0.05,0.03,0.39,11.08,0.14,0.18,0.05,0.25,2434785,0,0,1,1,0,0,1,0,0,2.933,0.99,0.09,0.46,6.4,0.32,52.15,0.57,-0.01,175.43,0.32,1.504533,0.58,0,0.01,0.04,10.98,0.11,0.16,0,0.11,183280,0,0,0,3.32,0.92,0.09,0.46,5.78,0.32,71.45,0.62,-0.08,210.24,0.41,1.872917,0.56,-0.04,-0.05,-0.34,10.99,0.12,0.17,-0.05,-0.4,-1656728,0,1,1.110467099,0.03030303,-0.1359375,-0.90625,0.333333333,-0.022435283,-0.052631579,-2,0.01162857,-0.15625,-0.202635635,-0.155172414,5,2,8.75,0.009107468,0.272727273,0.125,5,1.272727273,12.28451004,0,0
0,2019,4.66,1.01,0.02,0.24,4.28,0,51.35,0.33,0.03,0.36,0.74,33.310163,0.07,0.1,0.03,4.2,15.12,0.02,0.23,0.1,1.19,255233161,0,0,0,0,0,0,0,0,0,8.096,1.02,0.02,0.24,2.13,0,92.07,0.33,0.04,485.69,0.72,33.337202,0.26,0,0.03,-0.01,15.25,0.23,0.47,0.11,0.12,-7559732,0,0,0,3.212,1,0.02,0.24,2.22,0,43.44,0.3,-0.01,500.47,0.76,33.449153,0.3,0.04,0.01,0.16,15.28,0.25,0.45,0.08,0.06,122771076,0,0,-0.424407115,-0.009803922,1.009389671,0,-0.933333333,-0.442272184,0,-0.25,-0.999258786,0.027777778,-0.000811076,-0.730769231,10,0,-421,-0.00852459,-0.913043478,-0.510638298,-0.090909091,8.916666667,-34.76219699,0,0
0,2009,1.96,0.94,0.25,0.25,3.57,2.38,48.23,0.33,-0.01,32.03,0.76,18.933703,0.26,0.11,0.07,0.15,12.59,0.73,0.28,0.05,0.1,22691648,0,0,0,0,0,0,0,0,0,1.459,0.08,0.25,0.25,6.86,4.34,47.34,0.38,-0.13,20.46,0.68,11.308708,0.26,0,-0.08,0,12.43,0.82,0.15,0,-0.09,637401,0,0,0,1.476,0.27,0.25,0.25,1.79,3.47,40.73,0.39,-0.1,-2.6,0.7,11.317422,0.09,0.01,-0.06,0.02,12.31,0.8,0.56,0.01,-0.07,2020562,0,0,0.343385881,10.75,-0.479591837,-0.451612903,-0.396514161,0.018800169,-0.131578947,-0.923076923,0.565493646,0.117647059,0.674258722,0,11,-1.875,15,0.012872084,-0.109756098,0.866666667,5,-2.111111111,34.60027047,0,0
0,2018,4.393,1.29,0.06,0.38,0.47,-0.71,0.73,0.27,0.28,0.16,0.76,9.363821,-0.1,0.54,0.9,4971380500,11.79,-1.79,2.12,0.83,8206953600,49713805,1,0,0,0,1,0,1,0,0,4.407,1.28,0.06,0.38,0.33,-0.75,-2.1,0.28,0.24,0.4,0.7,8.518119,-0.18,0.52,0.91,3702358300,11.53,-1.9,3.04,0.83,6432565700,37023583,1,0,0,4.474,1.3,0.06,0.38,0.43,-0.75,-1.31,0.27,0.22,0.01,0.66,8.107175,-0.15,0.61,1,3476797400,11.32,-1.94,2.32,0.92,5717716000,34767974,1,0,-0.003176764,0.0078125,0.424242424,-0.053333333,-0.03030303,-1.347619048,-0.035714286,0.166666667,-0.6,0.085714286,0.099282717,-0.444444444,0.038461538,-0.010989011,0.342760505,0.02254987,-0.057894737,-0.302631579,0,0.275844505,0.342760505,1,1
0,2016,0.14,1.24,0.14,0.23,0.6,-1.26,35.83,0.42,-0.12,0.67,0.82,13.191724,-0.3,-0.1,-0.11,-0.05,12.1,1.91,1.67,-0.11,-0.06,-11941000,1,1,0,0,0,1,0,0,0,0.118,1.33,0.14,0.23,0.68,-1.45,36.88,0.42,-0.15,0.19,0.77,12.51586,-0.2,-0.11,-0.13,-0.06,12.12,1.8,1.47,-0.12,-0.07,-13829000,1,1,0,0.099,1.47,0.14,0.23,0.63,-1.49,41.65,0.42,-0.2,1.65,0.79,12.534313,-0.23,-0.22,-0.21,-0.13,12.04,1.75,1.59,-0.22,-0.12,-26410000,1,1,0.186440678,-0.067669173,-0.117647059,-0.131034483,-0.066666667,-0.028470716,0,-0.2,2.526315789,0.064935065,0.054000604,0.5,-0.090909091,-0.153846154,-0.166666667,-0.001650165,0.061111111,0.136054422,-0.083333333,-0.142857143,-0.136524694,0,0
0,2019,1.52,0.29,0.18,0.28,-1.69,0.45,33.07,0.42,-0.13,0.18,0.31,2.719086,0.84,-0.24,-0.36,-2.56,8.43,0.09,-0.59,-0.15,-3.87,-765583,0,1,0,1,1,0,0,0,0,7.906,1.18,0.18,0.28,-1.06,0.43,25.41,0.42,0.04,3.26,0.3,2.398388,0.75,-0.57,0.36,-12.92,8.61,0.04,-0.95,0.32,8.21,-2186906,0,0,0,1.264,0.95,0.18,0.28,-0.58,0.11,26.94,0.42,-0.02,1.84,0.25,1.722931,1.57,0.6,0.19,194157000,8.45,-0.79,-1.73,-0.01,60839200,1941570,0,1,-0.807740956,-0.754237288,0.594339623,0.046511628,1,0.30145612,0,-4.25,-0.944785276,0.033333333,0.133713978,0.12,-0.578947368,-2,-0.801857585,-0.020905923,1.25,-0.378947368,-1.46875,-1.47137637,-0.649924139,0,1
0,2014,3.295,0.92,0.19,0.19,3.59,4.94,43.77,0.44,-0.02,197.78,0.66,18.378096,0.28,-0.34,0.03,-0.4,13.88,0.85,0.28,-0.1,0.04,-250826000,0,1,1,0,0,1,0,0,0,0.104,0.88,0.19,0.19,3.48,1.05,41.13,0.5,-0.11,171.71,0.56,18.190282,0.23,-0.01,-0.02,-0.02,13.98,0.56,0.29,-0.01,-0.03,-7027000,0,1,0,0.093,0.88,0.19,0.19,3.59,1.07,38.73,0.52,-0.11,167.04,0.51,17.627405,0.22,0.01,-0.02,0.02,14,0.56,0.28,0.01,-0.03,10643000,0,0,30.68269231,0.045454545,0.031609195,3.704761905,3.492063492,0.064186725,-0.12,-0.818181818,0.151825753,0.178571429,0.010324964,0.217391304,33,-2.5,19,-0.007153076,0.517857143,-0.034482759,9,-2.333333333,34.69460652,0,0
0,2016,4.442,1.1,0.07,0.24,-0.01,-0.01,-4.03,0.34,0.26,0.08,0.69,6.624698,4.64,0.56,0.63,3580445300,11.43,-4.63,-71.98,0.56,4061416700,35804453,0,0,0,0,0,0,0,0,0,4.492,1.09,0.07,0.24,-0.01,-0.01,-1.19,0.36,0.23,0.02,0.71,6.525978,4.36,0.52,0.6,3147021100,11.37,-4.39,-183.5,0.52,3615912500,31470211,0,0,0,4.543,1.09,0.07,0.24,-0.01,0.01,-4.45,0.36,0.23,0.08,0.74,6.262513,3.65,0.44,0.52,2827682500,11.43,-3.58,-98.59,0.44,3312783200,28276825,0,0,-0.011130899,0.009174312,0,0,0,2.386554622,-0.055555556,0.130434783,3,-0.028169014,0.015127235,0.064220183,0.076923077,0.05,0.137725228,0.005277045,0.054669704,-0.60773842,0.076923077,0.123206576,0.137725228,1,1
0,2021,3.85,0.8,0.05,0.43,0.51,0.02,54.07,0.41,-0.06,0.02,0.77,9.500766,-0.29,0.04,-0.01,0.06,12.69,0.6,1.95,0.09,-0.02,8699000,1,0,0,0,0,0,0,1,0,3.647,0.74,0.05,0.43,0.43,0.02,52.69,0.39,-0.08,0.02,0.74,8.799383,-0.36,-0.4,0.03,-0.63,12.67,0.63,2.31,-0.06,0.05,-87911077,1,1,1,8.513,1.09,0.05,0.43,1.6,0.32,49.16,0.33,0.05,0.05,0.71,8.674613,0.08,0.04,0.22,0.31,12.55,0.14,0.62,0.09,1.57,8614984,0,0,0.055662188,0.081081081,0.186046512,0,-0.120689655,0.026190928,0.051282051,-0.25,0,0.040540541,0.079708202,-0.194444444,-1.1,-1.333333333,-1.095238095,0.001578532,-0.047619048,-0.155844156,-2.5,-1.4,-1.098952263,0,0
0,2020,3.796,0.97,0.05,0.36,0.35,0.02,44.13,0.39,-0.01,4.68,0.35,4.939036,-0.4,0.18,0.09,0.3,11.69,0.62,2.9,0.14,0.14,15304173,1,0,0,0,0,0,0,0,1,4.668,1.37,0.05,0.36,0.41,0.04,53.01,0.49,0.05,4.68,0.35,5.388717,-0.44,-0.19,0.17,-0.25,11.48,0.76,2.44,0.13,0.22,-12796314,1,0,1,5.472,1.15,0.05,0.36,1.61,0.98,65.86,0.49,0.04,4.76,0.39,5.66174,0.13,-0.09,0.13,-0.15,11.55,0.6,0.62,-0.12,0.21,-6560192,0,1,-0.18680377,-0.291970803,-0.146341463,-0.5,-0.485981308,-0.167515563,-0.204081633,-1.2,0,0,-0.083448621,-0.090909091,-1.947368421,-0.470588235,-2.2,0.018292683,-0.184210526,0.18852459,0.076923077,-0.363636364,-2.195982921,0,0
0,2013,4.477,1.16,0.06,0.27,0.33,-0.71,-4.09,0.34,0.17,0.05,0.75,12.880956,-0.13,0.47,0.57,5410146200,12.01,-1.83,3.04,0.47,6530907500,54101462,1,0,0,0,1,1,0,0,0,4.509,1.15,0.06,0.27,0.33,-0.64,0.17,0.36,0.15,0.01,0.76,13.100212,-0.12,0.36,0.44,4276181600,12.05,-1.26,3.08,0.36,5296340600,42761816,1,0,0,4.496,1.19,0.06,0.27,0.51,-0.56,0.08,0.33,0.14,0.47,0.74,12.826385,-0.07,0.38,0.46,4485221800,12.04,-0.93,1.98,0.38,5428347300,44852218,1,0,-0.007096917,0.008695652,0,0.109375,0.160714286,-25.05882353,-0.055555556,0.133333333,4,-0.013157895,-0.016736828,0.083333333,0.305555556,0.295454545,0.265181582,-0.003319502,0.452380952,-0.012987013,0.305555556,0.233098094,0.265181582,1,1
0,2016,7.086,1.33,0.06,0.3,7098.05,0.32,48.51,0.3,0.11,125.42,0.06,0.148366,0.99,0.16,0.41,1115.62,8.26,0,0,0.38,2967.36,417243,0,0,0,1,1,0,0,0,0,6.413,1.56,0.06,0.3,1482.25,0.32,48.51,0.29,0.14,95.19,0.1,0.18332,0.99,0.12,0.78,184.76,8.09,0,0,0.57,1165.77,279538,0,0,0,5.596,1.96,0.06,0.3,6.36,0.32,48.51,0.26,0.19,91.76,0.1,0.194292,0.83,0.41,1.06,2.66,8.12,0.15,0.16,0.82,6.87,963840,0,0,0.104943084,-0.147435897,3.788699612,0,0,0,0.034482759,-0.214285714,0.317575376,-0.4,-0.190672049,0,0.333333333,-0.474358974,5.038211734,0.021013597,0,0,-0.333333333,1.545407756,0.492616388,0,0
0,2020,4.443,1.27,0.11,0.18,1.92,-0.72,53.58,0.24,0.4,5.62,0.42,3.101,0.19,0.65,0.84,7891086600,12.07,-1.86,0.52,0.81,10255438400,78910866,0,0,0,0,1,0,1,0,0,4.453,1.29,0.11,0.18,3.94,-0.62,54.47,0.25,0.37,4.63,0.46,7.018633,0.3,0.51,0.77,5820930200,12.02,-1.35,0.25,0.68,8880402700,58209302,0,0,0,4.456,1.35,0.11,0.18,3.46,-0.54,56.63,0.25,0.35,3.2,0.48,6.851314,0.3,0.43,0.73,4798873900,11.99,-0.9,0.29,0.66,8154571000,47988739,0,0,-0.002245677,-0.015503876,-0.512690355,0.161290323,0.140350877,-0.016339269,-0.04,0.081081081,0.213822894,-0.086956522,-0.558176072,-0.366666667,0.274509804,0.090909091,0.355640135,0.004159734,0.377777778,1.08,0.191176471,0.154839341,0.355640135,1,1
0,2021,2.891,-1.17,0.13,0.13,0.57,1.02,63.69,0.71,-0.24,73.5,0.4,3.881571,-0.34,-0.12,-0.2,-0.13,11.89,0.89,1.77,-0.12,-0.22,-11883431,1,1,0,0,0,0,0,0,0,2.358,-0.19,0.13,0.13,0.71,0.49,66.07,0.74,-0.3,108.95,0.45,4.670368,-0.2,-0.14,-0.22,-0.18,11.98,0.8,1.41,-0.15,-0.28,-15682963,1,1,0,2.34,0.19,0.13,0.13,1.72,0.91,179.24,0.73,-0.36,4.58,0.4,4.757702,0.19,-0.24,-0.28,-0.4,11.86,0.61,0.58,-0.25,-0.46,-24105265,0,1,0.226039016,5.157894737,-0.197183099,1.081632653,1.182051282,-0.0360224,-0.040540541,-0.2,-0.325378614,-0.111111111,-0.168893972,0.7,-0.142857143,-0.090909091,-0.277777778,-0.007512521,0.1125,0.255319149,-0.2,-0.214285714,-0.242271311,0,0
0,2021,2.877,41.11,0.14,0.17,1.35,-172.18,44.35,0.54,-0.14,5.6,0.58,7.540627,0.11,-0.07,-0.08,-0.07,13,1,0.74,-0.07,-0.08,-21090600,0,1,0,0,0,0,1,0,0,1.079,0.3,0.14,0.17,2.47,13.41,43.04,0.49,-0.04,37.19,0.56,8.263796,0.29,0.36,0.03,0.38,13.15,0.94,0.4,0.36,0.04,127564981,0,0,0,2.361,1.6,0.14,0.17,2.32,-2.29,61.78,0.58,-0.22,-2.19,0.58,8.355588,0.35,-0.08,-0.2,-0.05,12.52,1.57,0.43,-0.08,-0.13,-14261819,0,1,1.666357739,136.0333333,-0.453441296,-13.83967189,-15.82831858,0.030436803,0.102040816,2.5,-0.849421888,0.035714286,-0.08751051,-0.620689655,-1.194444444,-3.666666667,-1.184210526,-0.011406844,0.063829787,0.85,-1.194444444,-3,-1.165332208,0,0
0,2017,7.597,-0.22,0.14,0.13,0.69,-8.44,74.93,0.44,0.05,5.84,0.55,10.717418,-0.17,0,0.15,0,12.51,1.06,1.44,-0.07,0.15,-835676,1,1,0,0,0,1,0,0,0,4.59,-2.11,0.14,0.13,0.65,-9.33,62.09,0.43,0.11,3.92,0.58,10.937368,-0.18,0.02,0.26,0.02,12.46,1.06,1.54,0.01,0.25,3303200,1,0,0,4.58,-1.03,0.14,0.13,0.65,-7.23,49.16,0.43,0.1,8,0.59,10.756765,-0.15,0.05,0.29,0.04,12.29,1.09,1.54,0.05,0.26,7431503,1,0,0.655119826,-0.895734597,0.061538462,-0.095391211,-0.029460812,0.206796586,0.023255814,-0.545454545,0.489795918,-0.051724138,-0.020109957,-0.055555556,-1,-0.423076923,-1,0.004012841,0,-0.064935065,-8,-0.4,-1.252989828,0,0
0,2009,4.494,1.21,0.05,0.51,3.13,0.18,52.58,0.37,0.14,64.34,0.48,5.763431,0.29,0.06,0.25,0.22,11.81,0.27,0.32,0.06,0.93,5526181,0,0,1,0,0,0,0,0,0,4.539,1.19,0.05,0.51,3.44,0.22,63.42,0.39,0.12,53.28,0.49,5.893253,0.32,0.05,0.22,0.18,11.75,0.29,0.29,0.05,0.78,4607566,0,0,0,7.185,1.13,0.05,0.51,3.65,0.24,73.57,0.4,0.09,98.76,0.48,5.773846,0.36,0,0.16,0,11.7,0.31,0.27,0.11,0.52,0,0,0,-0.009914078,0.016806723,-0.090116279,-0.181818182,-0.075,-0.170923999,-0.051282051,0.166666667,0.207582583,-0.020408163,-0.02202892,-0.09375,0.2,0.136363636,0.222222222,0.005106383,-0.068965517,0.103448276,0.2,0.192307692,0.199370991,0,0
0,2021,1.546,3.51,0.07,0.35,-0.72,-8.27,61.86,0.4,-0.27,-70.85,0.86,2.559833,-0.13,-0.2,-0.29,-0.18,10.7,1.13,-1.39,-0.2,-0.26,-6108457,1,1,1,1,0,0,0,0,0,0.381,-0.77,0.07,0.35,0.67,5.92,80.07,0.39,-0.13,-42.38,0.44,1.865591,-0.09,6.59,-0.12,7.35,10.31,0.9,1.5,0.13,-0.13,138343385,1,0,0,0.041,1.33,0.07,0.35,0.06,0.32,62.31,0.38,-1.08,-0.4,0.21,1.855663,-9.86,-1.27,-2.91,-0.12,9.94,10.44,18.11,-3.07,-0.28,-18269056,1,1,3.057742782,-5.558441558,-2.074626866,-2.396959459,-2.027874564,-0.227426002,0.025641026,1.076923077,0.671779141,0.954545455,0.372129797,0.444444444,-1.030349014,1.416666667,-1.024489796,0.037827352,0.255555556,-1.926666667,-2.538461538,1,-1.044154312,0,0
0,2014,0.115,1.61,0.07,0.21,1.67,-4.09,36.1,0.7,-0.09,40.23,0.68,15.829267,0.21,-0.25,-0.06,-0.2,12.24,1.22,0.6,-0.01,-0.05,-35667250,0,1,0,0,0,0,0,0,0,0.169,-2.62,0.07,0.21,1.62,24.97,37.75,0.7,-0.06,46.18,0.74,15.900279,0.21,0.25,-0.04,0.25,12.3,0.97,0.62,0.02,-0.04,37914399,0,0,0,0.151,1.4,0.07,0.21,1.34,-3.64,33.83,0.7,-0.06,43.25,0.76,16.194706,0.13,-0.07,-0.03,-0.05,12.23,1.24,0.74,0.02,-0.03,-9650901,0,0,-0.319526627,-1.614503817,0.030864198,-1.163796556,-1.143564356,-0.043708609,0,0.5,-0.128843655,-0.081081081,-0.004466085,0,-2,0.5,-1.8,-0.004878049,0.257731959,-0.032258065,-1.5,0.25,-1.940730987,0,0
0,2013,3.813,-6.08,0.2,0.07,3.95,33.19,52.63,0.55,-0.13,64.6,0.63,10.614201,0.5,0.06,-0.1,0.07,12.68,0.98,0.25,0.05,-0.1,14324946,0,0,0,0,0,0,0,0,0,3.85,4.04,0.2,0.07,1.98,-15.64,47.87,0.56,-0.1,-29.95,0.63,10.29131,0.32,0.12,-0.07,0.12,12.53,1.05,0.51,0.09,-0.06,23845591,0,0,0,1.526,2.9,0.2,0.07,1.65,-3.6,50.88,0.64,-0.27,10.13,0.65,10.843857,0.24,0.1,-0.35,0.08,12.19,1.24,0.61,-0.17,-0.28,13220080,0,1,-0.00961039,-2.504950495,0.994949495,-3.122122762,-2.776257723,0.099435972,-0.017857143,0.3,-3.156928214,0,0.031375112,0.5625,-0.5,0.428571429,-0.416666667,0.011971269,-0.066666667,-0.509803922,-0.444444444,0.666666667,-0.399262279,0,0
0,2011,4.884,1,0.06,0.5,1,0.12,46.38,0.44,0,0,0.63,11.116138,0,0.01,0.08,0.03,12.64,0.36,1,0.1,0.22,2464227,1,0,0,0,0,0,0,0,1,0.576,0.97,0.06,0.5,0.92,0.12,42.63,0.39,-0.01,0,0.65,10.919315,-0.02,-0.04,0.06,-0.1,12.63,0.36,1.09,0.07,0.17,-7777043,1,0,1,1.899,0.98,0.06,0.5,0.97,0.08,39.5,0.38,-0.01,0,0.74,11.802111,-0.01,-0.15,0.09,-0.48,12.62,0.32,1.03,0.03,0.3,-31832781,1,0,7.479166667,0.030927835,0.086956522,0,-0.017857143,0.087966221,0.128205128,-1,0,-0.030769231,0.018025215,-1,-1.25,0.333333333,-1.3,0.000791766,0,-0.082568807,0.428571429,0.294117647,-1.31685912,0,0
0,2012,2.342,0.84,0.06,0.3,1.29,0.5,35.02,0.6,-0.18,61.78,0.44,6.898433,0.04,0.06,-0.04,0.15,13.21,0.41,0.77,0.06,-0.1,23327606,0,0,0,0,0,0,0,0,0,2.903,0.86,0.06,0.3,2.3,0.55,41.65,0.59,-0.15,134.87,0.43,6.732554,0.16,0.11,-0.03,0.24,13.14,0.44,0.44,0.08,-0.06,37699528,0,0,0,3.249,0.84,0.06,0.3,1.24,0.41,40.69,0.44,-0.14,66.78,0.41,6.658935,0.05,0.13,-0.03,0.3,12.91,0.43,0.8,0.09,-0.08,36076259,0,0,-0.193248364,-0.023255814,-0.439130435,-0.090909091,-0.102564103,-0.159183673,0.016949153,0.2,-0.541929265,0.023255814,0.024638347,-0.75,-0.454545455,0.333333333,-0.375,0.005327245,-0.068181818,0.75,-0.25,0.666666667,-0.381222863,0,0
0,2019,4.581,1.08,0.03,0.25,0.75,0.29,62.07,0.31,0.12,0.01,0.75,47.018783,-0.03,0.06,0.08,0.19,15.31,0.32,1.34,0.08,0.24,186621000,1,0,0,0,0,0,0,1,0,5.835,1.06,0.03,0.25,1.01,0.37,56.17,0.33,0.09,0.01,0.72,43.490398,0,0.07,0.06,0.22,15.23,0.33,0.99,0.07,0.19,209492000,0,0,1,7.204,1.03,0.03,0.25,1.5,0.48,62.38,0.36,0.05,0.77,0.75,42.981235,0.03,0.11,0.05,0.3,15.17,0.36,0.67,0.08,0.13,296979000,0,0,-0.214910026,0.018867925,-0.257425743,-0.216216216,-0.040816327,0.105038277,-0.060606061,0.333333333,0,0.041666667,0.081130207,-3,-0.142857143,0.333333333,-0.136363636,0.005252791,-0.03030303,0.353535354,0.142857143,0.263157895,-0.10917362,0,0
0,2021,0.192,0.93,0.01,0.06,2.57,0.52,92.13,0.42,-0.16,313.84,0.59,1.867409,0.2,0.21,-0.02,0.49,12.29,0.42,0.39,0.08,-0.05,31733469,0,0,0,0,0,0,0,0,0,0.036,0.77,0.01,0.06,1.79,1.09,34.62,0.42,-0.43,279.78,0.55,1.813704,0.12,-0.08,-0.07,-0.14,12.19,0.59,0.56,-0.05,-0.13,-11011018,0,1,0,0.064,0.82,0.01,0.06,2.25,0.77,66.39,0.42,-0.39,230.63,0.53,1.905876,0.14,0,-0.07,0,12.16,0.5,0.44,-0.03,-0.14,0,0,1,4.333333333,0.207792208,0.43575419,-0.52293578,-0.496551724,1.66117851,0,-0.627906977,0.121738509,0.072727273,0.029610675,0.666666667,-3.625,-0.714285714,-4.5,0.008203445,-0.288135593,-0.303571429,-2.6,-0.615384615,-3.881974128,0,0
0,2009,1.468,0.87,0.09,0.35,1.41,0.65,43.81,0.58,-0.06,15.92,0.82,54.624732,0.08,0.08,0.01,0.15,14.74,0.52,0.71,0.08,0.02,136596000,0,0,0,0,0,0,0,0,1,0.046,0.16,0.09,0.35,1.51,0.7,56.65,0.59,-0.34,0.74,0.83,53.171949,0.1,0.07,-0.33,0.14,14.58,0.53,0.66,0.07,-0.62,107488000,0,0,1,0.04,0,0.09,0.35,1.34,0.78,49.64,0.6,-0.37,2.49,0.82,52.473485,0.07,0.08,-0.36,0.13,14.49,0.56,0.75,0.26,-0.65,103431000,0,0,30.91304348,4.4375,-0.066225166,-0.071428571,-0.044642857,-0.226654898,-0.016949153,-0.823529412,20.51351351,-0.012048193,0.027322358,-0.2,0.142857143,-1.03030303,0.071428571,0.010973937,-0.018867925,0.075757576,0.142857143,-1.032258065,0.270802322,0,0
0,2012,5.031,1.04,0.08,0.5,1.62,0.02,87.79,0.61,0.04,3.17,0.24,2.719038,0.09,0.06,0.07,0.39,11.71,0.16,0.62,0.05,0.46,5226696,0,0,1,0,0,0,0,0,0,7.557,1.08,0.08,0.5,1.76,0.04,77.87,0.6,0.08,12.06,0.23,2.639394,0.1,0.09,0.1,0.54,11.64,0.17,0.57,0.09,0.63,7057677,0,0,0,8.143,1.05,0.08,0.5,1.73,0.06,79.65,0.47,0.06,8.99,0.24,2.835924,0.09,0.07,0.09,0.41,11.54,0.17,0.58,0.07,0.5,4980681,0,0,-0.334259627,-0.037037037,-0.079545455,-0.5,-0.05,0.127391807,0.016666667,-0.5,-0.737147595,0.043478261,0.030175108,-0.1,-0.333333333,-0.3,-0.277777778,0.006013746,-0.058823529,0.087719298,-0.444444444,-0.26984127,-0.259431113,0,0
0,2018,4.057,1.28,0.34,0.1,1.24,-1.52,99.2,0.64,-0.38,2.59,0.66,15.339551,0.08,-0.16,-0.32,-0.07,14.04,2.27,0.81,-0.35,-0.14,-135719118,0,1,1,0,0,1,0,0,0,2.82,1.54,0.34,0.1,1.15,-1.46,163.96,0.89,-0.95,2.84,0.67,15.861386,0.07,-0.49,-0.6,-0.22,13.96,2.2,0.87,-0.64,-0.27,-395739356,0,1,0,3.644,1.48,0.34,0.1,1.4,-1.7,237.69,0.73,-0.43,3.84,0.67,11.387418,0.2,-0.35,-0.32,-0.2,13.97,1.71,0.72,-0.33,-0.19,-284157783,0,1,0.438652482,-0.168831169,0.07826087,0.04109589,-0.021857923,-0.394974384,-0.280898876,-0.6,-0.088028169,-0.014925373,-0.03289971,0.142857143,-0.673469388,-0.466666667,-0.681818182,0.005730659,0.031818182,-0.068965517,-0.453125,-0.481481481,-0.657049227,0,0
0,2012,2.908,0.98,0.16,0.28,1.84,0.39,36.11,0.56,-0.02,13.6,0.59,6.474982,0.07,0.04,0.03,0.12,12.27,0.34,0.55,0.02,0.1,6257157,0,0,0,0,0,0,0,1,0,7.602,1.02,0.16,0.28,2.37,0.4,27.35,0.52,0.01,21.93,0.61,6.185127,0.12,0.05,0.06,0.13,12.21,0.35,0.42,0.06,0.18,6372026,0,0,1,0.24,0.99,0.16,0.28,1.93,0.44,28.82,0.43,-0.01,31.87,0.59,5.933166,0.09,0.03,0.05,0.09,12.17,0.37,0.52,0.02,0.13,4608400,0,0,-0.617469087,-0.039215686,-0.223628692,-0.025,-0.037037037,0.320292505,0.076923077,-3,-0.379844961,-0.032786885,0.046863225,-0.416666667,-0.2,-0.5,-0.076923077,0.004914005,-0.028571429,0.30952381,-0.666666667,-0.444444444,-0.018027076,0,0
0,2021,2.883,1.07,0.01,0.35,0.33,-2.3,53.62,0.22,-0.04,4.78,0.08,0.688524,-0.34,-0.4,0.09,-0.29,11.36,1.38,3.07,0.01,0.07,-23765589,1,0,0,0,1,0,0,0,0,0.08,-7.96,0.01,0.35,0.41,75.15,59.02,0.26,-0.22,0.6,0.1,0.29041,-0.14,-0.08,0,-0.08,11.73,0.99,2.41,-0.08,0,-6905912,1,1,0,0.008,-3.25,0.01,0.35,0.36,8.56,53.39,0.53,-2.1,5.94,0.07,0.140636,-0.08,0,-0.28,0,11.72,0.91,2.78,-0.38,-0.31,0,1,1,35.0375,-1.134422111,-0.195121951,-1.030605456,-1.036713109,-0.091494409,-0.153846154,-0.818181818,6.966666667,-0.2,1.370868772,1.428571429,4,9,2.625,-0.031543052,0.393939394,0.273858921,-1.125,7,2.441339681,0,0
0,2011,7.906,1.04,0.17,0.28,2.64,0,45.12,0.45,0.04,0.57,0.75,28.639363,0.15,0.08,0.1,0.92,14.01,0.09,0.38,0.08,1.12,70268544,0,0,0,0,1,0,0,1,0,8.482,1.03,0.17,0.28,2.82,0,44.54,0.38,0.03,0.63,0.76,28.650088,0.18,0.08,0.09,0.77,13.92,0.1,0.35,0.08,0.92,60584419,0,0,1,6.348,1.01,0.17,0.28,2.5,0.04,46.37,0.39,0.01,0.82,0.75,28.41024,0.2,0.06,0.08,0.35,13.9,0.16,0.4,0.06,0.47,42806995,0,0,-0.067908512,0.009708738,-0.063829787,0,-0.090909091,0.013022003,0.184210526,0.333333333,-0.095238095,-0.013157895,-0.000374344,-0.166666667,0,0.111111111,0.194805195,0.006465517,-0.1,0.085714286,0,0.217391304,0.159845141,0,0
0,2018,5.811,1.13,0.05,0.29,3.49,0.02,53.83,0.31,0.06,-0.17,0.82,30.682509,0.23,0.09,0.13,0.79,13.62,0.11,0.29,0.19,1.24,48548000,0,0,0,0,0,0,0,1,0,5.816,1.11,0.05,0.29,3.32,0.03,50.96,0.34,0.06,-0.17,0.78,29.321321,0.22,0.2,0.11,1.68,13.53,0.12,0.3,0.16,0.91,106550215,0,0,1,4.514,1.25,0.05,0.29,4.03,0.05,47.55,0.34,0.11,-0.26,0.8,30.209554,0.27,0.05,0.23,0.4,13.28,0.13,0.25,0.24,1.79,20894058,0,0,-0.000859697,0.018018018,0.051204819,-0.333333333,-0.142857143,0.056318681,-0.088235294,0,0,0.051282051,0.046423147,0.045454545,-0.55,0.181818182,-0.529761905,0.006651885,-0.083333333,-0.033333333,0.1875,0.362637363,-0.544365068,0,0
0,2020,1.503,0.95,0.06,0.49,1.22,0.34,52.22,0.54,-0.06,93.82,0.2,2.137303,0.04,0.07,0.02,0.17,12.21,0.39,0.82,0.07,0.05,9172881,0,0,1,0,0,0,0,0,0,0.584,0.99,0.06,0.49,1.76,0.5,59.72,0.55,-0.01,66.78,0.21,2.213027,0.09,0.05,0.04,0.12,12.14,0.42,0.57,0.04,0.1,6745995,0,0,0,1.547,0.95,0.06,0.49,2.88,0.59,57.79,0.6,-0.05,65.61,0.22,2.179566,0.25,-0.02,0.02,-0.05,12.11,0.45,0.35,-0.02,0.05,-2972112,0,1,1.573630137,-0.04040404,-0.306818182,-0.32,-0.098591549,-0.125586068,-0.018181818,5,0.40491165,-0.047619048,-0.034217386,-0.555555556,0.4,-0.5,0.416666667,0.005766063,-0.071428571,0.438596491,0.75,-0.5,0.35975212,0,0
0,2014,5.803,1.08,0.04,0.26,2.56,-0.8,66.51,0.39,0.19,0.01,0.65,8.911978,0.24,0.22,0.4,2205809900,11.9,-3.19,0.39,0.35,4079492900,22058099,1,0,0,0,1,1,0,0,0,5.839,1.07,0.04,0.26,2.63,-0.79,64.5,0.4,0.16,0,0.69,9.169661,0.24,0.14,0.35,1381550600,11.88,-3.03,0.38,0.29,3499703300,13815506,1,0,0,5.785,1.06,0.04,0.26,2.73,-0.78,58.76,0.35,0.14,0.24,0.64,8.461851,0.23,0.19,0.31,1951156800,11.89,-2.86,0.37,0.3,3150372900,19511568,1,0,-0.006165439,0.009345794,-0.02661597,0.012658228,0.013333333,0.031162791,-0.025,0.1875,1,-0.057971014,-0.028101693,0,0.571428571,0.142857143,0.596618973,0.001683502,0.052805281,0.026315789,0.206896552,0.165668215,0.596618973,1,1
0,2017,5.795,1.08,0.02,0.38,2.43,-0.42,49,0.34,0.11,-0.14,0.51,4.28377,0.13,0.09,0.18,970138400,11.93,-0.55,0.41,0.13,1940487800,9701384,0,0,0,0,1,0,0,1,0,5.835,1.07,0.02,0.38,2.55,-0.41,45.41,0.36,0.09,0.16,0.54,4.393905,0.14,0.08,0.16,807162600,11.87,-0.55,0.39,0.11,1562974300,8071626,0,0,1,7.157,1.04,0.02,0.38,2.15,-0.42,50.9,0.38,0.06,0.01,0.6,4.602174,0.12,0.05,0.12,434632100,11.82,-0.55,0.47,0.07,1136087300,4346321,0,0,-0.006855184,0.009345794,-0.047058824,0.024390244,0.028571429,0.079057476,-0.055555556,0.222222222,-1.875,-0.055555556,-0.025065403,-0.071428571,0.125,0.125,0.201911982,0.00505476,0,0.051282051,0.181818182,0.241535321,0.201911982,1,1
0,2009,0.186,0.18,0.09,0.3,1.3,2.78,51.15,0.58,-0.13,41.28,0.95,27.270097,0.09,0.06,-0.12,0.07,13.75,0.81,0.77,0.06,-0.15,38067000,0,0,0,0,0,0,1,0,0,0.181,-0.09,0.09,0.3,1.24,4.2,48.22,0.56,-0.11,41.88,0.96,26.811692,0.07,-0.09,-0.11,-0.1,13.73,0.87,0.81,-0.09,-0.12,-56432000,0,1,0,0.138,0.22,0.09,0.3,1.44,2.41,48.28,0.6,-0.16,41.07,0.9,24.963416,0.11,0,-0.14,0.01,13.73,0.78,0.7,0,-0.18,2935000,0,0,0.027624309,-3,0.048387097,-0.338095238,-0.341945289,0.060763169,0.035714286,0.181818182,-0.014326648,-0.010416667,0.017097205,0.285714286,-1.666666667,0.090909091,-1.7,0.001456664,-0.068965517,-0.049382716,-1.666666667,0.25,-1.674564077,0,0
0,2013,4.509,1.18,0.05,0.44,3.28,-0.45,59.75,0.37,0.21,0.31,0.65,9.722241,0.18,0.19,0.36,5563877000,12.97,-0.66,0.3,0.3,10829069400,55638770,0,0,0,0,1,0,0,0,0,4.488,1.2,0.05,0.44,-0.38,0.04,59.92,0.38,0.25,0,0.6,8.870286,0.86,0.24,0.37,6692385500,12.91,-0.57,-2.65,0.32,10317708700,66923855,0,0,0,4.515,1.16,0.05,0.44,3.82,-0.48,59.73,0.4,0.18,0.6,0.83,8.810348,0.22,0.2,0.35,4300918400,12.62,-0.78,0.26,0.3,7417148900,43009184,0,0,0.004679144,-0.016666667,-9.631578947,-12.25,0.111111111,-0.002837116,-0.026315789,-0.16,31,0.083333333,0.096045945,-0.790697674,-0.208333333,-0.027027027,-0.168625746,0.00464756,0.157894737,-1.113207547,-0.0625,0.049561459,-0.168625746,1,1
0,2013,1.498,0.35,0.08,0.29,3.04,1.48,55.9,0.42,-0.24,72.74,0.17,1.05017,0.29,-0.11,-0.14,-0.17,9.86,0.65,0.33,-0.11,-0.21,-1514380,1,1,1,1,0,0,0,1,0,2.872,0.72,0.08,0.29,3.03,1.13,39.17,0.42,-0.08,77.35,0.17,0.888064,0.33,0.32,-0.02,0.52,10.01,0.61,0.33,0.32,-0.02,4898197,1,0,1,2.327,-0.66,0.08,0.29,1.34,9.48,33.75,0.42,-0.08,19.27,0.2,0.957921,0.06,-0.09,-0.02,-0.1,10.03,0.92,0.75,-0.1,-0.03,-1503491,1,1,-0.478412256,-0.513888889,0.00330033,0.309734513,0.233766234,0.427112586,0,2,-0.059599224,0,0.182538646,-0.121212121,-1.34375,6,-1.326923077,-0.014985015,0.06557377,0,-1.34375,9.5,-1.309170905,0,0
0,2013,6.602,1.32,0.22,0.33,0.92,0.32,55.56,0.22,0.1,19.01,0.1,5.491263,-0.04,-0.03,0.2,-0.07,11.12,0.45,1.09,0.04,0.45,-1374648,1,0,0,0,0,0,0,0,0,4.569,1.79,0.22,0.33,1.68,0.32,79.43,0.16,0.23,70.23,0.12,6.59116,0.3,0.1,0.46,0.21,11.18,0.45,0.6,0.16,1.03,4794588,0,0,0,5.789,1.17,0.22,0.33,6.2,0.32,44.39,0.37,0.14,217.54,0.13,2.069726,0.61,-0.61,0.19,-5.16,10.51,0.12,0.16,0.04,1.63,-15513242,0,0,0.444955132,-0.262569832,-0.452380952,0,-0.012195122,-0.300516178,0.375,-0.565217391,-0.729317955,-0.166666667,-0.166874571,-1.133333333,-1.3,-0.565217391,-1.333333333,-0.005366726,0,0.816666667,-0.75,-0.563106796,-1.286708264,0,0
0,2009,6.591,1.06,0.02,0.46,1.8,0.22,43.73,0.42,0.04,0.26,0.52,4.631399,0.08,0.02,0.12,0.09,12.14,0.27,0.56,0.06,0.44,3162571,0,0,0,0,0,0,0,1,0,5.721,1.02,0.02,0.46,2.08,0.19,49.22,0.43,0.02,17.9,0.56,4.576849,0.11,-0.09,0.08,-0.36,12.07,0.24,0.48,-0.06,0.32,-10575575,0,1,1,5.096,1.03,0.02,0.46,2.33,0.18,57.32,0.42,0.03,7.78,0.6,4.90552,0.11,0.03,0.09,0.12,12.15,0.22,0.43,0.08,0.39,3558400,0,0,0.152071316,0.039215686,-0.134615385,0.157894737,0.15625,-0.111540024,-0.023255814,1,-0.98547486,-0.071428571,0.01191868,-0.272727273,-1.222222222,0.5,-1.25,0.005799503,0.125,0.166666667,-2,0.375,-1.299044827,0,0
0,2012,4.671,1.08,0.01,0.3,3.12,1.63,74.45,0.44,0.02,0.35,0.31,4.497001,0.23,0.07,0.1,0.11,11.15,0.66,0.32,0.06,0.16,3509848,0,0,0,0,1,0,0,0,0,5.852,1.29,0.01,0.3,2.6,2.02,50.91,0.36,0.05,0.23,0.28,4.25501,0.17,0.13,0.17,0.19,11.06,0.71,0.38,0.1,0.24,5825291,0,0,0,8.059,1.18,0.01,0.3,2.32,4.55,51.73,0.35,0.02,3.26,0.25,3.917201,0.15,0.08,0.1,0.1,11.07,0.84,0.43,0.04,0.11,3736105,0,0,-0.201811347,-0.162790698,0.2,-0.193069307,-0.188284519,0.4623846,0.222222222,-0.6,0.52173913,0.107142857,0.056872017,0.352941176,-0.461538462,-0.411764706,-0.421052632,0.008137432,-0.070422535,-0.157894737,-0.4,-0.333333333,-0.397481087,0,0
0,2008,7.527,1.04,0.02,0.34,5.74,0.29,46.72,0.39,0.04,285.66,0.61,7.481717,0.55,0.06,0.09,0.18,12.36,0.31,0.17,0.05,0.3,9022436,0,0,0,0,0,0,0,0,1,6.668,1.06,0.02,0.34,5.55,0.27,50.3,0.38,0.05,256.75,0.63,7.460262,0.52,0.08,0.12,0.27,12.26,0.3,0.18,0.07,0.39,12099674,0,0,1,4.944,1.02,0.02,0.34,3.85,0.16,53.6,0.39,0.01,134.92,0.7,7.554722,0.39,0,0.09,0,12.08,0.26,0.26,0.05,0.36,0,0,0,0.128824235,-0.018867925,0.034234234,0.074074074,0.069767442,-0.071172962,0.026315789,-0.2,0.112599805,-0.031746032,0.002875904,0.057692308,-0.25,-0.25,-0.333333333,0.008156607,0.033333333,-0.055555556,-0.285714286,-0.230769231,-0.254324042,0,0
0,2017,4.59,1.09,0.06,0.3,1.13,0,39.6,0.43,0.06,-2.07,0.49,5.560322,0.05,-0.01,0.12,-0.02,11.73,0.39,0.89,0.07,0.3,-817976,0,0,0,0,0,0,1,0,0,5.814,1.08,0.06,0.3,1.26,0.06,43.05,0.42,0.05,-1.98,0.47,5.428259,0.09,0.05,0.12,0.14,11.74,0.39,0.79,0.05,0.32,4740508,0,0,0,2.873,0.97,0.06,0.3,1.13,0.07,34.24,0.46,-0.02,-0.53,0.46,5.236464,0.05,0.01,0.07,0.02,11.7,0.42,0.89,0.01,0.16,689410,0,0,-0.210526316,0.009259259,-0.103174603,-1,0.015625,-0.080139373,0.023809524,0.2,0.045454545,0.042553191,0.024328795,-0.444444444,-1.2,0,-1.142857143,-0.000851789,0,0.126582278,0.4,-0.0625,-1.172550284,0,0
0,2011,0.083,0.94,0.17,0.51,1.87,1.22,7.49,0.63,-0.03,20.31,0.45,4.676294,0.11,0.03,0.05,0.05,12.22,0.6,0.53,0.01,0.08,3987740,0,0,0,0,0,0,0,0,1,3.573,0.95,0.17,0.51,1.91,1.39,39.93,0.49,-0.02,25.66,0.43,4.384658,0.1,-0.02,0.05,-0.03,12.22,0.63,0.52,0.02,0.08,-2660626,0,0,1,5.049,1.02,0.17,0.51,1.46,1.14,43.39,0.49,0.01,7.02,0.44,4.890216,0.06,-0.13,0.07,-0.21,12.17,0.59,0.69,0.02,0.12,-16986462,0,0,-0.976770221,-0.010526316,-0.020942408,-0.122302158,-0.100591716,-0.812421738,0.285714286,0.5,-0.208495713,0.046511628,0.066512827,0.1,-2.5,0,-2.666666667,0,-0.047619048,0.019230769,-0.5,0,-2.498797651,0,0
0,2012,0.231,0.73,0.06,0.3,1.85,0.04,40.98,0.56,-0.04,11.93,0.32,1.95366,0.35,-0.06,0.02,-0.13,10.29,0.43,0.54,-0.05,0.05,-1162314,0,1,0,0,0,0,0,1,0,4.058,0.67,0.06,0.3,1.19,0.04,49.27,0.56,-0.05,7.67,0.32,2.026203,0.09,-0.1,-0.03,-0.21,10.47,0.48,0.84,-0.11,-0.06,-2497847,0,1,1,7.705,1.04,0.06,0.3,1.36,0.1,51.19,0.48,0.01,3.14,0.35,2.182649,0.13,0.11,0.16,0.26,10.55,0.43,0.74,0.08,0.37,2905996,0,0,-0.943075407,0.089552239,0.554621849,0,-0.172043011,-0.168256546,0,-0.2,0.555410691,0,-0.035802434,2.888888889,-0.4,-1.666666667,-0.380952381,-0.017191977,-0.104166667,-0.357142857,-0.545454545,-1.833333333,-0.534673661,0,0
0,2012,2.289,0.96,0.03,0.33,1.67,0.22,34.02,0.61,-0.03,42.5,0.27,1.889138,0.1,0.03,0.03,0.09,10.89,0.3,0.6,0.03,0.1,1036103,0,0,0,1,0,0,0,1,0,0.073,0.81,0.03,0.33,1.72,0.26,37.65,0.71,-0.14,26.36,0.27,1.994668,0.09,-0.09,-0.07,-0.29,10.85,0.31,0.58,-0.09,-0.23,-3128705,0,1,1,4.256,0.98,0.03,0.33,2.54,0.26,61.77,0.48,-0.02,31.57,0.29,2.06395,0.17,0.02,0.06,0.07,10.95,0.29,0.39,0.02,0.2,776439,0,0,30.35616438,0.185185185,-0.029069767,-0.153846154,0,-0.096414343,-0.14084507,-0.785714286,0.612291351,0,-0.052906048,0.111111111,-1.333333333,-1.428571429,-1.310344828,0.003686636,-0.032258065,0.034482759,-1.333333333,-1.434782609,-1.331160336,0,0
0,2014,8.02,0.88,0.04,0.24,0.51,-1.59,41.85,0.33,0.01,0.02,0.78,4.442169,-0.47,0.02,0.04,0.01,12.7,1.05,1.95,0.01,0.04,3478802,1,0,0,0,0,0,0,0,1,0.387,1.24,0.04,0.24,0.69,-0.05,35.39,0.32,-0.03,0.02,0.74,4.184181,-0.89,0.06,0.71,0.02,9.27,2.95,1.45,-0.01,0.24,465333,1,1,1,2.811,1.53,0.04,0.24,3.58,-1.21,36.32,0.35,-0.07,0.02,0.72,3.783224,1.4,-0.7,0.29,-0.22,9.18,3.19,0.28,-0.79,0.09,-4723024,0,1,19.72351421,-0.290322581,-0.260869565,30.8,13.55629139,0.18253744,0.03125,-1.333333333,0,0.054054054,0.061657945,-0.471910112,-0.666666667,-0.943661972,-0.5,0.370010787,-0.644067797,0.344827586,-2,-0.833333333,6.475940885,0,0
0,2018,5.214,1.03,0.03,0.48,0.74,0,45.24,0.31,0.01,-1.69,0.54,14.281036,-0.09,0,0.1,0,12.56,0.34,1.35,0,0.29,21484,1,0,0,1,1,0,1,0,0,0.35,1,0.03,0.48,0.98,0,50.55,0.32,0,-3.16,0.51,14.062155,-0.01,0.01,0.12,0.02,12.49,0.29,1.02,0.01,0.4,929837,1,0,0,5.801,1.16,0.03,0.48,0.89,0,49.76,0.29,0.07,-1.52,0.46,15.111919,-0.04,0.13,0.21,0.42,12.52,0.31,1.13,0.13,0.67,25137731,1,0,13.89714286,0.03,-0.244897959,0,0.275,-0.10504451,-0.03125,1,-0.465189873,0.058823529,0.015565253,8,-1,-0.166666667,-1,0.005604484,0.172413793,0.323529412,-1,-0.275,-0.976894875,0,0
0,2020,0.274,0.98,0.08,0.27,2.02,0.62,58.42,0.49,-0.02,79.03,0.5,11.698273,0.12,0.02,0.04,0.04,13.62,0.46,0.5,0.09,0.08,10326414,0,0,0,0,0,0,0,0,0,4.535,1.11,0.08,0.27,2.07,0.6,51.7,0.44,0.1,34.23,0.54,12.453637,0.1,0.07,0.11,0.16,13.55,0.43,0.48,0.14,0.25,37141438,0,0,0,4.544,1.1,0.08,0.27,1.85,0.54,48.62,0.45,0.09,31.91,0.61,11.839168,0.09,-0.02,0.11,-0.05,13.39,0.41,0.54,0.07,0.25,-9003397,0,0,-0.939581036,-0.117117117,-0.024154589,0.033333333,0.105263158,0.129980658,0.113636364,-1.2,1.308793456,-0.074074074,-0.060654088,0.2,-0.714285714,-0.636363636,-0.75,0.005166052,0.069767442,0.041666667,-0.357142857,-0.68,-0.721970539,0,0
0,2021,0.007,13.88,0.04,0.6,0.35,0.04,1.99,0.58,-0.07,-1.34,0.2,0.79529,-2.5,149.83,-30.76,40.35,3.77,3.71,2.89,63.99,-8.28,4505655,1,0,0,1,1,0,0,0,0,2.681,1.01,0.04,0.6,0.46,-0.39,54.92,0.61,0,8.45,0.15,0.717498,-1.01,0.01,0.02,0.01,8.43,2.44,2.16,0.03,0.01,44220,1,0,0,0.064,1.53,0.04,0.6,0.33,-0.36,44.14,0.69,-0.19,-0.72,0.14,0.778742,-1.53,-0.99,-1.02,-0.33,8.12,2.99,3.05,-0.97,-0.34,-2298367,1,1,-0.997389034,12.74257426,-0.239130435,-1.102564103,-0.194117647,-0.963765477,-0.049180328,-7,-1.158579882,0.333333333,0.108421208,1.475247525,14982,-1539,4034,-0.552787663,0.520491803,0.337962963,2132,-829,100.891791,0,0
0,2020,4.501,1.04,0.02,0.26,0.67,-0.97,46.31,0.38,0.12,1.55,0.52,8.330086,-0.24,0.7,0.48,5394011100,11.61,-8.88,1.5,0.56,3647122100,53940111,1,0,0,0,1,0,1,0,0,4.525,1.04,0.02,0.26,2.57,-0.91,50.36,0.39,0.1,0.99,0.45,9.044053,0.28,0.51,0.44,3917114500,11.61,-8.17,0.39,0.35,3399602600,39171145,0,0,0,4.519,1.04,0.02,0.26,2.27,-0.91,50.09,0.39,0.11,0.6,0.46,8.980372,0.25,0.87,0.43,6319750500,11.56,-8.13,0.44,0.37,3132442400,63197505,0,0,-0.005303867,0,-0.739299611,0.065934066,0.011235955,-0.080420969,-0.025641026,0.2,0.565656566,0.155555556,-0.078943257,-1.857142857,0.37254902,0.090909091,0.377036872,0,0.086903305,2.846153846,0.6,0.072808363,0.377036872,1,1
0,2009,4.542,1.15,0.02,0.38,4.56,1.2,40.79,0.34,0.07,36.4,0.74,8.323885,0.18,0.05,0.09,0.09,12.42,0.57,0.22,0.07,0.16,8604027,0,0,0,0,0,0,0,0,0,6.674,1.07,0.02,0.38,4.35,1.4,51.47,0.37,0.04,57.47,0.82,7.863214,0.22,-0.05,0.06,-0.09,12.4,0.61,0.23,0.03,0.09,-8796806,0,0,0,6.63,1.06,0.02,0.38,4.74,1.14,46.83,0.36,0.04,80.13,0.78,7.666205,0.26,0.04,0.05,0.06,12.41,0.56,0.21,0.06,0.1,6094622,0,0,-0.319448607,0.074766355,0.048275862,-0.142857143,-0.165605096,-0.207499514,-0.081081081,0.75,-0.366626066,-0.097560976,0.058585586,-0.181818182,-2,0.5,-2,0.001612903,-0.06557377,-0.043478261,1.333333333,0.777777778,-1.978085341,0,0
0,2015,4.473,1.12,0.22,0.43,-0.15,0.02,44.87,0.27,0.18,-3.25,0.39,5.864055,1.83,0.33,0.31,1541337600,11.13,-1.54,-6.8,0.33,1477330000,15413376,0,0,0,1,1,0,0,0,0,4.529,1.07,0.22,0.43,-0.17,0.03,45.1,0.3,0.11,-2.95,0.35,5.215267,1.52,0.22,0.18,1016961100,11.11,-1.25,-5.93,0.22,848672000,10169611,0,0,0,4.481,1.15,0.22,0.43,-0.28,0.03,52.51,0.27,0.18,-2.07,0.37,5.463309,1.17,3.44,0.3,17404095900,11.2,-0.86,-3.54,0.29,1517200100,174040959,0,0,-0.01236476,0.046728972,-0.117647059,-0.333333333,0.089285714,-0.005099778,-0.1,0.636363636,0.101694915,0.114285714,0.124401685,0.203947368,0.5,0.722222222,0.515630834,0.00180018,0.232,0.146711636,0.5,0.740754968,0.515630834,1,1
0,2012,4.528,1.17,0.05,0.28,1.54,0.02,76.22,0.27,0.21,6.14,0.7,18.536653,0.06,0.09,0.21,0.74,14.21,0.13,0.65,0.17,1.64,95465713,0,0,0,0,0,0,0,1,0,4.556,1.14,0.05,0.28,1.09,0.02,43.67,0.27,0.18,19.08,0.67,17.02043,0.01,0.03,0.17,0.17,14.13,0.16,0.92,0.15,1.09,25968151,0,0,1,4.526,1.11,0.05,0.28,0.87,0.32,38.73,0.3,0.14,27.64,0.66,15.95842,-0.02,0.09,0.14,0.52,14.13,0.18,1.15,0.12,0.76,88105667,1,0,-0.006145742,0.026315789,0.412844037,0,-0.263157895,0.745362949,0,0.166666667,-0.678197065,0.044776119,0.089082532,5,2,0.235294118,3.352941176,0.005661713,-0.1875,-0.293478261,0.133333333,0.504587156,2.676261471,0,0
0,2021,2.57,0.99,0.02,0.2,2.36,0.59,45.55,0.48,-0.01,40.78,0.53,16.237012,0.41,0.04,0.02,0.07,13.18,0.56,0.42,0.04,0.04,14015602,0,0,0,0,0,0,1,0,0,8.6,1,0.02,0.2,2.35,0.65,39.81,0.45,0,61.98,0.47,14.739318,0.42,0.07,0.03,0.13,13.14,0.58,0.43,0.07,0.05,26150132,0,0,0,1.851,0.98,0.02,0.2,2.16,0.31,41.01,0.45,-0.01,31.06,0.46,15.793865,0.19,0.07,0.04,0.2,12.53,0.36,0.46,0.07,0.1,13761509,0,0,-0.701162791,-0.01,0.004255319,-0.092307692,-0.079136691,0.144184878,0.066666667,-1,-0.342045821,0.127659574,0.101612164,-0.023809524,-0.428571429,-0.333333333,-0.461538462,0.00304414,-0.034482759,-0.023255814,-0.428571429,-0.2,-0.464033222,0,0
0,2019,2.364,0.42,0.06,0.33,1.26,0.05,35.54,0.52,-0.25,0.02,0.42,2.683971,0.04,0,-0.36,0,10.85,0.21,0.79,-0.45,-1.74,0,0,1,0,0,0,0,0,0,0,2.343,0.51,0.06,0.33,10.32,0.35,38.1,0.53,-0.22,0.02,0.45,2.320831,0.24,0.03,-0.28,0.1,10.94,0.28,0.1,-0.35,-0.98,1116840,0,1,0,1.525,0.4,0.06,0.33,3,0.37,49.52,0.5,-0.25,0.45,0.52,2.459236,0.22,-0.03,-0.32,-0.08,11,0.35,0.33,-0.38,-0.9,-1116840,0,1,0.008962868,-0.176470588,-0.877906977,-0.857142857,-0.333333333,-0.067191601,-0.018867925,0.136363636,0,-0.066666667,0.156469816,-0.833333333,-1,0.285714286,-1,-0.008226691,-0.25,6.9,0.285714286,0.775510204,-1,0,0
0,2014,0.754,0.88,0.14,0.24,2.56,0.49,59.07,0.64,-0.07,36.09,0.51,10.767207,0.22,-0.04,-0.02,-0.1,13.09,0.42,0.39,-0.03,-0.04,-14807232,0,1,0,0,0,0,1,0,0,4.293,0.86,0.14,0.24,2.91,0.49,52.8,0.63,-0.08,35.37,0.53,11.180727,0.26,0.03,-0.03,0.08,13.15,0.42,0.34,0.04,-0.07,11752895,0,0,0,3.112,0.97,0.14,0.24,1.52,0.47,46.49,0.6,-0.01,23.05,0.6,11.685333,0.1,0,0.04,0,13.16,0.45,0.66,0.02,0.09,191711,0,0,-0.824365246,0.023255814,-0.120274914,0,0.013888889,0.11875,0.015873016,-0.125,0.020356234,-0.037735849,-0.036985073,-0.153846154,-2.333333333,-0.333333333,-2.25,-0.004562738,0,0.147058824,-1.75,-0.428571429,-2.259879545,0,0
0,2020,0.117,0.2,0.25,0.41,-0.37,9.8,49.11,0.43,-0.12,-112.82,0.8,8.57432,-0.18,0.12,0,0.13,13.51,0.92,-2.68,0.01,0,61483201,0,0,0,0,0,0,0,0,0,2.324,1.57,0.25,0.41,-1.22,-18.66,58.25,0.42,-0.05,-162.43,0.71,8.649623,-0.28,-0.02,0.01,-0.02,13.29,1.05,-0.82,0.02,0.01,-7633421,0,0,0,0.098,3.82,0.25,0.41,-1.04,-31.94,59.41,0.47,-0.17,-121.29,0.64,8.738538,-0.18,0.02,-0.07,0.02,13.34,1.03,-0.96,0.01,-0.06,7520182,0,0,-0.949655766,-0.872611465,-0.696721311,-1.525187567,-1.540311174,-0.156909871,0.023809524,1.4,-0.305423875,0.126760563,-0.008705929,-0.357142857,-7,-1,-7.5,0.0165538,-0.123809524,2.268292683,-0.5,-1,-9.054475313,0,0
0,2010,7.822,1.09,0.29,0.26,3.77,0.62,34.7,0.3,0.07,118.51,0.7,21.310458,0.22,0.06,0.1,0.14,13.99,0.43,0.27,0.07,0.22,50665353,0,0,0,0,0,0,1,0,0,7.515,1.11,0.29,0.26,2.97,0.67,27.09,0.31,0.08,62.05,0.72,20.825211,0.12,0.02,0.11,0.05,13.88,0.44,0.34,0.03,0.24,15990354,0,0,0,7.537,1.11,0.29,0.26,3.78,0.64,26.96,0.31,0.08,68.81,0.74,21.218102,0.15,0,0.11,0.01,13.81,0.42,0.26,0.05,0.26,2409494,0,0,0.04085163,-0.018018018,0.269360269,-0.074626866,-0.025641026,0.280915467,-0.032258065,-0.125,0.909911362,-0.027777778,0.02330094,0.833333333,2,-0.090909091,1.8,0.007925072,-0.022727273,-0.205882353,1.333333333,-0.083333333,2.168494769,0,0
0,2017,2.819,0.84,0.08,0.19,2.62,0.04,91.37,0.52,-0.13,22.74,0.47,3.102339,0.21,0.01,-0.09,0.05,11.33,0.17,0.38,0.01,-0.52,481660,0,0,0,0,0,0,0,0,0,4.779,1.05,0.08,0.19,2.01,0.02,74.84,0.5,0.04,4.56,0.44,3.828437,0.14,0.31,0.14,2.03,11.31,0.15,0.5,0.14,0.9,17721049,0,0,0,0.03,0.74,0.08,0.19,0.23,0.1,-25.56,0.62,-0.15,1.75,0.42,3.344238,-0.15,0,-0.16,0,10.98,0.26,4.43,0,-0.62,45571,1,0,-0.410127642,-0.2,0.303482587,1,0.111111111,0.220871192,0.04,-4.25,3.986842105,0.068181818,-0.189659122,0.5,-0.967741935,-1.642857143,-0.975369458,0.001768347,0.133333333,-0.24,-0.928571429,-1.577777778,-0.972819893,0,0
0,2008,1.487,0.87,0.01,0.38,4.31,0.07,89.84,0.45,-0.16,51.81,0.35,2.106594,0.28,0.04,-0.06,0.25,10.45,0.15,0.23,0.03,-0.38,899418,0,0,1,0,0,0,0,0,0,0.096,0.85,0.01,0.38,7.4,0.32,6.94,0.48,-0.18,32.48,0.37,1.966237,0.41,0.04,-0.07,0.58,10.32,0.06,0.14,0.02,-1.16,780192,0,0,0,0.19,0.9,0.01,0.38,11.81,0.32,29.36,0.44,-0.12,103.77,0.37,1.726999,0.38,0,-0.04,0,10.24,0.04,0.08,0.03,-1.12,0,0,0,14.48958333,0.023529412,-0.417567568,-0.78125,1.428571429,11.94524496,-0.0625,-0.111111111,0.595135468,-0.054054054,0.071383562,-0.317073171,0,-0.142857143,-0.568965517,0.012596899,1.5,0.642857143,0.5,-0.672413793,0.15281623,0,0
0,2012,7.182,1.14,0.21,0.34,0.35,0,52.77,0.29,0.04,-7.52,0.48,6.0968,-0.42,0.06,0.12,0.1,12.03,0.64,2.9,0.06,0.19,7500182,1,0,0,0,1,0,1,0,0,5.8,1.33,0.21,0.34,0.3,0,43.34,0.27,0.07,-2.67,0.56,6.683573,-0.49,-0.07,0.16,-0.1,12.01,0.7,3.33,0.12,0.23,-7978593,1,0,0,6.665,1.18,0.21,0.34,0.4,0,56.77,0.29,0.05,0.32,0.59,6.777177,-0.38,0.32,0.12,0.5,12.03,0.64,2.49,0.08,0.19,37074933,1,0,0.238275862,-0.142857143,0.166666667,0,-0.227467811,0.21758191,0.074074074,-0.428571429,1.816479401,-0.142857143,-0.087793311,-0.142857143,-1.857142857,-0.25,-2,0.001665279,-0.085714286,-0.129129129,-0.5,-0.173913043,-1.940038175,0,0
0,2020,8.117,1.01,0.02,0.12,0.82,-0.63,43.98,0.45,0.02,0.45,0.32,3.83197,-0.05,-0.7,0.08,-3064888500,11.05,-1.01,1.22,0.18,352893400,-30648885,1,0,0,0,1,0,0,1,0,6.602,1.03,0.02,0.12,2.65,-0.66,49.92,0.45,0.04,0.22,0.37,4.219703,0.12,0.12,0.12,542110200,11.05,-1.69,0.38,0.08,540268800,5421102,0,0,1,5.808,1.03,0.02,0.12,2.55,-0.61,43.23,0.44,0.05,0.14,0.43,4.387899,0.14,-0.03,0.13,-134623700,11.15,-1.32,0.39,0.09,652952100,-1346237,0,0,0.229475916,-0.019417476,-0.690566038,-0.045454545,-0.206349206,-0.118990385,0,-0.5,1.045454545,-0.135135135,-0.091886325,-1.416666667,-6.833333333,-0.333333333,-6.653626329,0,-0.402366864,2.210526316,1.25,-0.346818843,-6.653626329,1,1
0,2021,0.162,0.93,0.07,0.19,0.71,0.09,50.86,0.51,-0.09,0.26,0.62,15.942291,-0.13,0.06,-0.01,0.11,14.73,0.49,1.4,0.05,-0.02,96318564,0,0,0,0,0,0,0,1,0,3.343,1,0.07,0.19,1.18,0.15,48.18,0.48,0,0.37,0.52,14.157563,0.07,0.05,0.02,0.1,14.53,0.44,0.85,0.06,0.04,64419827,0,0,1,4.888,1.01,0.07,0.19,2.18,0.49,50.72,0.48,0.01,0.18,0.57,14.843956,0.21,0.02,0.03,0.05,14.45,0.45,0.46,0.03,0.08,31734923,0,0,-0.951540532,-0.07,-0.398305085,-0.4,0.2125,0.055624741,0.0625,-9,-0.297297297,0.192307692,0.126061809,-2.857142857,0.2,-1.5,0.1,0.013764625,0.113636364,0.647058824,-0.166666667,-1.5,0.495169554,0,0
0,2011,4.535,1.26,0.07,0.2,3.02,0.01,41.04,0.37,0.1,0.03,0.64,14.32503,0.21,0.01,0.39,0.06,12.04,0.12,0.33,0.33,3.38,782351,0,0,0,0,0,0,0,1,0,4.533,1.25,0.07,0.2,3.34,0,42.64,0.3,0.11,0.02,0.64,14.490967,0.2,-0.01,0.42,-0.16,12,0.09,0.3,0.24,4.79,-1562972,0,0,1,4.546,1.21,0.07,0.2,5.61,0,41.63,0.31,0.1,0.7,0.64,14.389547,0.21,-0.1,0.4,-2.31,11.97,0.05,0.18,0.22,8.81,-11473775,0,0,0.000441209,0.008,-0.095808383,1,0.3,-0.037523452,0.233333333,-0.090909091,0.5,0,-0.011451065,0.05,-2,-0.071428571,-1.375,0.003333333,0.333333333,0.1,0.375,-0.294363257,-1.500553433,0,0
0,2013,1.775,0.97,0.1,0.2,2.13,0.56,34.89,0.34,-0.01,33.4,0.71,9.799695,0.22,-0.04,0.07,-0.08,11.78,0.48,0.47,0.04,0.14,-3541434,1,0,0,0,1,0,1,0,0,3.565,0.92,0.1,0.2,2.73,0.62,33.83,0.36,-0.03,53.42,0.6,9.399085,0.27,0.01,0.05,0.02,11.85,0.48,0.37,0.02,0.1,1000022,1,0,0,2.835,0.88,0.1,0.2,2.57,0.58,41.7,0.38,-0.04,46.34,0.54,9.429306,0.25,0,0.04,0,11.8,0.47,0.39,0,0.08,-168656,1,1,-0.502103787,0.054347826,-0.21978022,-0.096774194,0.02173913,0.031333136,-0.055555556,-0.666666667,-0.374766005,0.183333333,0.042622234,-0.185185185,-5,0.4,-5,-0.005907173,0,0.27027027,1,0.4,-4.54135609,0,0
0,2018,1.543,0.79,0.05,0.31,1.47,0.46,58.43,0.57,-0.19,26.18,0.39,3.765363,0.07,-0.12,-0.11,-0.3,12.45,0.41,0.68,-0.12,-0.26,-22175877,0,1,0,0,0,0,0,0,0,4.252,0.91,0.05,0.31,2.17,0.4,89.38,0.53,-0.09,15.71,0.43,4.086602,0.12,0.01,-0.04,0.04,12.55,0.36,0.46,0.01,-0.1,2901195,0,0,0,2.692,0.99,0.05,0.31,2.65,0.4,53.72,0.51,-0.01,54.31,0.38,3.78763,0.15,0.04,0.01,0.12,12.52,0.35,0.38,0.04,0.03,7912834,0,0,-0.637111947,-0.131868132,-0.322580645,0.15,0.25,-0.346274334,0.075471698,1.111111111,0.666454488,-0.093023256,-0.078607851,-0.416666667,-13,1.75,-8.5,-0.007968127,0.138888889,0.47826087,-13,1.6,-8.643704405,0,0
0,2009,3.84,0.86,0.03,0.37,1.71,0.04,55.82,0.4,-0.06,4.43,0.64,11.464477,0.16,-0.06,-0.05,-0.25,12.41,0.25,0.59,-0.06,-0.2,-10679914,0,1,0,0,0,1,0,0,0,4.7,1.01,0.03,0.37,1.63,0,56.79,0.38,0,4.03,0.67,11.70653,0.14,0.06,0.06,0.25,12.46,0.23,0.61,0.06,0.28,10470467,0,0,0,5.27,1.01,0.03,0.37,1.98,0,54.77,0.36,0,4.46,0.63,10.969025,0.2,0.07,0.06,0.34,12.35,0.21,0.5,0.07,0.29,11201873,0,0,-0.182978723,-0.148514851,0.049079755,4,0.133333333,-0.017080472,0.052631579,-6,0.099255583,-0.044776119,-0.02067675,0.142857143,-2,-1.833333333,-2,-0.004012841,0.086956522,-0.032786885,-2,-1.714285714,-2.020003597,0,0
0,2015,3.609,0.76,0.05,0.3,0.35,0.32,48.83,0.38,-0.09,-0.17,0.35,1.880565,-0.35,-0.1,-0.01,-0.19,10.45,0.54,2.84,-0.11,-0.01,-2435288,1,1,0,0,0,0,0,0,0,3.308,0.71,0.05,0.3,1.55,0.32,64.93,0.39,-0.13,0.02,0.54,2.18301,0.12,-0.22,-0.08,-0.98,10.13,0.23,0.65,-0.22,-0.33,-3907616,0,1,0,1.087,0.91,0.05,0.3,2.95,0.32,56.75,0.35,-0.05,0.01,0.45,2.294875,0.25,-0.07,0.07,-0.54,10.26,0.13,0.34,-0.06,0.54,-1364052,0,1,0.090991536,0.070422535,-0.774193548,0,2.933333333,-0.247959341,-0.025641026,-0.307692308,-9.5,-0.351851852,-0.138544945,-3.916666667,-0.545454545,-0.875,-0.806122449,0.031589339,1.347826087,3.369230769,-0.5,-0.96969697,-0.376784208,0,0
0,2011,5.475,1.04,0.08,0.32,3.02,0.56,56,0.53,0.03,80.85,0.39,2.281912,0.23,0.03,0.1,0.08,11.24,0.43,0.33,0.03,0.23,1836773,0,0,0,0,0,0,0,0,0,8.525,1.07,0.08,0.32,3.47,0.62,48.84,0.44,0.05,88.7,0.4,2.355525,0.24,0.11,0.11,0.26,11.2,0.44,0.29,0.05,0.26,5819026,0,0,0,0.459,0.99,0.08,0.32,2.85,0.8,54.23,0.46,0,56.71,0.42,2.366868,0.21,0.01,0.08,0.03,11.09,0.51,0.35,0.01,0.15,680956,0,0,-0.357771261,-0.028037383,-0.129682997,-0.096774194,-0.037974684,0.146601147,0.204545455,-0.4,-0.088500564,-0.025,-0.031251207,-0.041666667,-0.727272727,-0.090909091,-0.692307692,0.003571429,-0.022727273,0.137931034,-0.4,-0.115384615,-0.684350439,0,0
0,2020,1.516,0.76,0.02,0.38,2.45,1.62,49.19,0.51,-0.11,49.94,0.41,7.810658,0.16,-0.09,-0.02,-0.14,13.04,0.66,0.41,-0.06,-0.03,-30095842,0,1,0,0,0,0,0,1,0,5.692,1.03,0.02,0.38,2.62,1,52.82,0.48,0.02,25.15,0.43,8.882547,0.15,-0.05,0.08,-0.1,12.99,0.55,0.38,0.03,0.15,-16217978,0,0,1,3.264,0.91,0.02,0.38,2.27,0.86,54.24,0.53,-0.06,20.87,0.45,9.636809,0.13,-0.01,0.02,-0.01,13.04,0.52,0.44,-0.02,0.04,-1694943,0,1,-0.733661279,-0.262135922,-0.064885496,0.62,0.633333333,-0.068723968,0.0625,-6.5,0.985685885,-0.046511628,-0.120673609,0.066666667,0.8,-1.25,0.4,0.003849115,0.2,0.078947368,-3,-1.2,0.855708646,0,0
0,2016,3.029,1.02,0.15,0.19,2.03,-2.9,48.8,0.43,0,98.95,0.82,16.974836,0.38,-0.08,0.12,-0.06,13.72,1.33,0.49,0,0.09,-53571685,0,0,1,0,0,0,0,0,0,7.14,0.76,0.15,0.19,1.98,-3.61,46.81,0.42,0.04,124.38,0.77,15.198305,0.37,-0.02,0.14,-0.01,13.76,1.24,0.51,0.08,0.11,-10353384,0,0,0,6.606,0.65,0.15,0.19,2.15,-3.53,55.48,0.41,0.06,132.14,0.71,13.712284,0.42,-0.6,0.21,-0.48,13.64,1.25,0.47,0.11,0.17,-347757124,0,0,-0.575770308,0.342105263,0.025252525,-0.1966759,-0.223506744,0.042512284,0.023809524,-1,-0.204454092,0.064935065,0.116890074,0.027027027,3,-0.142857143,5,-0.002906977,0.072580645,-0.039215686,-1,-0.181818182,4.174316436,0,0
0,2012,4.927,1.05,0.1,0.21,8.8,0.32,36.19,0.37,0.02,0.58,0.48,8.490119,0.29,0.02,0.14,0.47,11.37,0.04,0.11,0.15,3.74,1043022,0,0,0,0,0,0,0,0,1,4.002,0.99,0.1,0.21,10.56,0.32,32.66,0.41,0,0.23,0.54,7.95684,0.25,0.13,0.09,5.23,11.34,0.03,0.09,0.02,3.55,7874207,0,0,1,6.466,1.01,0.1,0.21,3.32,0.32,29.66,0.33,0,0.52,0.62,8.245073,0.15,0,0.11,0.08,11.23,0.06,0.3,0.03,1.79,250734,0,0,0.231134433,0.060606061,-0.166666667,0,0.333333333,0.108083282,-0.097560976,2,1.52173913,-0.111111111,0.067021456,0.16,-0.846153846,0.555555556,-0.910133843,0.002645503,0.333333333,0.222222222,6.5,0.053521127,-0.867539423,0,0
0,2016,7.541,0.92,0.07,0.3,2.15,-2.58,41.88,0.33,0.04,0.05,0.58,2.801117,0.09,0.04,0.11,0.02,11.58,1.58,0.47,0.05,0.07,2826400,0,0,0,0,1,0,0,1,0,4.595,0.96,0.07,0.3,2.07,-2.46,43.78,0.36,0.02,0.16,0.58,2.775668,0.09,0.04,0.08,0.02,11.57,1.63,0.48,0.03,0.05,2774847,0,0,1,3.329,1.06,0.07,0.3,1.84,-2.38,36.57,0.38,-0.04,0.13,0.53,2.509359,0.07,-0.04,0.03,-0.02,11.57,1.67,0.54,-0.04,0.02,-2808371,0,1,0.641131665,-0.041666667,0.038647343,0.048780488,0.05019305,-0.043398812,-0.083333333,1,-0.6875,0,0.009168604,0,0,0.375,0,0.000864304,-0.030674847,-0.020833333,0.666666667,0.4,0.018578682,0,0
0,2020,1.533,0.58,0.06,0.3,3.07,2.06,64.67,0.68,-0.18,139.66,0.27,6.590995,0.35,-0.05,-0.06,-0.07,13.64,0.73,0.33,-0.04,-0.08,-27927336,1,1,0,0,0,0,0,1,0,3.284,0.83,0.06,0.3,3.4,1.19,55.71,0.65,-0.08,126.42,0.45,7.468575,0.39,0.01,0,0.01,13.47,0.62,0.29,-0.01,0.01,4103331,1,1,1,4.28,0.89,0.06,0.3,3.58,1.25,66.69,0.63,-0.05,137.2,0.46,7.26008,0.41,0,0.02,0,13.47,0.63,0.28,0.01,0.03,725114,1,0,-0.53319123,-0.301204819,-0.097058824,0.731092437,0.658385093,0.160832885,0.046153846,1.25,0.104730264,-0.4,-0.117503004,-0.102564103,-6,-6,-8,0.012620638,0.177419355,0.137931034,3,-9,-7.806015893,0,0
0,2010,5.793,1.08,0.06,0.27,-0.57,0.73,33.96,0.34,0.04,95.51,0.34,4.848085,0.75,0.1,0.16,0.7,11.49,0.14,-1.76,0.1,1.08,6892767,0,0,0,0,0,0,0,1,0,0.103,0.81,0.06,0.27,-0.86,0.33,35.82,0.38,-0.1,67.26,0.37,4.932033,0.49,-0.12,-0.11,-2.23,11.27,0.05,-1.16,-0.12,-2.07,-6283671,0,1,1,2.395,0.97,0.06,0.27,0.09,0.31,47.94,0.38,-0.02,-0.28,0.4,5.380882,0.41,0,0.06,-23229800,11.23,-0.11,10.72,0.02,289629700,-232298,0,0,55.24271845,0.333333333,-0.337209302,1.212121212,1.833333333,-0.051926298,-0.105263158,-1.4,0.420011894,-0.081081081,-0.017020973,0.530612245,-1.833333333,-2.454545455,-1.313901345,0.019520852,1.8,0.517241379,-1.833333333,-1.52173913,-2.096933146,0,1
0,2014,1.59,2.09,0.11,0.5,5.58,-50,54.02,0.43,-0.02,-0.46,0.21,0.674844,0.22,0.03,0.07,0.03,9.56,1.02,0.18,-0.01,0.07,276955,0,1,1,0,0,0,1,0,0,7.53,-0.13,0.11,0.5,3.09,-20.82,58.62,0.45,0.05,-0.47,0.24,0.706971,0.14,-0.19,0.08,-0.18,9.57,1.05,0.32,0.06,0.07,-1904771,0,0,0,2.29,0.07,0.11,0.5,-2.68,0.32,-163.15,0.41,-0.11,65.31,0.28,0.80341,-1.64,-0.03,-0.13,-0.06,8.22,0.45,-0.37,-0.43,-0.29,-74571,1,1,-0.788844622,-17.07692308,0.805825243,1.401536984,1.35502693,-0.078471511,-0.044444444,-1.4,-0.021276596,-0.125,-0.045443165,0.571428571,-1.157894737,-0.125,-1.166666667,-0.001044932,-0.028571429,-0.4375,-1.166666667,0,-1.145400681,0,0
0,2010,5.8,1.11,0.08,0.2,4.73,0.46,53.47,0.37,0.07,68.11,0.57,15.085082,0.32,0.06,0.11,0.17,12.96,0.38,0.21,0.05,0.3,18462826,0,0,0,0,0,1,0,0,0,5.833,1.09,0.08,0.2,5.7,0.49,47.83,0.39,0.05,75.13,0.48,15.258118,0.34,0.01,0.11,0.03,12.85,0.38,0.18,0.02,0.3,3031076,0,0,0,5.803,1.11,0.08,0.2,5.31,0.5,53.23,0.4,0.07,55.94,0.59,15.165838,0.31,0.03,0.13,0.08,12.84,0.38,0.19,0.03,0.34,7669671,0,0,-0.005657466,0.018348624,-0.170175439,-0.06122449,0,0.117917625,-0.051282051,0.4,-0.093438041,0.1875,-0.011340586,-0.058823529,5,0,4.666666667,0.008560311,0,0.166666667,1.5,0,5.091178842,0,0
0,2019,1.058,0.98,0.03,0.37,2.11,0.05,50.55,0.34,-0.01,1.85,0.6,7.483799,0.14,0.06,0.09,0.34,11.88,0.16,0.47,-0.07,0.57,5631027,0,1,0,0,0,0,0,0,0,7.612,1.01,0.03,0.37,2.24,0,54.76,0.34,0,1.07,0.5,6.905633,0.16,0.07,0.13,0.5,11.77,0.13,0.45,-0.06,0.97,5881292,0,1,0,2.909,0.94,0.03,0.37,2.05,0.01,47.44,0.36,-0.03,1.25,0.49,6.368399,0.14,-0.1,0.08,-0.75,11.7,0.14,0.49,-0.11,0.59,-8424172,0,1,-0.861008933,-0.02970297,-0.058035714,5,0.333333333,-0.076880935,0,-1,0.728971963,0.2,0.083723824,-0.125,-0.142857143,-0.307692308,-0.32,0.009345794,0.230769231,0.044444444,0.166666667,-0.412371134,-0.042552725,0,0
0,2012,1.513,-0.84,0.07,0.17,1.33,37.98,33.27,0.53,-0.06,42.3,0.69,10.146159,0.05,0.05,-0.02,0.05,13.32,0.98,0.75,0.07,-0.02,21853915,0,0,0,0,0,0,1,0,0,0.054,3.85,0.07,0.17,1.38,-15.67,25.98,0.59,-0.13,21.78,0.68,9.592426,0.09,-0.05,-0.11,-0.04,12.74,1.05,0.72,-0.04,-0.1,-10873944,0,1,0,0.1,17.95,0.07,0.17,1.49,-123.78,36.76,0.46,-0.1,22.36,0.72,9.909493,0.11,-0.03,-0.07,-0.03,12.79,1.01,0.67,0.01,-0.07,-7179571,0,0,27.01851852,-1.218181818,-0.036231884,-3.42373963,-3.201693227,0.280600462,-0.101694915,-0.538461538,0.94214876,0.014705882,0.057726064,-0.444444444,-2,-0.818181818,-2.25,0.045525903,-0.066666667,0.041666667,-2.75,-0.8,-3.009750556,0,0
0,2019,7.162,1.07,0.03,0.29,5.65,0.34,2.56,0.38,0.06,198.56,0.7,16.481475,0.38,0.09,0.08,0.27,13.56,0.32,0.18,0.1,0.27,45930002,0,0,0,0,0,0,0,0,1,7.868,1.06,0.03,0.29,5.85,0.4,4.15,0.38,0.05,180.37,0.72,15.846676,0.35,0.06,0.08,0.17,13.45,0.34,0.17,0.04,0.24,26978173,0,0,1,0.093,0.92,0.03,0.29,4.7,0.45,5.8,0.57,-0.07,151.08,0.67,15.279518,0.29,0,-0.01,0,13.41,0.36,0.21,-0.03,-0.02,0,0,1,-0.089730554,0.009433962,-0.034188034,-0.15,-0.08,-0.38313253,0,0.2,0.100848256,-0.027777778,0.040058811,0.085714286,0.5,0,0.588235294,0.008178439,-0.058823529,0.058823529,1.5,0.125,0.702487489,0,0
0,2017,4.573,1.24,0.03,0.39,-1.88,2.63,38.65,0.28,0.08,0.86,0.37,0.721988,0.34,0.08,0.13,0.12,11.58,0.69,-0.53,0.08,0.19,6058586,0,0,0,0,0,0,0,0,0,1.3,0.97,0.03,0.39,-4.11,3.66,45.26,0.3,-0.01,-1.6,0.2,0.751306,0.26,-0.01,0.06,-0.02,11.58,0.77,-0.24,0,0.08,-972571,0,0,0,3.312,0.9,0.03,0.39,-5.95,3.61,46.35,0.32,-0.03,5.76,0.21,0.685357,0.26,-0.01,0.04,-0.01,11.64,0.78,-0.17,-0.01,0.05,-839669,0,1,2.517692308,0.278350515,-0.542579075,-0.281420765,-0.345930233,-0.146045073,-0.066666667,-9,-1.5375,0.85,-0.039022715,0.307692308,-9,1.166666667,-7,0,-0.103896104,1.208333333,8,1.375,-7.229453685,0,0
0,2017,1.301,0.81,0.06,0.4,3.78,1.67,49.87,0.36,-0.05,50.23,0.63,11.24886,0.32,-0.06,0,-0.09,13.19,0.67,0.26,-0.02,-0.01,-21439618,0,1,0,0,0,0,0,0,1,0.408,0.74,0.06,0.4,3.04,1.35,60.47,0.38,-0.09,25.21,0.66,11.917914,0.27,0.02,-0.04,0.03,13.24,0.63,0.33,0.02,-0.07,8445678,0,0,1,1.372,0.8,0.06,0.4,3.17,1.48,74.39,0.4,-0.07,30.63,0.6,11.136007,0.24,-0.04,-0.02,-0.06,13.21,0.64,0.32,-0.03,-0.03,-15634827,0,1,2.18872549,0.094594595,0.243421053,0.237037037,0.188235294,-0.175293534,-0.052631579,-0.444444444,0.992463308,-0.045454545,-0.056138516,0.185185185,-4,-1,-4,-0.003776435,0.063492063,-0.212121212,-2,-0.857142857,-3.538531306,0,0
0,2016,2.814,0.3,0.06,0.3,0.42,3.52,28.25,0.36,-0.09,12.39,0.09,0.199227,-0.25,-0.09,-0.04,-0.1,9.95,0.87,2.4,-0.09,-0.04,-1249484,1,1,0,0,1,0,0,0,0,3.608,0.77,0.06,0.3,0.5,2.17,19.76,0.33,-0.05,3.94,0.12,0.223341,-0.14,-0.05,0,-0.07,9.88,0.77,2.01,-0.05,0,-742584,1,1,0,3.648,0.8,0.06,0.3,0.7,1.87,27.01,0.34,-0.05,22.65,0.12,0.239626,-0.08,-0.08,0,-0.11,9.98,0.74,1.42,-0.08,0,-1257085,1,1,-0.220066519,-0.61038961,-0.16,0.622119816,1.026785714,0.42965587,0.090909091,0.8,2.144670051,-0.25,-0.107969428,0.785714286,0.8,-4,0.428571429,0.00708502,0.12987013,0.194029851,0.8,-4,0.682616377,0,0
0,2015,5.799,1.78,0.09,0.48,0.6,6.06,32.13,0.49,0.04,0.01,0.26,1.913499,-0.15,0.12,0.14,0.13,10.64,0.91,1.66,0.12,0.15,3535226,1,0,0,0,1,0,0,1,0,6.609,-0.42,0.09,0.48,0.46,-17.79,33.06,0.5,0.03,0.01,0.29,2.268482,-0.25,0.11,0.13,0.11,10.61,1.03,2.18,0.11,0.12,3157160,1,0,1,1.496,1.32,0.09,0.48,0.37,-4.08,29.22,0.53,-0.03,0.01,0.21,2.823024,-0.32,-0.01,0.03,-0.01,10.5,1.16,2.69,0.01,0.03,-231804,1,0,-0.122560145,-5.238095238,0.304347826,-1.340640809,-1.31843927,-0.028130672,-0.02,0.333333333,0,-0.103448276,-0.156484821,-0.4,0.090909091,0.076923077,0.181818182,0.002827521,-0.116504854,-0.23853211,0.090909091,0.25,0.119748762,0,0
0,2010,4.518,1.17,0.06,0.31,2.41,-0.75,41.35,0.22,0.25,0.03,0.65,7.230928,0.21,0.45,0.67,3201271000,11.54,-2.43,0.41,0.61,4784403500,32012710,0,0,0,0,1,0,1,0,0,4.551,1.15,0.06,0.31,2.59,-0.71,47.08,0.24,0.2,0.05,0.65,6.902754,0.22,0.28,0.51,2077054600,11.57,-1.91,0.39,0.46,3749743600,20770546,0,0,0,4.548,1.17,0.06,0.31,2.46,-0.7,51.72,0.23,0.2,0.03,0.62,6.686583,0.24,0.33,0.54,2252800900,11.5,-1.82,0.41,0.49,3689551400,22528009,0,0,-0.007251154,0.017391304,-0.069498069,0.056338028,0.075757576,-0.121707732,-0.083333333,0.25,-0.4,0,0.047542474,-0.045454545,0.607142857,0.31372549,0.541255102,-0.002592913,0.272251309,0.051282051,0.326086957,0.275928173,0.541255102,1,1
0,2018,0.114,0.75,0.28,0.28,2.27,0.86,38.85,0.51,-0.09,1.66,0.41,4.482022,0.11,-0.43,-0.04,-0.85,11.01,0.51,0.44,-0.09,-0.08,-18340207,0,1,0,0,1,0,0,0,0,6.353,1.02,0.28,0.28,6.34,0.45,124.56,0.45,0.01,0.22,0.27,4.922987,0.33,0.07,0.07,0.2,11.37,0.35,0.16,0.04,0.21,4218341,0,0,0,2.507,0.99,0.28,0.28,3.82,0.46,79.84,0.44,-0.01,0.5,0.29,5.192811,0.21,0.05,0.06,0.15,11.28,0.37,0.26,0.03,0.17,2926367,0,0,-0.982055722,-0.264705882,-0.641955836,0.911111111,0.925925926,-0.688102119,0.133333333,-10,6.545454545,0.518518519,-0.089572652,-0.666666667,-7.142857143,-1.571428571,-5.25,-0.031662269,0.457142857,1.75,-3.25,-1.380952381,-5.34772983,0,0
0,2015,5.796,1.08,0.05,0.37,2.48,0.74,44.62,0.4,0.06,0.14,0.43,5.678392,0.08,0.05,0.08,0.11,12.03,0.46,0.4,0.05,0.17,5922128,0,0,0,0,1,0,0,1,0,7.202,1.04,0.05,0.37,2.3,0.94,46.88,0.4,0.03,0.09,0.45,5.400562,0.08,0.03,0.05,0.05,12.04,0.51,0.43,0.02,0.1,3156790,0,0,1,4.604,1.03,0.05,0.37,2.56,1.11,63.8,0.41,0.02,0.2,0.5,5.521885,0.1,0.03,0.04,0.05,12.07,0.56,0.39,0.02,0.08,3317990,0,0,-0.195223549,0.038461538,0.07826087,-0.212765957,-0.20754717,-0.048208191,0,1,0.555555556,-0.044444444,0.051444646,0,0.666666667,0.6,1.2,-0.000830565,-0.098039216,-0.069767442,1.5,0.7,0.87599682,0,0
0,2021,1.49,0.72,0.19,0.28,2.19,0.77,44.53,0.49,-0.17,87.82,0.41,4.922984,0.23,0.29,-0.08,0.54,11.84,0.54,0.46,0.05,-0.15,27982773,1,0,0,1,0,0,0,0,1,2.277,0.37,0.19,0.28,1.73,2.44,44.69,0.47,-0.15,139.87,0.49,4.87897,0.22,0.05,-0.07,0.06,11.64,0.8,0.58,0.05,-0.08,3986040,1,0,1,2.847,0.47,0.19,0.28,2.26,3.42,40.47,0.45,-0.1,70.22,0.45,5.127371,0.21,-0.07,-0.02,-0.09,11.43,0.81,0.44,-0.07,-0.02,-4566977,1,1,-0.345630215,0.945945946,0.265895954,-0.68442623,-0.697201018,-0.003580219,0.042553191,0.133333333,-0.372131265,-0.163265306,0.009021166,0.045454545,4.8,0.142857143,8,0.017182131,-0.325,-0.206896552,0,0.875,6.020193726,0,0
0,2010,7.824,1.09,0.03,0.18,4.8,0.33,45.3,0.34,0.07,12.86,0.56,14.498949,0.19,0.08,0.16,0.26,13.48,0.29,0.21,0.08,0.55,37355473,0,0,0,0,0,0,1,0,0,1.328,0.96,0.03,0.18,2.76,0.39,46.08,0.35,-0.03,17.06,0.62,15.364957,0.15,0.07,0.08,0.21,13.45,0.34,0.36,-0.01,0.22,35497757,0,1,0,5.18,1.02,0.03,0.18,3.22,0.46,49.56,0.33,0.01,26.18,0.64,15.723299,0.21,-0.05,0.13,-0.12,13.39,0.38,0.31,0.02,0.34,-21493269,0,0,4.891566265,0.135416667,0.739130435,-0.153846154,-0.230769231,-0.016927083,-0.028571429,-3.333333333,-0.246189918,-0.096774194,-0.05636254,0.266666667,0.142857143,1,0.238095238,0.002230483,-0.147058824,-0.416666667,-9,1.5,0.052333335,0,0
0,2020,4.487,2.32,0.02,0.29,0.78,0.27,54.44,0.18,0.34,73.65,0.27,1.191723,-0.12,-0.01,0.53,-0.01,12.06,0.64,1.28,0.56,0.82,-749898,1,0,0,0,1,0,0,0,0,4.464,2.55,0.02,0.29,3.42,0.06,46.98,0.17,0.38,47.84,0.35,1.426478,0.51,0.08,1.21,0.32,11.35,0.25,0.29,1.21,4.78,4749075,0,0,0,4.473,2.54,0.02,0.29,3.03,0.07,49.74,0.17,0.36,40.86,0.37,1.437119,0.47,0.04,1.17,0.14,11.27,0.28,0.33,1.14,4.17,2199448,0,0,0.00515233,-0.090196078,-0.771929825,3.5,4.176470588,0.158790975,0.058823529,-0.105263158,0.539506689,-0.228571429,-0.16456966,-1.235294118,-1.125,-0.561983471,-1.03125,0.062555066,1.56,3.413793103,-0.537190083,-0.828451883,-1.157904013,0,0
0,2018,4.462,2.16,0.06,0.3,3.15,0.27,48.58,0.17,0.41,12.21,0.23,1.073015,0.26,0.02,0.85,0.08,11.13,0.31,0.32,0.81,2.76,1125692,0,0,0,0,1,0,0,0,0,4.478,2.01,0.06,0.3,2.97,0.28,53.52,0.18,0.38,23.7,0.19,0.891359,0.27,0.29,0.75,0.87,11.12,0.33,0.34,0.68,2.29,13431123,0,0,0,4.478,2.97,0.06,0.3,2.92,0.52,50.76,0.16,0.43,26.43,0.2,0.890764,0.36,-0.02,1.15,-0.05,10.8,0.46,0.34,1.05,2.47,-738442,0,0,-0.003573024,0.074626866,0.060606061,-0.035714286,-0.083333333,-0.092301943,-0.055555556,0.078947368,-0.484810127,0.210526316,0.203796675,-0.037037037,-0.931034483,0.133333333,-0.908045977,0.000899281,-0.060606061,-0.058823529,0.191176471,0.205240175,-0.916187798,0,0
0,2011,6.577,1.09,0.06,0.21,1.62,0.95,42.56,0.4,0.05,7.64,0.47,3.824764,0.05,-0.04,0.07,-0.08,12.08,0.53,0.62,0.07,0.14,-5212444,0,0,0,0,0,0,0,0,1,5.79,1.14,0.06,0.21,1.71,0.95,50.62,0.39,0.08,11.33,0.52,4.152689,0.06,0,0.09,0,12.17,0.53,0.59,0.09,0.17,186620,0,0,1,5.786,1.14,0.06,0.21,1.2,1.25,37.43,0.45,0.06,14.94,0.56,5.374376,0.02,0.17,0.08,0.28,12.34,0.61,0.83,0.08,0.13,26769395,0,0,0.135924007,-0.043859649,-0.052631579,0,0,-0.159225603,0.025641026,-0.375,-0.325684025,-0.096153846,-0.078966906,-0.166666667,-4,-0.222222222,-8,-0.007395234,0,0.050847458,-0.222222222,-0.176470588,-28.93078984,0,0
0,2021,8.537,1.02,0.06,0.32,2.6,0.36,43.18,0.57,0.01,124.79,0.26,3.283731,0.24,0.11,0.05,0.31,12.12,0.37,0.38,0.11,0.14,14704787,0,0,0,1,0,0,0,0,1,1.448,0.91,0.06,0.32,2.12,0.49,45.32,0.63,-0.06,104.35,0.3,3.048702,0.19,0.09,-0.01,0.2,12.04,0.44,0.47,0.09,-0.03,10562356,0,0,1,8.436,1.01,0.06,0.32,1.8,0.6,34.69,0.64,0,34.65,0.36,3.02279,0.11,0.02,0.04,0.03,11.88,0.46,0.55,0.07,0.1,1536601,0,0,4.895718232,0.120879121,0.226415094,-0.265306122,-0.25,-0.047219771,-0.095238095,-1.166666667,0.195879253,-0.133333333,0.077091497,0.263157895,0.222222222,-6,0.55,0.006644518,-0.159090909,-0.191489362,0.222222222,-5.666666667,0.392188163,0,0
0,2020,5.7,-2.14,0.06,0.3,2.15,-288.94,66.14,0.33,0.02,45.56,0.17,0.523865,0.11,0.01,0.09,0.01,11,1,0.47,0.02,0.09,296532,0,0,0,0,1,0,0,0,0,5.865,-4.75,0.06,0.3,1.33,-24.54,46.19,0.29,0.09,15.21,0.19,0.529961,0.1,-0.05,0.38,-0.05,9.93,1.03,0.75,0.17,0.37,-682550,0,0,0,6.658,9.98,0.06,0.3,1.56,46.5,57.64,0.28,0.08,21.3,0.2,0.509009,0.15,0.03,0.31,0.03,10.07,0.98,0.64,0.13,0.32,437041,0,0,-0.028132992,-0.549473684,0.616541353,10.77424613,8.288259346,0.431911669,0.137931034,-0.777777778,1.995397765,-0.105263158,-0.011502733,0.1,-1.2,-0.763157895,-1.2,0.10775428,-0.029126214,-0.373333333,-0.882352941,-0.756756757,-1.434447293,0,0
0,2010,4.518,1.08,0.04,0.6,3.85,0.17,39.6,0.33,0.09,148.68,0.45,2.948323,0.27,0.07,0.14,0.3,11.79,0.23,0.26,0.07,0.6,6190724,0,0,1,0,0,0,0,1,0,4.517,1.08,0.04,0.6,3.56,0.22,39.52,0.35,0.09,127.45,0.44,2.945914,0.23,0.04,0.14,0.15,11.72,0.25,0.28,0.03,0.56,3257645,0,0,1,7.195,1.02,0.04,0.6,3.27,0.25,38.14,0.38,0.02,120.44,0.45,2.875601,0.21,0.03,0.08,0.1,11.7,0.27,0.31,0.03,0.29,2261042,0,0,0.000221386,0,0.081460674,-0.227272727,-0.117647059,0.002024291,-0.057142857,0,0.166575128,0.022727273,0.000817743,0.173913043,0.75,0,1,0.005972696,-0.08,-0.071428571,1.333333333,0.071428571,0.900367904,0,0
0,2021,3.296,0.93,0.06,0.3,1.59,0.59,47.17,0.36,-0.03,27.76,0.65,11.769651,0.12,0.04,0.02,0.07,13.68,0.5,0.63,0.02,0.04,22169453,0,0,0,0,0,0,0,1,0,2.883,0.93,0.06,0.3,1.06,0.47,40.65,0.36,-0.04,41.88,0.63,11.399879,0.02,0.01,0.02,0.02,13.63,0.51,0.94,0.02,0.03,7099759,0,0,1,4.596,1.1,0.06,0.3,1.3,0.47,53.23,0.37,0.05,0.58,0.67,11.938572,0.04,-0.01,0.13,-0.02,13.44,0.42,0.77,0.09,0.3,-3701005,0,0,0.143253555,0,0.5,0.255319149,-0.038834951,0.160393604,0,-0.25,-0.337153773,0.031746032,0.032436485,5,3,0,2.5,0.003668379,-0.019607843,-0.329787234,0,0.333333333,2.12256416,0,0
0,2013,0.054,-2.49,0.04,0.31,0.45,0.32,31.1,0.79,-0.83,32.74,0.11,0.752903,-0.4,0.53,-0.85,0.72,9,0.73,2.21,-0.55,-1.16,2965878,0,1,0,1,0,0,0,0,0,0.08,2.54,0.04,0.31,0.43,0.32,38.69,0.65,-0.31,2.14,0.17,0.849056,-1.31,-1.18,-1.98,-0.52,7.38,2.29,2.33,-1.37,-0.86,-1326434,0,1,0,1.48,11.41,0.04,0.31,0.91,0.32,43.02,0.61,-0.13,1.86,0.31,1.03187,-0.09,-0.18,-0.78,-0.17,7.75,1.08,1.1,-0.15,-0.73,-287474,0,1,-0.325,-1.980314961,0.046511628,0,-2.536723164,-0.196174722,0.215384615,1.677419355,14.29906542,-0.352941176,-0.113246947,-0.694656489,-1.449152542,-0.570707071,-2.384615385,0.219512195,-0.681222707,-0.051502146,-0.598540146,0.348837209,-3.235978571,0,0
0,2011,5.872,1.27,0.07,0.26,0.2,0.01,49.48,0.36,0.06,-3.08,0.38,2.123859,-0.63,0.25,0.14,0.32,10.93,0.79,4.92,0.07,0.17,9646918,1,0,0,0,1,0,0,1,0,7.187,0.15,0.07,0.26,0.13,-0.21,44.62,0.36,0.03,-3.74,0.4,2.106799,-0.89,-0.12,0.11,-0.11,10.96,1.04,7.54,0.05,0.1,-4726425,1,0,1,5.866,1.68,0.07,0.26,1.81,11.33,48.11,0.35,0.06,1.77,0.4,2.066483,0.07,0.21,0.12,0.23,11.06,0.93,0.55,0.06,0.13,9429130,0,0,-0.18296925,7.466666667,0.538461538,-1.047619048,-1.129032258,0.108919767,0,1,-0.176470588,-0.05,0.008097593,-0.292134831,-3.083333333,0.272727273,-3.909090909,-0.002737226,-0.240384615,-0.347480106,0.4,0.7,-3.041060209,0,0
0,2015,4.545,1.11,0.06,0.3,1.04,0.02,36.01,0.4,0.07,-2.01,0.71,17.665763,0.03,0.06,0.05,0.07,13.75,0.74,0.96,0.06,0.07,35811909,0,0,0,0,0,0,0,0,0,5.864,1.07,0.06,0.3,0.97,0.02,36.84,0.41,0.04,-2.9,0.68,16.533401,-0.03,0.04,0.03,0.04,13.94,0.83,1.03,0.04,0.04,29451039,1,0,0,4.578,1.16,0.06,0.3,0.92,0.2,39.26,0.39,0.06,-3.69,0.66,16.97334,-0.06,0.04,0.06,0.05,13.68,0.83,1.09,0.04,0.07,26232892,1,0,-0.224931787,0.037383178,0.072164948,0,-0.422131148,-0.022529859,-0.024390244,0.75,-0.306896552,0.044117647,0.068489357,-2,0.5,0.666666667,0.75,-0.013629842,-0.108433735,-0.067961165,0.5,0.75,0.215981175,0,0
0,2008,4.489,1.14,0.03,0.43,1.58,0.36,41.18,0.35,0.12,25.9,0.63,4.218421,0.07,0.11,0.13,0.32,12.29,0.35,0.63,-0.03,0.36,17053323,0,1,0,0,1,0,0,1,0,4.5,1.15,0.03,0.43,3.23,0.46,42.58,0.35,0.11,47.06,0.69,4.688446,0.16,0.07,0.13,0.2,12.11,0.36,0.31,0.06,0.36,9288254,0,0,1,6.637,1.04,0.03,0.43,2.9,0.52,44.06,0.35,0.03,52.97,0.59,4.082928,0.16,0,0.06,0,12.05,0.4,0.34,0.05,0.16,0,0,0,-0.002444444,-0.008695652,-0.510835913,-0.217391304,-0.052631579,-0.032879286,0,0.090909091,-0.449638759,-0.086956522,-0.100251768,-0.5625,0.571428571,0,0.6,0.014863749,-0.027777778,1.032258065,-1.5,0,0.836009545,0,0
0,2013,4.589,1.06,0.19,0.29,6.07,0.39,48.51,0.56,0.07,205.42,0.7,11.710411,0.32,0.27,0.08,0.84,13.41,0.33,0.16,0.05,0.24,126902495,0,0,0,0,0,0,0,0,0,5.846,1.1,0.19,0.29,4.99,0.88,42.45,0.56,0.07,164.11,0.71,11.593036,0.32,0.09,0.1,0.17,13.22,0.51,0.2,0.07,0.2,33870023,0,0,0,5.854,1.13,0.19,0.29,4.14,1.06,43.45,0.53,0.07,144.09,0.71,11.149195,0.3,0.02,0.11,0.03,13.13,0.56,0.24,0.07,0.2,5979307,0,0,-0.215018816,-0.036363636,0.216432866,-0.556818182,-0.538461538,0.142756184,0,0,0.251721406,-0.014084507,0.010124613,0,2,-0.2,3.941176471,0.014372163,-0.352941176,-0.2,-0.285714286,0.2,2.746749596,0,0
0,2014,4.83,1.02,0.27,0.31,0.99,0.5,39.49,0.44,0.02,49.87,0.45,13.308048,0,0.04,0.06,0.09,13.74,0.43,1.01,0.05,0.14,25016668,0,0,0,0,0,0,1,0,0,3.589,0.96,0.27,0.31,0.78,0.31,37.25,0.48,-0.05,22.75,0.45,12.844874,-0.03,0.08,0.02,0.22,13.55,0.36,1.28,0.02,0.07,41948627,0,0,0,3.883,0.96,0.27,0.31,0.71,0.36,53.9,0.52,-0.05,39.57,0.48,13.216842,-0.07,0.04,0.02,0.1,13.55,0.44,1.41,0.04,0.04,22890191,0,0,0.345778768,0.0625,0.269230769,0.612903226,0.363636364,0.060134228,-0.083333333,-1.4,1.192087912,0,0.036059054,-1,-0.5,2,-0.590909091,0.01402214,0.194444444,-0.2109375,1.5,1,-0.403635595,0,0
0,2011,1.674,0.93,0.03,0.29,1.38,4.29,36.57,0.36,-0.01,-1.55,0.53,3.529448,0.05,0.08,0.08,0.09,11.27,0.84,0.72,0.08,0.09,4246008,0,0,0,0,0,0,0,0,0,1.158,0.57,0.03,0.29,1.7,8.65,48.51,0.31,-0.03,60.31,0.63,3.267005,0.07,0.01,0.05,0.01,11.19,0.91,0.59,0,0.06,558697,0,0,0,0.701,0.8,0.03,0.29,1.87,10.66,36.59,0.31,-0.01,-1.77,0.57,3.033233,0.07,0.01,0.06,0.01,11.25,0.92,0.53,0.01,0.07,658967,0,0,0.445595855,0.631578947,-0.188235294,-0.504046243,-0.47253886,-0.246134818,0.161290323,-0.666666667,-1.025700547,-0.158730159,0.080331374,-0.285714286,7,0.6,8,0.00714924,-0.076923077,0.220338983,8,0.5,6.599840343,0,0
0,2009,5.853,1.12,0.17,0.18,10.35,0.36,42.84,0.3,0.11,0.02,0.69,35.483847,0.49,0.12,0.14,0.38,14.11,0.3,0.1,0.11,0.45,108206315,0,0,0,0,0,0,0,1,0,6.656,1.11,0.17,0.18,1.16,0.43,43.48,0.31,0.09,0.08,0.7,34.440325,0.02,-0.01,0.13,-0.02,14.03,0.36,0.86,0.03,0.35,-7194748,0,0,1,7.135,1.09,0.17,0.18,8.55,0.37,49.48,0.32,0.08,0.08,0.67,33.884744,0.62,0.07,0.12,0.22,13.98,0.33,0.12,0.07,0.36,60459366,0,0,-0.120643029,0.009009009,7.922413793,-0.162790698,-0.245614035,-0.014719411,-0.032258065,0.222222222,-0.75,-0.014285714,0.030299424,23.5,-13,0.076923077,-20,0.005702067,-0.166666667,-0.88372093,2.666666667,0.285714286,-16.03962543,0,0
0,2013,1.543,0.07,0.33,0.14,5.86,2.99,164.09,0.53,-0.42,3.93,0.47,9.691698,0.6,0.03,-0.19,0.03,13.69,0.78,0.17,0.03,-0.25,15636238,0,0,1,0,0,0,1,0,0,1.52,-0.02,0.33,0.14,3.07,0.61,101.21,0.52,-0.44,6.86,0.47,9.680312,0.32,0.09,-0.51,0.18,12.69,0.47,0.33,0.09,-1.07,19699862,0,0,0,0.116,-1.08,0.33,0.14,2.39,0.74,157.93,0.84,-1.3,21.19,0.47,7.967807,0.27,0.2,-0.95,0.38,12.64,0.54,0.42,-0.35,-1.78,43711961,0,1,0.015131579,-4.5,0.908794788,3.901639344,2.955555556,0.621282482,0.019230769,-0.045454545,-0.427113703,0,0.001176202,0.875,-0.666666667,-0.62745098,-0.833333333,0.078802206,0.659574468,-0.484848485,-0.666666667,-0.76635514,-0.206276775,0,0
0,2013,0.139,2.01,0.14,0.44,0.39,-1.53,18.85,0.54,-0.23,21.64,0.3,2.230323,-0.47,-0.22,-0.31,-0.15,9.66,1.44,2.59,-0.24,-0.21,-2383848,0,1,0,0,0,0,0,1,0,0.038,3.44,0.14,0.44,1.79,-4.83,30.73,0.55,-0.22,20.64,0.35,2.630417,0.18,-0.25,-0.37,-0.21,9.72,1.2,0.56,-0.47,-0.31,-2956888,0,1,1,5.843,2.71,0.14,0.44,3.44,19.2,40.59,0.46,0.04,16.51,0.38,2.518608,0.29,0.11,0.18,0.12,9.9,0.96,0.29,0.09,0.18,1560000,0,0,2.657894737,-0.415697674,-0.782122905,-0.683229814,-0.445193929,-0.386592906,-0.018181818,0.045454545,0.048449612,-0.142857143,-0.15210288,-3.611111111,-0.12,-0.162162162,-0.285714286,-0.00617284,0.2,3.625,-0.489361702,-0.322580645,-0.193798345,0,0
0,2015,0.157,1.42,0.14,0.23,0.34,-2.59,22.67,0.41,-0.17,26.39,0.23,1.655636,-0.17,-0.07,-0.17,-0.05,10.56,1.47,2.96,-0.11,-0.12,-1789367,1,1,0,0,0,0,0,0,0,0.056,2.13,0.14,0.23,0.23,-2.94,19.29,0.68,-0.42,24.15,0.28,1.824846,-0.18,-0.03,-0.42,-0.02,10.57,1.4,4.32,-0.29,-0.3,-855532,1,1,0,1.489,1.67,0.14,0.23,0.55,-2.77,29,0.71,-0.22,28.62,0.3,1.925479,-0.17,-0.04,-0.17,-0.03,10.6,1.35,1.82,-0.14,-0.13,-1111527,1,1,1.803571429,-0.333333333,0.47826087,-0.119047619,-0.107648725,0.175220321,-0.397058824,-0.595238095,0.092753623,-0.178571429,-0.092725633,-0.055555556,1.333333333,-0.595238095,1.5,-0.000946074,0.05,-0.314814815,-0.620689655,-0.6,1.091525507,0,0
0,2016,3.667,1.2,0.35,0.25,0.74,-0.08,57.35,0.5,-0.02,2.63,0.78,5.077198,-0.31,0.01,-0.01,0.01,10.86,1.22,1.35,0.02,-0.01,540685,0,0,0,0,1,0,0,0,1,1.057,1.73,0.35,0.25,0.94,-1.32,66.24,0.5,-0.08,-4.21,0.78,5.122342,-0.06,-0.11,-0.16,-0.09,10.83,1.24,1.07,-0.28,-0.13,-3894758,0,1,1,2.959,1.39,0.35,0.25,1.22,-3.4,63.69,0.47,-0.02,2.58,0.81,5.661941,0.16,-1.18,-0.04,-1.07,11,1.11,0.82,-0.1,-0.04,-49561725,0,1,2.469252602,-0.306358382,-0.212765957,-0.939393939,0.077669903,-0.134208937,0,-0.75,-1.624703088,0,-0.008813156,4.166666667,-1.090909091,-0.9375,-1.111111111,0.002770083,-0.016129032,0.261682243,-1.071428571,-0.923076923,-1.138823773,0,0
0,2020,1.498,2.62,0.03,0.27,0.35,-0.08,24.91,0.35,-0.15,0.16,0.41,5.152509,-0.84,-0.29,-0.09,-0.22,11.03,1.33,2.84,-0.29,-0.07,-12321128,1,1,0,0,0,0,0,1,0,0.161,17.67,0.03,0.27,0.43,0.32,36.81,0.38,-0.23,0.02,0.58,6.101985,-0.6,0.03,-0.35,0.03,10.88,1.05,2.33,-0.54,-0.33,1218214,1,1,1,0.125,12.47,0.03,0.27,0.4,0.32,29.8,0.47,-0.3,0.02,0.27,5.917486,-0.66,-0.17,-0.96,-0.15,10.86,1.09,2.53,-0.83,-0.88,-6065193,1,1,8.304347826,-0.851726089,-0.186046512,-1.25,-0.805219913,-0.323281717,-0.078947368,-0.347826087,7,-0.293103448,-0.155601169,0.4,-10.66666667,-0.742857143,-8.333333333,0.013786765,0.266666667,0.21888412,-0.462962963,-0.787878788,-11.11409161,0,0
0,2016,6.169,1.02,0.07,0.3,2.78,0.09,52.69,0.36,0.01,118.45,0.21,2.915913,0.31,0.05,0.06,0.23,11.88,0.24,0.36,0.05,0.26,5521575,0,0,0,0,0,0,0,0,0,8.542,1.01,0.07,0.3,2.57,0.13,43.02,0.37,0.01,97.62,0.23,3.214157,0.24,0.06,0.08,0.23,11.82,0.25,0.39,0.06,0.3,5499903,0,0,0,7.164,1.05,0.07,0.3,3.22,0.16,55.71,0.36,0.03,65.15,0.22,2.948074,0.33,0,0.1,-0.01,11.76,0.27,0.31,-0.09,0.38,-286540,0,1,-0.277803793,0.00990099,0.081712062,-0.307692308,-0.058823529,0.224779172,-0.027027027,0,0.213378406,-0.086956522,-0.092790738,0.291666667,-0.166666667,-0.25,0,0.005076142,-0.04,-0.076923077,-0.166666667,-0.133333333,0.003940433,0,0
0,2017,0.128,3.54,0.07,0.44,0.76,-12.36,27.59,0.64,-0.25,10.87,0.47,6.467662,-0.05,-0.13,-0.11,-0.13,12.67,1.07,1.32,-0.14,-0.1,-29598914,1,1,1,0,0,0,1,0,0,0.172,-1.18,0.07,0.44,1.16,13.84,30.38,0.62,-0.18,20.91,0.48,6.511306,0.03,-0.09,-0.05,-0.09,12.79,0.94,0.87,-0.09,-0.05,-21374961,0,1,0,2.868,0.65,0.07,0.44,1.59,5.46,35.05,0.58,-0.07,25.09,0.5,6.156448,0.08,0,0.01,0,12.84,0.86,0.63,0,0.01,-395306,0,1,-0.255813953,-4,-0.344827586,-1.893063584,-1.906754334,-0.091836735,0.032258065,0.388888889,-0.480153037,-0.020833333,-0.006702803,-2.666666667,0.444444444,1.2,0.444444444,-0.00938233,0.138297872,0.517241379,0.555555556,1,0.384747041,0,0
0,2015,8.466,1.02,0.08,0.35,4.24,1.27,52.87,0.42,0.02,184.73,0.43,15.732851,0.3,0.01,0.08,0.02,14.25,0.6,0.24,0.02,0.14,15593206,0,0,0,0,0,0,0,0,0,0.199,0.94,0.08,0.35,4.25,1.3,49.07,0.46,-0.07,190.56,0.4,14.486623,0.26,0.02,0.06,0.03,14.22,0.6,0.24,-0.02,0.09,17541000,0,1,0,2.868,0.97,0.08,0.35,3.65,1.39,49.25,0.47,-0.03,245.77,0.44,14.679448,0.26,0.03,0.05,0.04,14.23,0.62,0.27,0,0.08,26407000,0,1,41.54271357,0.085106383,-0.002352941,-0.023076923,0,0.077440391,-0.086956522,-1.285714286,-0.030594039,0.075,0.086026122,0.153846154,-0.5,0.333333333,-0.333333333,0.002109705,0,0,-2,0.555555556,-0.111042358,0,0
0,2016,4.568,1.26,0.2,0.18,0.5,0.02,2.48,0.47,0.07,0.33,0.83,27.083907,-0.11,0.13,0.29,0.53,12.6,0.25,2,0.21,1.17,26819384,1,0,0,0,1,1,0,0,0,4.474,1.32,0.2,0.18,0.44,0.24,-0.24,0.46,0.07,0.11,0.76,24.546751,-0.12,-0.39,0.29,-1.06,12.59,0.37,2.27,0.22,0.78,-80017359,1,0,0,7.129,1.15,0.2,0.18,0.53,-0.5,4.27,0.47,0.06,-3.86,0.68,21.640598,-0.13,0.2,0.31,2814802900,12.24,-0.45,1.88,0.24,4472536700,28148029,1,0,0.021010282,-0.045454545,0.136363636,-0.916666667,-0.440677966,-11.33333333,0.02173913,0,2,0.092105263,0.103360155,-0.083333333,-1.333333333,0,-1.5,0.000794281,-0.324324324,-0.118942731,-0.045454545,0.5,-1.335169572,0,1
0,2020,4.498,1.09,0.08,0.25,-0.09,0.15,79.57,0.15,0.24,-1.28,0.25,0.903471,7.12,0.6,0.7,3094971000,11.22,-5.56,-11.69,0.6,3628081000,30949710,0,0,0,0,1,0,0,0,0,4.487,1.1,0.08,0.25,-0.08,0.16,77.15,0.15,0.25,-6.78,0.35,1.080668,6.86,0.61,0.71,2997753300,11.16,-5.32,-12.15,0.61,3477683200,29977533,0,0,0,4.49,1.09,0.08,0.25,-0.08,0.14,69.69,0.15,0.23,-1.26,0.38,1.148693,9.36,0.73,0.69,2389459700,10.76,-7.5,-13.33,0.73,2260031100,23894597,0,0,0.002451527,-0.009090909,0.125,-0.0625,0.011904762,0.031367466,0,-0.04,-0.81120944,-0.285714286,-0.163969878,0.037900875,-0.016393443,-0.014084507,0.032430187,0.005376344,0.045112782,-0.037860082,-0.016393443,0.04324655,0.032430187,1,1
0,2017,0.167,1.6,0.02,0.26,0.68,-4.37,43.06,0.56,-0.07,1.82,0.14,2.401223,-0.12,-0.47,-0.02,-0.4,11.04,1.18,1.47,-0.11,-0.02,-20349967,1,1,0,0,0,0,0,1,0,0.104,0.17,0.02,0.26,0.37,1.58,25.58,0.63,-0.18,-8.9,0.15,2.692708,-0.23,0,-0.15,0,11.2,0.76,2.68,-0.09,-0.2,-7601,1,1,1,1.482,0.24,0.02,0.26,1.15,2.08,57.7,0.62,-0.16,-6.55,0.16,2.67045,0.04,-0.15,-0.13,-0.2,11.2,0.75,0.87,-0.01,-0.17,-7696013,0,1,0.605769231,8.411764706,0.837837838,-3.765822785,-3.100323625,0.683346364,-0.111111111,-0.611111111,-1.204494382,-0.066666667,-0.108249762,-0.47826087,-47,-0.866666667,-40,-0.014285714,0.552631579,-0.451492537,0.222222222,-0.9,2676.274964,0,0
0,2008,0.077,0.5,0.02,0.02,1.02,0.32,37.4,0.49,-0.13,36.14,0.98,0.628019,0.01,-0.02,-0.21,-0.05,10,0.46,0.98,-0.03,-0.46,-383384,0,1,0,0,0,0,0,0,0,0.144,0.71,0.02,0.02,1.09,0.32,42.57,0.47,-0.08,28.92,0.85,0.908087,0.04,-0.04,-0.11,-0.09,9.95,0.41,0.92,0.02,-0.28,-556869,0,0,0,1.495,0.84,0.02,0.02,1.13,0.01,49.41,0.48,-0.06,58.49,0.84,0.712048,0.06,0,-0.04,0,10.08,0.45,0.88,-0.06,-0.09,0,0,1,-0.465277778,-0.295774648,-0.064220183,0,0.260869565,-0.121447028,0.042553191,0.625,0.249654219,0.152941176,-0.308415383,-0.75,-0.5,0.909090909,-0.444444444,0.005025126,0.12195122,0.065217391,-2.5,0.642857143,-0.311536465,0,0
0,2013,5.98,1.02,0.12,0.33,4.04,0.77,41.13,0.46,0.01,100.23,0.6,5.231568,0.31,0.04,0.09,0.08,11.92,0.49,0.25,0.07,0.19,4229593,0,0,0,0,0,0,0,0,0,7.54,1.07,0.12,0.33,3.75,0.88,46.16,0.47,0.03,77.93,0.58,5.189834,0.27,0.05,0.12,0.09,11.89,0.52,0.27,0.07,0.23,4644077,0,0,0,7.891,1.05,0.12,0.33,3.16,1.03,46.27,0.49,0.02,58.81,0.55,5.038621,0.22,0.03,0.11,0.05,11.88,0.56,0.32,0.06,0.21,2642961,0,0,-0.206896552,-0.046728972,0.077333333,-0.125,-0.101851852,-0.108968804,-0.021276596,-0.666666667,0.286154241,0.034482759,0.00804149,0.148148148,-0.2,-0.25,-0.111111111,0.002523129,-0.057692308,-0.074074074,0,-0.173913043,-0.089250028,0,0
0,2010,2.349,1.26,0.12,0.23,1.26,-2.38,64.57,0.41,-0.18,-10.32,0.62,4.839513,0.04,-0.16,0.01,-0.1,12.25,1.62,0.8,-0.16,0,-23212576,0,1,0,0,0,0,0,0,0,2.878,1.28,0.12,0.23,1.51,-3.03,60.97,0.35,-0.13,-12.8,0.61,4.791724,0.06,-0.12,0.02,-0.08,12.31,1.44,0.66,-0.12,0.02,-18700310,0,1,0,2.328,1.42,0.12,0.23,1.41,-3.97,63.41,0.34,-0.17,-6.71,0.52,3.717293,0.04,0,-0.01,0,12.36,1.3,0.71,-0.12,0,0,0,1,-0.1838082,-0.015625,-0.165562914,-0.214521452,-0.204268293,0.059045432,0.171428571,0.384615385,-0.19375,0.016393443,0.009973237,-0.333333333,0.333333333,-0.5,0.25,-0.004874086,0.125,0.212121212,0.333333333,-1,0.241293647,0,0
0,2020,6.623,1.07,0.08,0.49,1.59,-0.05,51.48,0.31,0.06,55.9,0.31,1.855872,0.13,0.01,0.14,0.09,11.31,0.17,0.63,0.17,0.8,837429,0,0,0,0,0,0,0,1,0,5.796,1.12,0.08,0.49,2.38,-0.04,50.39,0.28,0.09,7.36,0.29,2.01651,0.14,0.11,0.19,1.74,11.17,0.06,0.42,0.11,2.94,5568893,0,0,1,4.572,1.14,0.08,0.49,1.97,-0.09,45.24,0.35,0.1,0,0.29,1.830654,0.11,-0.03,0.25,-1.52,11,0.02,0.51,0.15,13,-1231432,0,0,0.14268461,-0.044642857,-0.331932773,0.25,2,0.021631276,0.107142857,-0.333333333,6.595108696,0.068965517,-0.079661395,-0.071428571,-0.909090909,-0.263157895,-0.948275862,0.012533572,1.833333333,0.5,0.545454545,-0.727891156,-0.849623794,0,0
0,2018,5.867,1.3,0.12,0.2,0.14,0,42.21,0.41,0.13,0,0.58,10.261235,-0.59,0.09,0.17,0.13,13.3,0.69,7.09,0.09,0.25,37920488,0,0,0,0,0,0,0,1,0,7.187,1.25,0.12,0.2,0.14,0.01,47.61,0.4,0.08,0,0.55,9.522635,-0.66,0.05,0.14,0.07,13.25,0.77,7.09,0.05,0.18,21734969,0,0,1,7.151,1.33,0.12,0.2,0.16,0,54.08,0.4,0.08,0,0.53,10.0741,-0.68,0.07,0.15,0.09,13.16,0.81,6.15,0.07,0.19,26127526,0,0,-0.183664951,0.04,0,-1,-0.331343284,-0.11342155,0.025,0.625,0,0.054545455,0.077562565,-0.106060606,0.8,0.214285714,0.857142857,0.003773585,-0.103896104,0,0.8,0.388888889,0.744676424,0,0
0,2012,2.435,1,0.02,0.24,2.5,0.92,44.73,0.46,0,67.99,0.59,10.444837,0.14,0.07,0.03,0.14,13.21,0.53,0.4,0.04,0.06,27941798,0,0,1,0,0,0,1,0,0,1.517,0.87,0.02,0.24,2,1.15,46.82,0.47,-0.1,45.65,0.59,10.333338,0.1,0.05,-0.01,0.09,13.16,0.58,0.5,0,-0.01,19818968,0,0,0,4.051,0.95,0.02,0.24,1.8,1.24,79.87,0.43,-0.04,32.63,0.52,9.420848,0.1,0.06,0.03,0.1,13.08,0.61,0.56,0.02,0.04,20194315,0,0,0.605141727,0.149425287,0.25,-0.2,-0.2,-0.044639043,-0.021276596,-1,0.489375685,0,0.010790221,0.4,0.4,-4,0.555555556,0.003799392,-0.086206897,-0.2,4,-7,0.40985131,0,0
0,2020,0.162,3.25,0.03,0.32,1.07,-4.94,59.32,0.88,-0.57,108.62,0.28,2.870735,0.03,0.11,-0.19,0.1,11.65,1.15,0.93,0.06,-0.17,8823370,0,0,1,0,0,0,0,1,0,1.5,2.09,0.03,0.32,0.69,-3.01,59.56,0.72,-0.4,17.22,0.3,3.16968,-0.14,0.04,-0.13,0.03,11.59,1.28,1.44,-0.02,-0.1,3117215,1,1,1,0.163,2.22,0.03,0.32,0.54,-2.84,48.76,0.59,-0.53,15.45,0.31,3.508427,-0.2,-0.21,-0.27,-0.16,11.63,1.3,1.85,-0.13,-0.21,-16413453,1,1,-0.892,0.555023923,0.550724638,0.641196013,0.649350649,-0.00402955,0.222222222,0.425,5.307781649,-0.066666667,-0.094313937,-1.214285714,1.75,0.461538462,2.333333333,0.005176877,-0.1015625,-0.354166667,-4,0.7,1.830529816,0,0
0,2017,5.789,2.4,0.02,0.41,1.88,19.55,41.08,0.32,0.05,41.28,0.25,2.140964,0.13,0.07,0.11,0.08,11.06,0.96,0.53,0.07,0.12,3268078,0,0,0,1,0,0,0,0,1,5.809,-0.7,0.02,0.41,2.58,-27.16,43.5,0.32,0.05,54.8,0.31,2.416052,0.22,-0.28,0.1,-0.27,11.04,1.03,0.39,0.06,0.09,-12248644,0,0,1,4.461,1.4,0.02,0.41,1.68,1.09,24.09,0.32,0.1,44.36,0.3,2.494772,0.14,0.21,0.21,0.34,10.62,0.62,0.59,0.21,0.33,6058734,0,0,-0.003442933,-4.428571429,-0.271317829,-1.719808542,-1.738186462,-0.055632184,0,0,-0.246715328,-0.193548387,-0.113858477,-0.409090909,-1.25,0.1,-1.296296296,0.001811594,-0.067961165,0.358974359,0.166666667,0.333333333,-1.266811412,0,0
0,2014,3.506,1,0.06,0.3,1.13,0.55,48.6,0.39,0,-0.59,0.52,7.797233,0.05,0.41,0.03,0.68,13.85,0.61,0.89,0.35,0.06,296242130,0,0,0,0,0,0,0,1,0,0.043,5.83,0.06,0.3,1.22,-3.37,43.08,0.4,-0.27,0.69,0.52,7.876235,0.14,-0.51,-0.44,-0.45,12.03,1.15,0.82,-0.51,-0.38,-59643084,0,1,1,0.008,-8.78,0.06,0.3,0.67,1.28,45.64,0.41,-1.48,3.93,0.52,7.777809,-0.15,-2.25,-2.13,-2.94,12.47,0.76,1.49,-2.15,-2.79,-408490892,0,1,80.53488372,-0.828473413,-0.073770492,-1.163204748,-1.198986058,0.128133705,-0.025,-1,-1.855072464,0,-0.010030427,-0.642857143,-1.803921569,-1.068181818,-2.511111111,0.151288446,-0.469565217,0.085365854,-1.68627451,-1.157894737,-5.966915024,0,0
0,2011,4.555,1.71,0.15,0.22,1.27,1.6,52.34,0.32,0.32,32.36,0.54,17.877067,0.04,0.2,0.24,0.3,14.28,0.67,0.79,0.24,0.36,219958011,0,0,0,0,0,0,0,0,1,4.544,2.87,0.15,0.22,2.3,2.53,50.43,0.32,0.34,40.44,0.52,17.755557,0.19,-0.32,0.46,-0.42,13.69,0.76,0.44,0.47,0.61,-197248304,0,0,1,5.815,1.55,0.15,0.22,2.92,1.09,59.5,0.34,0.27,32.49,0.58,18.739414,0.17,0.16,0.28,0.26,13.82,0.62,0.34,0.29,0.45,114863126,0,0,0.002420775,-0.404181185,-0.447826087,-0.367588933,-0.356687898,0.037874281,0,-0.058823529,-0.199802176,0.038461538,0.006843491,-0.789473684,-1.625,-0.47826087,-1.714285714,0.043097151,-0.118421053,0.795454545,-0.489361702,-0.409836066,-2.115132584,0,0
0,2019,0.109,-0.58,0.07,0.14,0.84,0.83,43.83,0.58,-0.18,2.92,0.39,3.827676,-0.08,-0.08,-0.32,-0.11,11.2,0.72,1.19,-0.31,-0.45,-4059767,1,1,0,0,0,0,0,0,0,0.115,-0.13,0.07,0.14,0.92,0.64,41.2,0.56,-0.16,1.76,0.45,4.448514,-0.04,-0.06,-0.26,-0.09,11.29,0.67,1.09,-0.23,-0.38,-3213083,1,1,0,0.141,0.22,0.07,0.14,0.94,0.57,42.01,0.56,-0.13,7.02,0.48,4.753473,-0.03,-0.09,-0.18,-0.14,11.33,0.63,1.07,-0.15,-0.29,-5128088,1,1,-0.052173913,3.461538462,-0.086956522,0.296875,0.268292683,0.063834951,0.035714286,0.125,0.659090909,-0.133333333,-0.139560761,1,0.333333333,0.230769231,0.222222222,-0.007971656,0.074626866,0.091743119,0.347826087,0.184210526,0.2635114,0,0
0,2020,1.472,0.66,0.01,0.31,1.53,0.04,50.13,0.45,-0.13,-0.02,0.2,1.270894,0.14,0.06,-0.14,0.22,10.09,0.28,0.65,0.05,-0.5,1039212,0,0,0,1,0,0,0,1,0,2.29,0.68,0.01,0.31,1.46,0.04,44.41,0.44,-0.11,-0.13,0.12,1.413952,0.13,0.13,-0.12,0.42,10.03,0.3,0.69,-0.04,-0.4,2032653,0,1,1,2.312,0.62,0.01,0.31,1.37,0.05,50.14,0.5,-0.1,-1.01,0.16,1.577319,0.13,0.05,-0.12,0.13,9.94,0.38,0.73,0.03,-0.32,693397,0,0,-0.35720524,-0.029411765,0.047945205,0,-0.093023256,0.12879982,0.022727273,0.181818182,-0.846153846,0.666666667,-0.101175995,0.076923077,-0.538461538,0.166666667,-0.476190476,0.005982054,-0.066666667,-0.057971014,-2.25,0.25,-0.488741069,0,0
0,2014,3.378,0.97,0.02,0.32,2.42,1.32,41.47,0.53,-0.01,56.39,0.37,5.596435,0.2,0.01,0.11,0.01,11.76,0.63,0.41,0.06,0.18,801000,0,0,0,1,0,0,0,1,0,2.779,1,0.02,0.32,2.91,1.46,46.02,0.52,0,47.21,0.37,5.541593,0.23,0.23,0.12,0.35,11.78,0.64,0.34,0.11,0.19,20386111,0,0,1,3.036,0.9,0.02,0.32,2.28,5.05,46.04,0.53,-0.01,30.14,0.37,5.42374,0.17,0.02,0.12,0.02,11.7,0.86,0.44,0,0.15,1617889,0,1,0.21554516,-0.03,-0.16838488,-0.095890411,-0.061111111,-0.098870056,0.019230769,-1,0.194450328,0,0.009896432,-0.130434783,-0.956521739,-0.083333333,-0.971428571,-0.001697793,-0.015625,0.205882353,-0.454545455,-0.052631579,-0.960708543,0,0
0,2020,4.405,-33.83,0,0.54,3.36,-7.45,34.21,0.05,0.8,169.45,0.3,0.417923,0.67,0.09,3.95,0.08,11.02,1.11,0.3,3.87,3.56,3919618,0,0,0,0,1,0,0,0,0,1.516,1.35,0,0.54,0.42,0.32,87.58,0.33,-0.12,0,0.13,0.24611,-1.38,4.64,-0.29,1.95,9.1,2.38,2.38,-0.48,-0.12,29019819,0,1,0,0.006,1.3,0,0.54,0.09,-0.65,24.41,0.5,-1.21,1.12,0.02,0.165336,-2.7,-1.66,-1.52,-0.25,9.16,6.67,11.48,-1.66,-0.23,-11025092,0,1,1.905672823,-26.05925926,7,-24.28125,4.786127168,-0.609385704,-0.848484848,-7.666666667,16945,1.307692308,0.698114664,-1.485507246,-0.980603448,-14.62068966,-0.958974359,0.210989011,-0.533613445,-0.87394958,-9.0625,-30.66666667,-0.864933065,0,0
0,2013,2.884,0.95,0.03,0.3,4.46,0.56,56.29,0.43,-0.03,80.93,0.37,3.815905,0.29,0.02,0.03,0.06,12.1,0.41,0.22,0.03,0.08,3125004,0,0,1,0,0,0,0,1,0,3.299,0.95,0.03,0.3,3.82,0.6,63.39,0.44,-0.03,59.03,0.39,3.620591,0.23,0.05,0.03,0.11,12.08,0.43,0.26,0.05,0.08,5665654,0,0,1,2.91,0.95,0.03,0.3,3.73,0.43,75.59,0.48,-0.04,48.12,0.4,3.297364,0.22,0.03,0.03,0.08,11.88,0.36,0.27,0.03,0.08,3046549,0,0,-0.125795696,0,0.167539267,-0.066666667,-0.040540541,-0.112005048,-0.022727273,0,0.370997798,-0.051282051,0.053945337,0.260869565,-0.6,0,-0.454545455,0.001655629,-0.046511628,-0.153846154,-0.4,0,-0.448430137,0,0
0,2017,0.19,-0.34,0.04,0.17,2.22,7.57,42.14,0.49,-0.15,72.6,0.49,9.609225,0.17,-0.04,-0.05,-0.04,13.23,0.9,0.45,-0.07,-0.06,-15392157,0,1,0,0,0,0,0,1,0,0.139,-0.29,0.04,0.17,0.99,4.32,44.68,0.54,-0.26,73.08,0.48,8.735174,0,-0.04,-0.09,-0.05,13.25,0.86,1.01,-0.04,-0.1,-17707297,1,1,1,0.129,-0.02,0.04,0.17,1.76,3.83,48.08,0.52,-0.27,50.04,0.5,8.95232,0.1,-0.04,-0.13,-0.04,13.27,0.82,0.57,-0.03,-0.16,-14179117,0,1,0.366906475,0.172413793,1.242424242,0.752314815,0.433121019,-0.056848702,-0.092592593,-0.423076923,-0.006568144,0.020833333,0.100061086,17,0,-0.444444444,-0.2,-0.001509434,0.046511628,-0.554455446,0.75,-0.4,-0.130744969,0,0
0,2010,0.993,0.81,0.31,0.23,1.14,2.03,73.86,0.45,-0.04,40.88,0.62,2.3026,0.05,0.07,0.02,0.09,10.84,0.78,0.87,0.07,0.02,2593260,0,0,0,0,0,0,0,0,0,2.842,0.54,0.31,0.23,1.71,3.47,70.93,0.47,-0.07,33.28,0.63,2.447407,0.23,-0.01,-0.04,-0.01,10.79,0.85,0.59,0,-0.04,-178267,0,0,0,0.107,0.12,0.31,0.23,0.91,3.3,57.16,0.51,-0.15,19.76,0.63,2.631738,-0.03,-0.04,-0.11,-0.05,10.74,0.84,1.1,-0.02,-0.13,-1238156,1,1,-0.65059817,0.5,-0.333333333,-0.414985591,-0.352941176,0.041308332,-0.042553191,-0.428571429,0.228365385,-0.015873016,-0.059167519,-0.782608696,-8,-1.5,-10,0.00463392,-0.082352941,0.474576271,7,-1.5,-15.54705582,0,0
0,2009,3.856,0.96,0.05,0.41,1.45,0.44,45.31,0.51,-0.02,31.7,0.81,9.476406,0.08,0.05,0.05,0.11,12.27,0.43,0.69,0.03,0.11,7094000,0,0,0,0,0,0,0,0,0,3.292,0.94,0.05,0.41,1.07,0.47,53.92,0.52,-0.03,24.73,0.82,8.596538,0.02,0.05,0.03,0.11,12.27,0.48,0.93,0.02,0.05,7549453,0,0,0,3.269,0.93,0.05,0.41,1.39,0.6,51.62,0.53,-0.03,28.68,0.83,8.366439,0.07,0.06,0.03,0.13,12.19,0.48,0.72,0.04,0.05,8803978,0,0,0.171324423,0.021276596,0.355140187,-0.063829787,-0.175824176,-0.159681009,-0.019230769,-0.333333333,0.281843914,-0.012195122,0.102351435,3,0,0.666666667,0,0,-0.104166667,-0.258064516,0.5,1.2,-0.060329272,0,0
0,2010,7.133,1.07,0.12,0.57,4.54,0.8,51.57,0.28,0.03,97.97,0.63,7.491806,0.34,0.04,0.11,0.09,12.42,0.5,0.22,0.05,0.22,7767625,0,0,1,1,0,0,1,0,0,6.67,1.07,0.12,0.57,4.04,0.78,52.26,0.29,0.04,84.85,0.66,8.1154,0.31,0.05,0.11,0.11,12.33,0.5,0.25,0.06,0.23,8573694,0,0,0,5.853,1.1,0.12,0.57,3.63,0.84,50.09,0.31,0.05,73.53,0.58,7.384617,0.26,0.07,0.12,0.14,12.24,0.51,0.28,0.07,0.24,10080643,0,0,0.069415292,0,0.123762376,0.025641026,0,-0.013203215,-0.034482759,-0.25,0.15462581,-0.045454545,-0.076840821,0.096774194,-0.2,0,-0.181818182,0.00729927,0,-0.12,-0.166666667,-0.043478261,-0.094016535,0,0
0,2011,0.788,1,0.17,0.36,3.57,0.32,48.32,0.46,0,69.2,0.6,19.798605,0.44,-0.11,0.07,-0.67,12.8,0.17,0.28,0.04,0.43,-28855609,0,0,0,0,0,0,1,0,0,5.077,1.02,0.17,0.36,4.25,0.32,48.88,0.35,0.01,61.55,0.6,19.270346,0.4,0.08,0.09,0.64,12.87,0.12,0.24,0.07,0.71,21331235,0,0,0,3.865,0.96,0.17,0.36,3.74,0.32,55.46,0.35,-0.03,43.48,0.59,18.292188,0.37,0.12,0.04,0.89,12.79,0.13,0.27,0.04,0.3,29805265,0,0,-0.84479023,-0.019607843,-0.16,0,0.428571429,-0.011456628,0.314285714,-1,0.124289196,0,0.027413052,0.1,-2.375,-0.222222222,-2.046875,-0.005439005,0.416666667,0.166666667,-0.428571429,-0.394366197,-2.352739727,0,0
0,2021,1.513,0.86,0.03,0.13,1.69,0.21,47,0.38,-0.05,1.25,0.49,5.192726,0.13,0.26,-0.02,0.8,11.56,0.32,0.59,-0.01,-0.06,18790778,0,1,0,0,0,0,1,0,0,1.507,0.8,0.03,0.13,1.82,0.73,40.35,0.38,-0.05,0.99,0.41,4.37098,0.13,-0.01,0,-0.03,11.41,0.51,0.55,0.12,0,-855598,0,0,0,5.854,1.18,0.03,0.13,2.2,0.63,35.33,0.33,0.04,0.81,0.4,4.48965,0.17,0.16,0.2,0.33,11.35,0.47,0.45,0.11,0.43,9351506,0,0,0.00398142,0.075,-0.071428571,-0.712328767,-0.547169811,0.164807931,0,0,0.262626263,0.195121951,0.188000403,0,-27,-2,-27.66666667,0.013146363,-0.37254902,0.072727273,-1.083333333,-6,-22.96215746,0,0
0,2009,2.34,0.85,0.05,0.25,1.49,0.59,60.17,0.42,-0.1,71.44,0.72,17.192856,0.1,-0.02,-0.03,-0.04,13.09,0.51,0.67,-0.02,-0.05,-7490495,0,1,0,0,0,0,1,0,0,3.315,0.91,0.05,0.25,1.96,0.58,68.37,0.42,-0.06,58.27,0.79,17.135198,0.17,-0.07,0,-0.14,13.08,0.48,0.51,-0.07,0,-22576861,0,1,0,2.854,0.91,0.05,0.25,2.06,0.54,66.83,0.42,-0.08,65.92,0.82,16.261659,0.16,0.01,-0.01,0.03,13.14,0.44,0.49,0.01,-0.02,5211780,0,0,-0.294117647,-0.065934066,-0.239795918,0.017241379,0.131868132,-0.119935644,0,0.666666667,0.226016818,-0.088607595,0.003364887,-0.411764706,-0.714285714,-3,-0.714285714,0.000764526,0.0625,0.31372549,-0.714285714,-5,-0.668222478,0,0
0,2014,0.191,0.87,0.03,0.26,2.4,0.07,39.39,0.5,-0.06,22.89,0.28,1.69698,0.25,0.01,0.02,0.06,10.29,0.23,0.42,0.03,0.1,281681,0,0,0,0,0,0,0,1,0,0.125,0.84,0.03,0.26,2.55,0.11,34.49,0.49,-0.08,38.78,0.25,1.510674,0.25,0.07,-0.01,0.27,10.29,0.24,0.39,0.01,-0.05,1364597,0,0,1,0.158,0.87,0.03,0.26,1.74,0.06,33.88,0.5,-0.06,52.21,0.23,1.591015,0.2,-0.01,0.02,-0.02,10.28,0.31,0.57,-0.06,0.07,-108119,0,1,0.528,0.035714286,-0.058823529,-0.363636364,-0.0625,0.142070165,0.020408163,-0.25,-0.409747292,0.12,0.123326409,0,-0.857142857,-3,-0.777777778,0,-0.041666667,0.076923077,2,-3,-0.79357935,0,0
0,2013,6.595,1.61,0.08,0.27,-1.07,0.32,62.89,0.42,0.26,-12.1,0.78,20.333402,1.2,0.49,1.13,8282291300,12.4,-0.58,-0.93,1.06,19235057500,82822913,0,0,0,0,0,0,0,0,0,7.2,1.47,0.08,0.27,-1.84,0.32,76.03,0.42,0.19,-9.92,0.79,14.854333,1.11,0.16,0.9,2175703500,12.16,-0.39,-0.54,0.8,11959959500,21757035,0,0,0,7.148,1.52,0.08,0.27,-3.08,0.32,76.74,0.42,0.21,-9.11,0.75,13.422758,0.92,0.46,0.84,6129950900,12.16,-0.23,-0.33,0.78,11168115000,61299509,0,0,-0.084027778,0.095238095,-0.418478261,0,0.321428571,-0.172826516,0,0.368421053,0.219758065,-0.012658228,0.36885325,0.081081081,2.0625,0.255555556,2.806718746,0.019736842,0.487179487,0.722222222,0.325,0.608287846,2.806718746,1,1
0,2012,2.021,1,0.04,0.17,1.86,0.34,59.21,0.43,0,79.05,0.72,16.354865,0.26,0.04,0.05,0.09,13.07,0.48,0.54,0.04,0.11,13486465,0,0,0,0,0,0,1,0,0,2.299,0.85,0.04,0.17,1.81,0.52,60.27,0.43,-0.05,56.22,0.74,16.563482,0.24,-0.02,-0.01,-0.04,13.1,0.53,0.55,-0.03,-0.03,-7693239,0,1,0,5.244,1.03,0.04,0.17,2.02,0.48,52.53,0.37,0.01,83.26,0.78,16.84402,0.26,0.04,0.07,0.08,13.07,0.5,0.5,0.04,0.13,13557644,0,0,-0.12092214,0.176470588,0.027624309,-0.346153846,-0.2,-0.017587523,0,-1,0.406083244,-0.027027027,-0.012594997,0.083333333,-3,-6,-3.25,-0.002290076,-0.094339623,-0.018181818,-2.333333333,-4.666666667,-2.753028211,0,0
0,2015,0.186,-2.08,0.06,0.3,1.23,-0.37,129.45,0.69,-0.24,-1.7,0.43,0.721322,0.2,-0.44,-0.43,-0.56,8.06,0.78,0.81,-0.26,-0.56,-969272,0,1,1,1,0,0,0,0,0,0.063,-1.24,0.06,0.3,2.22,0.01,46.73,1.04,-0.71,17.47,0.24,0.360027,0.39,-1.06,-1.36,-3.25,8.04,0.33,0.45,-0.66,-4.16,-2299402,0,1,0,0.119,0.47,0.06,0.3,6.99,0.32,116.36,0.76,-0.37,89.03,0.43,0.633019,0.74,0.06,-0.34,0.45,8.72,0.12,0.14,0.05,-2.76,238140,0,0,1.952380952,0.677419355,-0.445945946,-38,6.285714286,1.770169056,-0.336538462,-0.661971831,-1.097309674,0.791666667,1.003521958,-0.487179487,-0.58490566,-0.683823529,-0.827692308,0.002487562,1.363636364,0.8,-0.606060606,-0.865384615,-0.578467793,0,0
0,2009,1.543,0.98,0.05,0.22,-0.07,0.18,33.73,0.34,-0.03,52.72,0.53,7.829902,0.27,-0.17,0.01,-5382841000,13.03,-0.06,-13.78,0.01,467655700,-53828410,0,0,0,0,0,0,0,1,0,5.357,1,0.05,0.22,-0.65,0.16,51.17,0.41,0.01,52.75,0.69,8.139093,0.24,0.07,0.04,6.67,13.25,0.01,-1.54,0.06,3.82,26324019,0,0,1,5.845,1.03,0.05,0.22,-0.76,0.17,47.45,0.41,0.05,50.28,0.62,8.375366,0.15,0,0.06,0,13.25,0.07,-1.31,0.08,0.8,0,0,0,-0.711965652,-0.02,-0.892307692,0.125,-7,-0.340824702,-0.170731707,-4,-0.00056872,-0.231884058,-0.037988385,0.125,-3.428571429,-0.75,-807022639.7,-0.016603774,-7,7.948051948,-0.833333333,122422957.1,-3.044840114,0,0
0,2012,5.869,1.07,0.15,0.27,20.48,0.01,44.35,0.32,0.11,0.46,0.56,18.527868,0.63,0.09,0.09,2.31,13.84,0.04,0.05,0.09,2.4,62381271,1,0,0,0,0,0,0,1,0,5.837,1.08,0.15,0.27,18.61,0.01,39.58,0.31,0.11,0,0.54,18.833509,0.59,0.07,0.11,1.86,13.75,0.04,0.05,0.07,2.71,48616426,1,0,1,5.849,1.08,0.15,0.27,14.69,0.01,40.54,0.28,0.1,0.15,0.53,18.892042,0.56,0.08,0.11,1.64,13.68,0.05,0.07,0.07,2.17,48361520,1,0,0.005482268,-0.009259259,0.100483611,0,0,0.120515412,0.032258065,0,46,0.037037037,-0.016228574,0.06779661,0.285714286,-0.181818182,0.241935484,0.006545455,0,0,0.285714286,-0.114391144,0.28313157,0,0
0,2014,0.084,0.89,0.01,0.71,6.4,0,65.9,0.66,-0.26,81.77,0.25,0.641113,0.16,-0.04,-0.03,-1.33,10.59,0.03,0.16,-0.06,-1.1,-1115422,0,1,1,0,0,0,0,0,0,0.133,0.91,0.01,0.71,3.4,0,95.07,0.57,-0.22,62.95,0.19,0.615639,0.13,-0.05,-0.02,-0.91,10.66,0.05,0.29,-0.03,-0.3,-1468254,0,1,0,0.192,0.93,0.01,0.71,3.64,0.02,92.73,0.56,-0.16,79.54,0.2,0.698647,0.16,-0.01,0.01,-0.16,10.73,0.07,0.28,-0.02,0.07,-369337,0,1,-0.368421053,-0.021978022,0.882352941,0,-0.5,-0.306826549,0.157894737,0.181818182,0.298967434,0.315789474,0.041378145,0.230769231,-0.2,0.5,0.461538462,-0.006566604,-0.4,-0.448275862,1,2.666666667,-0.240307195,0,0
0,2020,7.593,1.39,0.06,0.3,1.78,2.13,52.28,0.29,0.07,61.19,0.18,0.302829,0.19,-0.02,0.13,-0.03,10.33,0.76,0.56,0.13,0.17,-447918,1,0,0,0,1,0,0,0,0,7.572,1.44,0.06,0.3,1.65,1.8,44.07,0.28,0.08,22.74,0.22,0.415222,0.13,0.04,0.18,0.05,10.24,0.71,0.61,0.13,0.25,705072,1,0,0,8.328,1.46,0.06,0.3,1.48,0.22,58.53,0.28,0.08,14.62,0.23,0.410934,0.21,0.01,0.38,0.02,9.62,0.54,0.67,0.23,0.7,124432,1,0,0.002773376,-0.034722222,0.078787879,0.183333333,0.264,0.186294531,0.035714286,-0.125,1.690853122,-0.181818182,-0.270681708,0.461538462,-1.5,-0.277777778,-1.6,0.008789062,0.070422535,-0.081967213,0,-0.32,-1.635279801,0,0
0,2010,7.587,1.11,0.05,0.21,3.84,-0.36,62.09,0.28,0.15,-3.33,0.59,8.654713,0.16,0.91,0.22,13490252800,12.27,-0.47,0.26,0.17,3268956200,134902528,0,0,0,0,1,1,0,0,0,7.14,1.31,0.05,0.21,3.64,0.67,63.39,0.32,0.2,-2.72,0.58,8.291756,0.13,0.01,0.23,0.03,12.26,0.43,0.27,0.19,0.54,2136622,0,0,0,6.665,1.34,0.05,0.21,3.78,0.78,63.23,0.33,0.22,-7.31,0.58,8.210258,0.12,-0.56,0.24,-1.22,12.29,0.46,0.26,0.2,0.51,-85467529,0,0,0.062605042,-0.152671756,0.054945055,-1.537313433,-1.421052632,-0.020507967,-0.125,-0.25,0.224264706,0.017241379,0.043773237,0.230769231,90,-0.043478261,4.5e+11,0.000815661,-2.093023256,-0.037037037,-0.105263158,6053622592,62.13822847,0,0
0,2021,0.174,1.89,0.17,0.29,0.71,-1.91,157.46,0.74,-0.26,-0.24,0.37,3.63688,-0.2,-0.27,-0.27,-0.2,11.88,1.32,1.4,-0.27,-0.21,-27024297,0,1,0,0,1,1,0,0,0,0.105,7.19,0.17,0.29,1.24,-12.11,114.08,0.62,-0.33,8.24,0.32,3.208031,0.08,-1.17,-0.34,-1.11,11.74,1.06,0.81,-0.14,-0.32,-102809282,0,1,0,0.291,0.97,0.17,0.29,-1.16,0.03,101.81,0.52,-0.03,-1.72,0.34,3.485035,0.89,-0.04,-0.01,-291863000,11.54,-0.37,-0.86,-0.04,-65423100,-2918630,0,1,0.657142857,-0.73713491,-0.427419355,-0.842279108,-0.768928772,0.380259467,0.193548387,-0.212121212,-1.029126214,0.15625,0.133679818,-3.5,-0.769230769,-0.205882353,-0.81981982,0.011925043,0.245283019,0.728395062,0.928571429,-0.34375,-0.737141467,0,1
0,2015,6.619,1.04,0.02,0.22,4.59,0.01,37.05,0.46,0.04,131.93,0.31,6.952535,0.43,0.06,0.1,0.48,11.92,0.13,0.22,0.09,0.78,6319625,0,0,0,0,0,0,0,0,0,1.502,0.91,0.02,0.22,4.07,0.01,68.15,0.54,-0.09,94.02,0.3,6.880906,0.36,-0.09,0,-0.75,11.85,0.12,0.25,-0.01,-0.03,-9029892,0,1,0,0.182,0.83,0.02,0.22,4.53,0.02,71.67,0.52,-0.16,72.12,0.32,6.992802,0.39,0.03,-0.08,0.19,11.96,0.13,0.22,-0.1,-0.6,2715049,0,1,3.406790945,0.142857143,0.127764128,0,0,-0.456346295,-0.148148148,-1.444444444,0.403212083,0.033333333,0.010409821,0.194444444,-1.666666667,10,-1.64,0.005907173,0.083333333,-0.12,-10,-27,-1.6998561,0,0
0,2018,7.87,1.26,0.06,0.3,1.23,0.21,49.36,0.35,0.11,0.01,0.63,22.436758,0.05,-0.14,0.28,-0.39,13.14,0.37,0.81,0.25,0.77,-51158910,0,0,0,0,0,1,0,0,0,6.749,1.05,0.06,0.3,1.48,0.05,58.32,0.39,0.03,0.33,0.64,22.652145,0.12,-0.09,0.14,-0.33,13.22,0.28,0.68,0.11,0.48,-35117342,0,0,0,6.814,1.04,0.06,0.3,2.59,0.01,57.14,0.4,0.02,0.39,0.62,21.956181,0.19,-0.73,0.17,-5.46,13.15,0.13,0.39,0.11,1.24,-261030947,0,0,0.166098681,0.2,-0.168918919,3.2,0.487179487,-0.153635117,-0.102564103,2.666666667,-0.96969697,-0.015625,-0.009508459,-0.583333333,0.555555556,1,0.181818182,-0.006051437,0.321428571,0.191176471,1.272727273,0.604166667,0.456799037,0,0
0,2013,2.356,-0.09,0.17,0.14,1.16,2.54,67.83,0.44,-0.16,9.17,0.75,7.31282,0.05,-0.03,-0.17,-0.04,13.1,0.81,0.86,-0.03,-0.21,-10501281,0,1,1,0,0,0,0,1,0,2.318,0.04,0.17,0.14,1.22,2.18,30.37,0.45,-0.18,83.32,0.77,8.769504,0.08,0.02,-0.16,0.03,13.23,0.81,0.82,0.03,-0.2,8651017,0,0,1,0.141,-1.51,0.17,0.14,1.27,2.58,30.66,0.72,-0.68,89.51,0.74,8.334124,0.11,0.12,-0.41,0.15,13.22,0.83,0.79,0.12,-0.5,47134959,0,0,0.016393443,-3.25,-0.049180328,0.165137615,0.038186158,1.233454067,-0.022222222,-0.111111111,-0.889942391,-0.025974026,-0.166107912,-0.375,-2.5,0.0625,-2.333333333,-0.009826153,0,0.048780488,-2,0.05,-2.213878206,0,0
0,2018,2.835,0.38,0.01,0.13,1.63,0.34,49.74,0.43,-0.12,17.64,0.16,0.829698,0.22,-0.06,-0.13,-0.12,10.03,0.52,0.62,-0.17,-0.25,-975156,0,1,0,1,1,0,0,0,0,6.133,1.01,0.01,0.13,2.27,0.37,62.84,0.37,0,8.58,0.2,1.05538,0.32,0.01,0.14,0.03,10.03,0.46,0.44,0.13,0.3,227880,0,0,0,6.951,1.05,0.01,0.13,2.62,0.25,47.93,0.4,0.01,16.63,0.21,1.092854,0.36,0.02,0.25,0.05,9.87,0.38,0.38,0.1,0.68,272567,0,0,-0.537746617,-0.623762376,-0.281938326,-0.081081081,0.273809524,-0.208465945,0.162162162,-12,1.055944056,-0.2,-0.213839565,-0.3125,-7,-1.928571429,-5,0,0.130434783,0.409090909,-2.307692308,-1.833333333,-5.279252238,0,0
0,2018,1.13,0.94,0.25,0.35,1.06,0,55.17,0.4,-0.03,1.16,0.33,3.690061,0.02,-0.24,0.03,-0.95,11.52,0.25,0.94,-0.01,0.12,-16755777,0,1,0,0,0,0,1,0,0,3.631,0.88,0.25,0.35,1.81,0,61.11,0.44,-0.1,4.95,0.38,4.128057,0.11,-0.18,-0.02,-1.32,11.66,0.14,0.55,-0.07,-0.14,-14693802,0,1,0,0.681,0.96,0.25,0.35,16.63,0.21,57.55,0.44,-0.04,17.94,0.43,3.929375,0.39,-0.03,0.01,-0.13,11.92,0.19,0.06,-0.02,0.07,-2708092,0,1,-0.688790967,0.068181818,-0.414364641,0,1.0625,-0.097201767,-0.090909091,-0.7,-0.765656566,-0.131578947,-0.106102217,-0.818181818,0.333333333,-2.5,-0.28030303,-0.012006861,0.785714286,0.709090909,-0.857142857,-1.857142857,0.140329576,0,0
0,2019,1.549,1.14,0.15,0.42,1.8,-2.39,976.24,0.87,-0.72,191.95,0.64,2.022999,0.21,0.06,-0.08,0.04,13.48,1.53,0.56,-0.03,-0.05,28860022,0,1,1,0,0,0,0,0,0,0.723,1.14,0.15,0.42,1.68,-2.16,707.53,0.82,-0.7,154.2,0.74,2.186492,0.18,-0.02,-0.09,-0.01,13.4,1.64,0.59,-0.02,-0.05,-7986565,0,1,0,1.162,1.11,0.15,0.42,2.12,-2.31,515.51,0.69,-0.47,116.08,0.79,2.385418,0.28,0,-0.06,0,13.49,1.57,0.47,-0.01,-0.04,1214968,0,1,1.142461964,0,0.071428571,0.106481481,0.12109375,0.379786016,0.06097561,0.028571429,0.244811933,-0.135135135,-0.074774113,0.166666667,-4,-0.111111111,-5,0.005970149,-0.067073171,-0.050847458,0.5,0,-4.613571291,0,0
0,2015,4.433,1.13,0.02,0.36,9.37,0.27,7.57,0.42,0.17,547.41,0.95,7.49313,0.64,0.01,0.13,0.03,13.04,0.27,0.11,0.09,0.46,2722088,0,0,0,0,0,0,0,1,0,4.439,1.1,0.02,0.36,9.18,0.29,9.02,0.43,0.13,538.28,0.87,7.087814,0.63,0.09,0.11,0.3,13.04,0.28,0.11,0.09,0.37,27203656,0,0,1,4.446,1.08,0.02,0.36,9.4,0.35,8.47,0.43,0.1,456.88,0.85,7.442616,0.6,0.08,0.1,0.25,12.95,0.31,0.11,0.08,0.31,22740331,0,0,-0.001351656,0.027272727,0.020697168,-0.068965517,-0.05,-0.16075388,-0.023255814,0.307692308,0.016961433,0.091954023,0.057184909,0.015873016,-0.888888889,0.181818182,-0.9,0,-0.035714286,0,0,0.243243243,-0.899936685,0,0
0,2011,3.849,0.64,0.01,0.38,-2.15,0.02,86.96,0.99,-0.66,10.19,0.46,2.497841,0.39,0.02,-0.35,65067100,10.8,-0.11,-0.47,0.02,-1181579400,650671,0,0,1,1,0,0,0,0,1,1.239,1,0.01,0.38,-3.49,0.02,58.46,0.47,0,18.91,0.58,3.036824,0.32,0.05,0.05,162880700,10.83,-0.05,-0.29,0.05,184671000,1628807,0,0,1,6.214,1.01,0.01,0.38,10.19,0.03,43.07,0.45,0.01,37.04,0.53,2.628226,0.21,0.06,0.06,1.23,10.89,0.05,0.1,0.06,1.31,2178568,0,0,2.10653753,-0.36,-0.383954155,0,1,0.487512829,1.106382979,-66,-0.461131676,-0.206896552,-0.177482462,0.21875,-0.6,-8,-0.600522959,-0.002770083,1.2,0.620689655,-0.6,-7.398294264,-0.600522959,1,0
0,2014,2.882,0.7,0.04,0.32,3.88,6.77,114.27,0.59,-0.09,48,0.25,1.291068,0.26,0,0.05,0,11.04,0.88,0.26,0,0.06,154383,0,0,0,1,0,0,0,0,0,1.517,0.39,0.04,0.32,3.16,7.19,139.38,0.62,-0.18,53.74,0.23,1.256318,0.23,-0.02,0.03,-0.03,11.08,0.89,0.32,-0.02,0.03,-1056039,0,1,0,1.657,0.94,0.04,0.32,3.32,6.1,122.36,0.53,-0.02,85.73,0.22,1.236717,0.22,0.01,0.09,0.01,11.12,0.87,0.3,0.01,0.1,404281,0,0,0.899802241,0.794871795,0.227848101,-0.058414465,-0.074846626,-0.180154972,-0.048387097,-0.5,-0.106810569,0.086956522,0.027660194,0.130434783,-1,0.666666667,-1,-0.003610108,-0.011235955,-0.1875,-1,1,-1.146190624,0,0
0,2020,5.784,1.55,0.07,0.36,0.16,0.31,44.73,0.27,0.11,-0.41,0.44,4.740546,-0.66,0.1,0.14,0.12,12.5,0.84,6.45,0.1,0.16,19152449,1,0,0,0,1,0,1,0,0,7.178,1.8,0.07,0.36,0.42,0,60.72,0.28,0.06,-0.13,0.39,4.84703,-0.5,0.13,0.2,0.15,11.64,0.86,2.4,0.13,0.23,9942100,1,0,0,2.836,-6.75,0.07,0.36,0.4,0.32,69.99,0.31,-0.08,-2.65,0.34,4.523893,-0.59,-0.12,0.04,-0.13,11.6,0.98,2.53,-0.14,0.04,-9386651,1,1,-0.194204514,-0.138888889,-0.619047619,31,-0.142857143,-0.263339921,-0.035714286,0.833333333,2.153846154,0.128205128,-0.021968917,0.32,-0.230769231,-0.3,-0.2,0.073883162,-0.023255814,1.6875,-0.230769231,-0.304347826,0.926398749,0,0
0,2020,0.016,1.24,0.22,0.19,0.81,-1.34,30.99,1.05,-0.52,110.43,0.57,9.467012,-0.11,-0.13,-0.25,-0.06,13.94,2.16,1.23,-0.05,-0.12,-106371499,1,1,1,0,0,1,0,0,0,0.018,1.21,0.22,0.19,0.93,-1.29,26.73,0.97,-0.4,10.4,0.58,11.10317,-0.04,-0.12,-0.28,-0.05,13.55,2.52,1.07,-0.05,-0.11,-63785000,1,1,0,2.315,1.18,0.22,0.19,1.33,-1.46,36.27,0.91,-0.35,3.99,0.58,11.098455,0.12,-0.33,-0.2,-0.14,13.55,2.4,0.75,0.01,-0.08,-174886251,0,0,-0.111111111,0.024793388,-0.129032258,0.03875969,0.120481928,0.159371493,0.082474227,0.3,9.618269231,-0.017241379,-0.147359538,1.75,0.083333333,-0.107142857,0.2,0.028782288,-0.142857143,0.14953271,0,0.090909091,0.667656957,0,0
0,2012,4.534,3.35,0.07,0.21,1.11,4.63,39.32,0.36,0.11,1.38,0.67,17.053756,0.03,-2.88,0.34,-3.28,12.59,0.88,0.9,0.34,0.39,-591951795,0,0,0,0,0,0,0,0,0,4.589,1.07,0.07,0.21,-0.12,0.2,36.79,0.37,0.09,1.14,0.64,16.607132,3.04,0.27,0.28,5480391600,12.57,-2.08,-8.2,0.28,5561875700,54803916,0,0,0,5.821,1.06,0.07,0.21,-0.37,0.15,35.14,0.36,0.07,1.35,0.66,16.458531,0.44,0.15,0.12,7372671500,13.47,-0.14,-2.69,0.15,5689904800,73726715,0,0,-0.011985182,2.130841121,-10.25,22.15,-11.64705882,0.068768687,-0.027027027,0.222222222,0.210526316,0.046875,0.026893506,-0.990131579,-11.66666667,0.214285714,-1.000000001,0.00159109,-1.423076923,-1.109756098,0.214285714,-1,-11.8012682,1,1
0,2021,4.468,1.14,0.03,0.14,3.01,-0.76,59.46,0.3,0.32,0.07,0.74,20.887918,0.22,0.52,0.61,16796149300,13.04,-2.74,0.33,0.52,19763595400,167961493,0,0,0,0,1,0,0,1,0,4.476,1.14,0.03,0.14,1.39,-0.77,55.65,0.3,0.28,0.02,0.72,19.528737,0.08,0.49,0.53,15208826400,13,-2.36,0.72,0.49,16277166400,152088264,0,0,1,4.478,1.16,0.03,0.14,3.21,-0.68,56.35,0.3,0.3,0,0.74,19.780772,0.2,0.47,0.55,14370627800,13,-1.87,0.31,0.47,16991934400,143706278,0,0,-0.00178731,0,1.165467626,-0.012987013,0.042857143,0.068463612,0,0.142857143,2.5,0.027777778,0.069599022,1.75,0.06122449,0.150943396,0.104368533,0.003076923,0.161016949,-0.541666667,0.06122449,0.214191396,0.104368533,1,1
0,2009,5.793,1.09,0.01,0.3,1.38,0.59,55.21,0.33,0.07,11.74,0.44,4.915262,0.04,0.21,0.09,0.46,11.86,0.44,0.73,0.18,0.19,20216531,0,0,0,0,0,0,0,0,0,4.515,1.26,0.01,0.3,1.4,0.93,51.81,0.31,0.12,11.07,0.46,5.418968,0.06,-0.07,0.15,-0.13,11.62,0.56,0.72,0.01,0.27,-5763297,0,0,0,4.466,1.33,0.01,0.3,1.1,0.48,47.22,0.3,0.18,8.55,0.44,5.586748,0.02,0.25,0.22,0.55,11.55,0.44,0.91,0.23,0.5,17718224,0,0,0.283056478,-0.134920635,-0.014285714,-0.365591398,-0.36,0.065624397,0.064516129,-0.416666667,0.060523939,-0.043478261,-0.092952385,-0.333333333,-4,-0.4,-4.538461538,0.020654045,-0.214285714,0.013888889,17,-0.296296296,-4.507806556,0,0
0,2009,5.387,1,0.04,0.29,1.9,1.23,46.63,0.37,0,114.53,0.73,26.799487,0.19,0.03,0.08,0.05,13.64,0.64,0.53,0.06,0.13,18580535,0,0,0,0,0,0,0,0,0,4.097,0.92,0.04,0.29,1.88,1.14,48.04,0.4,-0.03,69.7,0.79,26.8176,0.17,-0.01,0.06,-0.02,13.48,0.62,0.53,0.01,0.1,-6620087,0,0,0,3.258,0.86,0.04,0.29,2.06,0.98,57.34,0.38,-0.06,65.09,0.84,25.894293,0.2,-0.01,0.04,-0.02,13.44,0.59,0.49,-0.01,0.06,-6431887,0,1,0.314864535,0.086956522,0.010638298,0.078947368,0.096969697,-0.029350541,-0.075,-1,0.643185079,-0.075949367,-0.000675415,0.117647059,-4,0.333333333,-3.5,0.011869436,0.032258065,0,5,0.3,-3.806690456,0,0
0,2014,2.884,0.96,0.1,0.25,0.41,0.32,48.4,0.33,-0.03,78.1,0.41,7.113175,-0.32,-0.41,0.03,-0.77,13.01,0.53,2.45,0.03,0.06,-128901422,1,0,1,0,0,0,0,1,0,7.526,1.06,0.1,0.25,5.67,-0.01,47.79,0.38,0.09,59.69,0.5,8.590451,0.3,0.14,0.08,2.46,12.94,0.06,0.18,0.12,1.4,41522376,0,0,1,5.848,1.13,0.1,0.25,3.55,0.32,48.83,0.35,0.15,114.44,0.59,9.492589,0.19,0.16,0.11,0.54,13.08,0.3,0.28,0.14,0.38,54168547,0,0,-0.61679511,-0.094339623,-0.927689594,-33,18,0.012764177,-0.131578947,-1.333333333,0.308426872,-0.18,-0.171967223,-2.066666667,-3.928571429,-0.625,-1.31300813,0.005409583,7.833333333,12.61111111,-0.75,-0.957142857,-4.104384537,0,0
0,2014,4.573,1.08,0.06,0.3,0.28,-0.64,42.27,0.25,0.12,-0.94,0.51,7.292514,-0.37,0.09,0.15,2284411500,12.85,-0.33,3.57,0.12,3897971618,22844115,1,0,0,0,1,0,0,0,0,4.548,1.09,0.06,0.3,3.36,-0.2,49.6,0.35,0.15,-1.34,0.55,7.345377,0.1,0.12,0.15,3171676900,12.88,-0.2,0.3,0.12,4038778900,31716769,1,0,0,4.55,1.09,0.06,0.3,2.36,-0.1,43.55,0.31,0.12,0.33,0.55,7.271717,0.08,0.1,0.14,2907730900,12.92,-0.05,0.42,0.1,3916184300,29077309,1,0,0.005496922,-0.009174312,-0.916666667,2.2,0.470588235,-0.147782258,-0.285714286,-0.2,-0.298507463,-0.072727273,-0.007196772,-4.7,-0.25,0,-0.279746465,-0.002329193,0.65,10.9,0,-0.034863825,-0.279746465,1,1
0,2019,7.203,1.56,0.06,0.3,1.07,0.38,40.5,0.24,0.12,8.38,0.24,0.524431,0.02,0.11,0.37,0.21,10.32,0.5,0.94,0.28,0.74,2268855,0,0,0,0,1,0,0,0,0,7.585,1.59,0.06,0.3,0.96,0.58,42.32,0.25,0.13,1.59,0.18,0.390285,-0.01,0.06,0.31,0.1,10.23,0.58,1.04,0.25,0.54,1142801,1,0,0,7.18,1.71,0.06,0.3,1.61,0.02,54.06,0.26,0.18,54.6,0.11,0.255266,0.26,0.72,0.43,1.68,9.78,0.43,0.62,0.42,1,8925235,0,0,-0.050362558,-0.018867925,0.114583333,-0.344827586,-0.257352941,-0.043005671,-0.04,-0.076923077,4.270440252,0.333333333,0.343712928,-3,0.833333333,0.193548387,1.1,0.008797654,-0.137931034,-0.096153846,0.12,0.37037037,0.985345655,0,0
0,2010,1.514,0.86,0.07,0.44,1.69,2.25,80.19,0.45,-0.08,36.7,0.56,9.225671,0.07,0.01,-0.01,0.02,13.55,0.72,0.59,0.01,-0.01,7992884,0,0,0,0,0,0,0,0,0,7.101,1.01,0.07,0.44,1.86,2.41,75.58,0.47,0.01,40.39,0.58,9.897463,0.08,0.01,0.04,0.01,13.53,0.73,0.54,0.01,0.05,2996315,0,0,0,5.418,1.02,0.07,0.44,2.05,0.26,70.81,0.47,0.01,51.31,0.61,10.438221,0.21,-0.05,0.09,-0.12,12.65,0.37,0.49,-0.07,0.25,-9828574,0,1,-0.786790593,-0.148514851,-0.091397849,-0.066390041,-0.04379562,0.060994972,-0.042553191,-9,-0.091359247,-0.034482759,-0.067875172,-0.125,0,-1.25,1,0.001478197,-0.01369863,0.092592593,0,-1.2,1.667571333,0,0
0,2017,0.181,0.5,0.06,0.32,1.04,4.17,45.21,0.64,-0.08,12.28,0.43,7.706771,0.01,0.01,-0.03,0.01,12.66,0.85,0.97,-0.01,-0.04,1288000,0,1,0,0,0,0,1,0,0,1.458,0.52,0.06,0.32,1.06,4.33,49.77,0.66,-0.08,4.45,0.42,7.54191,0.01,-0.03,-0.03,-0.03,12.62,0.85,0.94,0,-0.04,-6144995,0,1,0,1.511,0.71,0.06,0.32,1.26,3.47,46.23,0.66,-0.06,11.96,0.42,7.491039,0.04,-0.02,-0.01,-0.03,12.58,0.81,0.79,0.03,-0.01,-4198028,0,0,-0.875857339,-0.038461538,-0.018867925,-0.036951501,0.010948905,-0.091621459,-0.03030303,0,1.759550562,0.023809524,0.021859317,0,-1.333333333,0,-1.333333333,0.003169572,0,0.031914894,-1,0,-1.209601472,0,0
0,2010,7.519,1.05,0.15,0.2,4.13,0.47,47.91,0.4,0.03,19.3,0.73,20.343693,0.44,0.08,0.08,0.19,13.18,0.41,0.24,0.09,0.2,29126000,0,0,0,0,0,0,1,0,0,8.458,1.03,0.15,0.2,3.4,0.56,53.37,0.43,0.02,31.09,0.73,20.416132,0.37,-0.01,0.08,-0.03,13.11,0.46,0.29,0,0.18,-5129000,0,0,0,5.864,1.11,0.15,0.2,3.63,0.56,52.17,0.41,0.06,145.8,0.74,29.133786,0.39,0.05,0.11,0.11,13.13,0.45,0.28,0.06,0.25,17320000,0,0,-0.111019153,0.019417476,0.214705882,-0.160714286,-0.154761905,-0.102304666,-0.069767442,0.5,-0.379221615,0,-0.003548126,0.189189189,-9,0,-7.333333333,0.005339436,-0.108695652,-0.172413793,9,0.111111111,-6.678689803,0,0
0,2010,5.806,1.75,0.01,0.42,1.42,0.58,64.52,0.26,0.15,11.66,0.45,1.160136,0.14,0.01,0.43,0.02,10.61,0.58,0.71,0.33,0.74,252794,0,0,0,0,1,0,0,0,0,4.525,1.75,0.01,0.42,1.87,0.28,48.18,0.26,0.18,31.85,0.46,0.961541,0.24,0.1,0.53,0.24,10.31,0.44,0.53,0.43,1.2,2156950,0,0,0,4.565,1.63,0.01,0.42,1.66,0.46,45.01,0.25,0.13,22.1,0.43,0.859086,0.18,-0.02,0.44,-0.04,10.23,0.5,0.6,0.32,0.87,-427755,0,0,0.283093923,0,-0.240641711,1.071428571,0.730769231,0.339144873,0,-0.166666667,-0.633908948,-0.02173913,0.206538255,-0.416666667,-0.9,-0.188679245,-0.916666667,0.029097963,0.318181818,0.339622642,-0.23255814,-0.383333333,-0.88280025,0,0
0,2014,5.871,1.07,0.06,0.28,3.66,0.51,352.75,0.38,0.33,1344.56,0.74,9.872817,0.32,0.02,0.05,0.05,14.62,0.42,0.27,0.04,0.11,29924000,0,0,0,0,0,0,0,0,0,5.848,1.07,0.06,0.28,4.01,0.54,300.46,0.4,0.31,1434.91,0.85,9.756508,0.35,0,0.05,-0.01,14.61,0.43,0.25,0.04,0.11,-5057000,0,0,0,5.807,1.07,0.06,0.28,3.51,0.5,247.3,0.39,0.3,1512.48,0.84,9.852308,0.34,0.06,0.05,0.13,14.61,0.42,0.28,0.04,0.11,87036000,0,0,0.003932969,0,-0.087281796,-0.055555556,-0.040540541,0.174033149,-0.05,0.064516129,-0.062965622,-0.129411765,0.011921171,-0.085714286,2,0,-6,0.000684463,-0.023255814,0.08,0,0,-6.917342298,0,0
0,2018,7.174,0.09,0.22,0.2,3.08,-11.68,46.22,0.32,0.11,0.01,0.49,3.475413,0.12,-0.02,0.15,-0.02,11.91,1.09,0.33,0.09,0.14,-1831869,0,0,0,0,0,0,0,1,0,5.273,0.69,0.22,0.2,2.95,-15.06,53.72,0.33,0.03,0.01,0.42,3.116872,0.11,0,0.09,0,11.97,1.07,0.34,0.03,0.09,-235760,0,0,1,0.202,1.34,0.22,0.2,2.43,-15.93,43.67,0.34,-0.04,0.01,0.38,3.168217,0.07,-0.13,0.05,-0.12,11.99,1.06,0.41,-0.01,0.05,-14022579,0,1,0.360515835,-0.869565217,0.044067797,-0.224435591,-0.224811083,-0.139612807,-0.03030303,2.666666667,0,0.166666667,0.115032314,0.090909091,-2,0.666666667,-2,-0.005012531,0.018691589,-0.029411765,2,0.555555556,6.770058534,0,0
0,2021,5.789,1.33,0.03,0.22,9.94,0.32,44.51,0.46,0.21,108.67,0.29,2.021999,0.5,0.14,0.35,2.51,11.1,0.06,0.1,0.36,6.22,6453851,0,0,1,0,0,0,1,0,0,5.821,1.3,0.03,0.22,9.74,0,40.81,0.5,0.19,119.46,0.28,1.828155,0.53,0.09,0.31,1.41,10.94,0.06,0.1,0.41,4.71,3595279,0,0,0,4.576,1.39,0.03,0.22,8.53,0.01,30.73,0.47,0.21,119.79,0.32,1.779792,0.55,0.05,0.39,0.56,10.86,0.08,0.12,0.45,4.72,1655868,0,0,-0.005497337,0.023076923,0.020533881,32,-0.142857143,0.090664053,-0.08,0.105263158,-0.090323121,0.035714286,0.106032585,-0.056603774,0.555555556,0.129032258,0.780141844,0.014625229,0,0,-0.12195122,0.32059448,0.795090451,0,0
0,2021,6.196,1.08,0.06,0.39,0.58,0.18,42.2,0.39,0.02,3.32,0.48,4.497521,-0.23,-0.02,0.14,-0.04,11.43,0.62,1.73,0.04,0.22,-1407759,1,0,0,1,0,0,0,1,0,3.588,0.77,0.06,0.39,0.52,0.13,40.38,0.43,-0.06,2.3,0.36,4.190357,-0.27,-0.34,0.03,-0.56,11.46,0.61,1.94,0,0.05,-22619996,1,0,1,4.918,1.07,0.06,0.39,1.34,0.05,47.68,0.39,0.03,5.69,0.43,3.969842,0.08,-0.02,0.16,-0.07,11.47,0.28,0.75,0.16,0.59,-1235044,0,0,0.726867336,0.402597403,0.115384615,0.384615385,0.050955414,0.045071818,-0.093023256,-1.333333333,0.443478261,0.333333333,0.073302585,-0.148148148,-0.941176471,3.666666667,-0.928571429,-0.002617801,0.016393443,-0.108247423,4,3.4,-0.937764843,0,0
0,2012,2.412,1.03,0.26,0.08,0.89,0.32,38.08,0.62,0,0.05,0.6,8.516229,-0.13,0.11,0.04,0.09,12.35,1.13,1.13,0.04,0.04,16885000,1,0,1,0,0,0,0,0,0,2.353,1.14,0.26,0.08,0.79,0.32,39.14,0.66,-0.03,0.05,0.59,8.431252,-0.27,0.04,0.02,0.03,12.2,1.27,1.27,0.02,0.01,5082000,1,0,0,0.068,1.66,0.26,0.08,0.74,0.32,41.56,0.52,-0.17,0.06,0.57,7.935964,-0.35,-0.03,-0.17,-0.02,12.07,1.35,1.35,-0.04,-0.12,-3267000,1,1,0.025074373,-0.096491228,0.126582278,0,0.880597015,-0.027082269,-0.060606061,-1,0,0.016949153,0.010078812,-0.518518519,1.75,1,2,0.012295082,-0.11023622,-0.11023622,1,3,2.322510823,0,0
0,2014,5.798,1.11,0.14,0.28,1.65,1.41,39.95,0.44,0.05,15.7,0.4,2.198505,0.06,0.04,0.11,0.07,11.94,0.62,0.61,0.04,0.18,4453489,0,0,0,1,0,0,0,1,0,2.819,0.93,0.14,0.28,1.99,1.61,46.31,0.49,-0.03,15.87,0.4,2.067642,0.08,0.04,0.05,0.06,11.9,0.65,0.5,0.05,0.08,3921936,0,0,1,1.528,0.84,0.14,0.28,1.5,1.86,69.18,0.53,-0.07,0.69,0.44,2.1175,0.07,-0.02,0.01,-0.04,11.93,0.7,0.67,-0.02,0.02,-2604441,0,1,1.056757716,0.193548387,-0.170854271,-0.124223602,-0.108695652,-0.137335349,-0.102040816,-2.666666667,-0.010712035,0,0.063290937,-0.25,0,1.2,0.166666667,0.003361345,-0.046153846,0.22,-0.2,1.25,0.135533318,0,0
0,2015,4.447,0.65,0.17,0.13,0.73,0.32,21.84,0.54,0.11,0.64,0.55,12.014979,-0.37,0.26,0.16,0.19,13.35,1.37,1.37,0.23,0.12,114750465,1,0,1,0,0,0,1,0,0,0.036,1.3,0.17,0.13,0.55,0,28.09,0.69,-0.22,0.68,0.62,12.876978,-0.83,-0.65,-0.2,-0.36,13.08,1.83,1.83,-0.14,-0.11,-216457000,1,1,0,0.042,2.53,0.17,0.13,0.85,0.32,38.76,0.74,-0.25,1.42,0.67,17.420417,-0.17,-0.11,-0.22,-0.09,13.11,1.17,1.17,-0.22,-0.19,-36896000,1,1,122.5277778,-0.5,0.327272727,32,0.678733032,-0.22249911,-0.217391304,-1.5,-0.058823529,-0.112903226,-0.066941094,-0.554216867,-1.4,-1.8,-1.527777778,0.020642202,-0.25136612,-0.25136612,-2.642857143,-2.090909091,-1.530130534,0,0
0,2009,0.795,0.98,0.24,0.36,1.48,1.32,46.93,0.49,-0.01,28.56,0.69,17.869279,0.07,0,0.06,0,14.1,0.63,0.68,0.01,0.09,-1934755,0,0,0,0,0,0,0,0,1,0.802,0.98,0.24,0.36,1.48,1.25,47.31,0.49,-0.01,26.09,0.71,18.143319,0.07,-0.03,0.06,-0.05,14.06,0.62,0.68,0,0.1,-24798347,0,0,1,1.05,0.98,0.24,0.36,1.38,1.16,54.39,0.49,-0.01,13.83,0.73,17.310375,0.05,0.06,0.05,0.1,14.08,0.6,0.72,0.04,0.09,54855907,0,0,-0.00872818,0,0,0.056,0.06875,-0.008032129,0,0,0.094672288,-0.028169014,-0.015104182,0,-1,0,-1,0.00284495,0.016129032,0,1,-0.1,-0.921980485,0,0
0,2020,1.542,0.9,0.28,0.39,1.72,0.24,55.57,0.75,-0.17,124.96,0.69,50.946963,0.11,0.03,-0.04,0.1,15.61,0.31,0.58,0.05,-0.13,136212993,0,0,0,1,0,0,0,1,0,3.878,0.96,0.28,0.39,1.48,0.13,61.3,0.68,-0.06,58.33,0.71,52.694847,0.06,0.05,0,0.2,15.45,0.23,0.68,0.06,0,167262792,0,0,1,4.112,0.97,0.28,0.39,1.49,0.09,59.73,0.67,-0.05,62,0.69,50.758386,0.07,0.08,0,0.38,15.35,0.2,0.67,0.08,0.02,247175069,0,0,-0.602372357,-0.0625,0.162162162,0.846153846,0.5,-0.093474715,0.102941176,1.833333333,1.142293845,-0.028169014,-0.033169923,0.833333333,-0.4,-4,-0.5,0.010355987,0.347826087,-0.147058824,-0.166666667,-13,-0.185634824,0,0
0,2011,3.103,0.98,0.09,0.16,2.08,0.65,51.63,0.4,-0.01,25.51,0.63,19.559762,0.12,0.08,0.06,0.16,13.09,0.46,0.48,0.06,0.13,25571641,0,0,1,0,0,1,0,0,0,3.077,0.98,0.09,0.16,2.39,0.91,48.34,0.34,-0.01,28.48,0.67,20.061596,0.15,-0.02,0.06,-0.03,13.09,0.53,0.42,0.04,0.11,-5891137,0,0,0,0.873,0.95,0.09,0.16,2.16,0.78,46.98,0.35,-0.03,34.99,0.66,19.499962,0.13,-0.13,0.05,-0.26,13.05,0.5,0.46,-0.03,0.09,-42416197,0,1,0.008449789,0,-0.129707113,-0.285714286,-0.252173913,0.068059578,0.176470588,0,-0.104283708,-0.059701493,-0.02501466,-0.2,-5,0,-6.333333333,0,-0.132075472,0.142857143,0.5,0.181818182,-5.340697051,0,0
0,2020,4.961,1.02,0.05,0.2,2.1,0.68,43.04,0.48,0.01,127.27,0.91,72.135392,0.28,0.02,0.06,0.03,14.87,0.56,0.48,0.02,0.11,31824026,0,0,0,1,0,0,1,0,0,5.872,1.13,0.05,0.2,2.76,0.63,52.64,0.49,0.05,99.24,0.97,71.502713,0.33,0.05,0.12,0.1,14.71,0.5,0.36,0.05,0.24,81896219,0,0,0,7.133,1.09,0.05,0.2,2.89,0.66,53.49,0.5,0.04,92.32,0.99,66.960979,0.32,0.04,0.1,0.09,14.61,0.5,0.35,0.04,0.21,68347111,0,0,-0.155143052,-0.097345133,-0.239130435,0.079365079,0.247524752,-0.182370821,-0.020408163,-0.8,0.282446594,-0.06185567,0.008848322,-0.151515152,-0.6,-0.5,-0.7,0.010876954,0.12,0.333333333,-0.6,-0.541666667,-0.611410314,0,0
0,2017,7.137,1.38,0.04,0.38,1.81,6.29,55.49,0.36,0.07,-0.02,0.83,3.413555,0.14,0.08,0.14,0.09,12.22,0.89,0.55,0.08,0.15,11111399,0,0,0,0,0,0,0,0,0,7.854,1.49,0.04,0.38,1.25,20.44,68.09,0.33,0.03,-0.02,0.62,2.95057,0.03,0.06,0.12,0.06,12.05,0.96,0.8,0.06,0.12,6975268,0,0,0,8.143,0.31,0.04,0.38,1.16,-49.67,56.66,0.34,0.02,-0.08,0.73,2.829448,0.02,0.03,0.1,0.03,11.97,1.02,0.86,0.06,0.1,3694425,0,0,-0.091291062,-0.073825503,0.448,-0.692270059,-0.664513351,-0.1850492,0.090909091,1.333333333,0,0.338709677,0.156913749,3.666666667,0.333333333,0.166666667,0.5,0.014107884,-0.072916667,-0.3125,0.333333333,0.25,0.592970908,0,0
0,2019,2.868,0.62,0.07,0.21,4.78,0.12,42.16,0.61,-0.12,35.64,0.36,1.660289,0.48,0.02,-0.21,0.11,9.25,0.22,0.21,-0.16,-0.98,174581,0,1,0,1,0,0,0,1,0,3.884,0.82,0.07,0.21,2.25,0.12,55.54,0.59,-0.06,55.25,0.33,2.171736,0.35,-0.03,-0.01,-0.07,9.42,0.36,0.44,-0.08,-0.02,-223484,0,1,1,2.36,0.62,0.07,0.21,1.49,0.12,67.02,0.71,-0.14,41.68,0.26,1.884048,0.23,-0.03,-0.09,-0.05,9.77,0.53,0.67,-0.1,-0.17,-348679,0,1,-0.261585994,-0.243902439,1.124444444,0,-0.5,-0.240907454,0.033898305,1,-0.354932127,0.090909091,-0.235501461,0.371428571,-1.666666667,20,-2.571428571,-0.018046709,-0.388888889,-0.522727273,1,48,-1.781178966,0,0
0,2010,7.857,1.03,0.01,0.27,2.88,0.84,55.66,0.51,0.02,13.04,0.81,12.138308,0.14,0.03,0.06,0.06,13.34,0.5,0.35,0.03,0.12,13689991,0,0,1,0,0,0,0,0,0,7.166,1.05,0.01,0.27,2.94,0.43,62.04,0.51,0.04,8.41,0.85,12.666009,0.18,0.06,0.08,0.15,13.04,0.36,0.34,0.06,0.23,17938346,0,0,0,7.206,1.05,0.01,0.27,2.91,0.49,73.62,0.51,0.04,12.38,0.83,12.403072,0.18,0.06,0.08,0.16,12.99,0.39,0.34,0.06,0.22,18863160,0,0,0.096427575,-0.019047619,-0.020408163,0.953488372,0.736842105,-0.102836879,0,-0.5,0.550535077,-0.047058824,-0.041662768,-0.222222222,-0.5,-0.25,-0.6,0.023006135,0.388888889,0.029411765,-0.5,-0.47826087,-0.236830921,0,0
0,2020,7.533,1.06,0.01,0.36,1.56,0.36,36.85,0.6,0.09,154.62,0.33,5.747024,0.08,0.03,0.07,0.08,13.34,0.37,0.64,0.1,0.18,13430124,0,0,0,0,0,0,0,1,0,6.611,1.1,0.01,0.36,2.04,0.38,34.86,0.57,0.13,89.56,0.37,6.269082,0.1,0.04,0.1,0.11,13.24,0.34,0.49,0.11,0.29,14863723,0,0,1,6.588,1.1,0.01,0.36,2.69,0.41,31.54,0.58,0.12,97.02,0.37,6.312644,0.12,0.04,0.1,0.11,13.18,0.34,0.37,0.1,0.29,14362349,0,0,0.139464529,-0.036363636,-0.235294118,-0.052631579,0.153846154,0.057085485,0.052631579,-0.307692308,0.726440375,-0.108108108,-0.083275031,-0.2,-0.25,-0.3,-0.272727273,0.00755287,0.088235294,0.306122449,-0.090909091,-0.379310345,-0.096449523,0,0
0,2011,2.839,3.1,0.01,0.31,3.12,-24.85,43.62,0.35,-0.07,0.07,0.4,3.888827,0.12,-0.04,-0.02,-0.04,11.46,1.05,0.32,-0.08,-0.02,-2678632,0,1,0,0,1,0,0,0,0,2.37,-222.4,0.01,0.31,3.79,2188.82,54.42,0.3,-0.09,0.06,0.39,3.766916,0.15,-0.07,0.05,-0.07,11.54,1,0.26,-0.09,0.05,-5313089,0,1,0,7.541,1.99,0.01,0.31,3.36,11.88,49.41,0.29,0.07,-0.39,0.38,3.693348,0.12,-0.01,0.22,-0.01,11.55,0.93,0.3,-0.06,0.24,-384546,0,1,0.197890295,-1.013938849,-0.176781003,-1.011353149,-1.00886941,-0.19845645,0.166666667,-0.222222222,0.166666667,0.025641026,0.03236361,-0.2,-0.428571429,-1.4,-0.428571429,-0.006932409,0.05,0.230769231,-0.111111111,-1.4,-0.495842814,0,0
0,2013,4.234,0.97,0.02,0.34,3.42,1.68,34.93,0.46,-0.01,117.97,0.44,3.720325,0.27,0.02,0.01,0.03,12.22,0.67,0.29,0.04,0.02,2586039,0,0,0,1,0,0,0,0,1,2.282,0.93,0.02,0.34,1.5,0.91,30.81,0.46,-0.03,106.02,0.48,3.590085,0.13,0.03,0,0.04,12,0.61,0.67,0.02,-0.01,3098614,0,0,1,0.093,0.82,0.02,0.34,2.92,1,24.5,0.49,-0.08,185.2,0.51,3.884796,0.38,0.03,-0.03,0.05,11.9,0.6,0.34,0.01,-0.06,3050836,0,0,0.855390009,0.043010753,1.28,0.846153846,0.280254777,0.133722817,0,-0.666666667,0.112714582,-0.083333333,0.036277693,1.076923077,-0.333333333,1,-0.25,0.018333333,0.098360656,-0.567164179,1,-3,-0.165420733,0,0
0,2019,5.647,1.19,0.1,0.2,200.04,0.01,1276.87,0.22,0.19,0.01,0.72,29.950778,3.47,0.23,0.22,9.43,14.12,0.02,0,0.21,9.12,216945916,0,0,0,0,0,0,1,0,0,4.777,1.26,0.1,0.2,188.26,0,900.02,0.22,0.22,0.01,0.69,26.405709,3.1,0.29,0.3,16.42,13.84,0.02,0.01,0.29,16.96,208987622,0,0,0,7.869,1.32,0.1,0.2,237.73,0,509.87,0.23,0.21,0.13,0.69,24.578771,2.19,0.36,0.38,39.15,13.48,0.01,0,0.36,40.68,181687351,0,0,0.182122671,-0.055555556,0.062573037,1,0.5,0.418712917,0,-0.136363636,0,0.043478261,0.134253884,0.119354839,-0.206896552,-0.266666667,-0.425700365,0.020231214,0,-1,-0.275862069,-0.462264151,0.038080217,0,0
0,2013,4.576,1.31,0.06,0.3,1.33,0.87,37.29,0.29,0.06,17.99,0.33,0.39041,0.09,0.05,0.21,0.08,9.72,0.62,0.75,0.11,0.34,563669,0,0,0,0,1,0,0,0,0,6.649,1.24,0.06,0.3,1.25,0.87,39.79,0.28,0.04,7.68,0.37,0.395544,0.07,-0.1,0.18,-0.16,9.58,0.62,0.8,0.01,0.3,-973876,0,0,0,4.502,1.63,0.06,0.3,1.75,0.54,40.67,0.25,0.12,14.84,0.41,0.384137,0.18,0,0.4,0,9.54,0.5,0.57,0.22,0.8,-16815,0,0,-0.311776207,0.056451613,0.064,0,0.00617284,-0.062829857,0.035714286,0.5,1.342447917,-0.108108108,-0.012979593,0.285714286,-1.5,0.166666667,-1.5,0.014613779,0,-0.0625,10,0.133333333,-1.578789291,0,0
0,2020,4.515,1.39,0,0.14,1.67,0.32,48.7,0.27,0.16,49.58,0.3,0.293702,0.22,0.26,0.37,0.8,9.71,0.33,0.6,0.38,1.12,3003373,0,0,0,0,1,0,0,0,0,4.556,1.48,0,0.14,1.76,0.57,36.65,0.26,0.12,27.37,0.27,0.281208,0.19,0.11,0.39,0.21,9.56,0.53,0.57,0.22,0.75,1078120,0,0,0,4.536,1.74,0,0.14,1.71,1.15,43.58,0.25,0.15,32.03,0.25,0.292021,0.19,0.16,0.42,0.24,9.62,0.66,0.59,0.25,0.64,1657681,0,0,-0.008999122,-0.060810811,-0.051136364,-0.438596491,-0.558558559,0.328785812,0.038461538,0.333333333,0.811472415,0.111111111,0.044429746,0.157894737,1.363636364,-0.051282051,2.80952381,0.015690377,-0.377358491,0.052631579,0.727272727,0.493333333,1.785750195,0,0
0,2013,0.148,0.02,0.36,0.12,0.88,0.7,56.06,0.59,-0.24,-0.11,0.68,12.445463,-0.04,0,-0.26,0,12.5,0.63,1.13,0.01,-0.41,-435498,1,0,0,0,0,0,1,0,0,0.127,-0.04,0.36,0.12,0.94,0.78,47.73,0.55,-0.25,-0.23,0.69,12.319864,-0.02,-0.12,-0.28,-0.19,12.51,0.63,1.07,-0.07,-0.44,-23000237,1,1,0,0.149,0.44,0.36,0.12,1.29,0.66,51.59,0.6,-0.19,-0.1,0.71,11.922644,0.08,-0.04,-0.16,-0.07,12.61,0.56,0.78,0.01,-0.29,-7729794,0,0,0.165354331,-1.5,-0.063829787,-0.102564103,0,0.174523361,0.072727273,-0.04,-0.52173913,-0.014492754,0.010194837,1,-1,-0.071428571,-1,-0.000799361,0,0.056074766,-1.142857143,-0.068181818,-0.981065499,0,0
0,2021,1.452,9.04,0.06,0.3,0.95,-11.19,70.86,0.65,-0.36,12.4,0.29,0.929505,-0.02,-0.06,-0.37,-0.06,10.49,1.05,1.05,-0.08,-0.35,-1510831,0,1,0,0,0,0,0,0,0,0.171,-53.33,0.06,0.3,0.66,52.25,60.25,0.82,-0.35,16.53,0.23,0.868796,-0.19,-0.09,-0.37,-0.09,10.49,0.99,1.51,-0.04,-0.37,-2191659,0,1,0,1.492,-2.83,0.06,0.3,1.13,4,63.24,0.75,-0.25,15.17,0.33,1.130578,0.06,0.39,-0.34,0.44,10.37,0.89,0.88,0.43,-0.38,8662333,0,0,7.49122807,-1.169510594,0.439393939,-1.214162679,-1.162271151,0.176099585,-0.207317073,0.028571429,-0.24984876,0.260869565,0.069877163,-0.894736842,-0.333333333,0,-0.333333333,0,0.060606061,-0.304635762,1,-0.054054054,-0.310645041,0,0
0,2013,2.817,0.59,0.05,0.36,1.12,3.76,44.42,0.45,-0.12,5.49,0.49,11.381846,0.02,-0.07,-0.02,-0.09,13.13,0.82,0.89,-0.13,-0.02,-25748715,0,1,0,0,0,0,1,0,0,2.313,0.87,0.05,0.36,1.29,2.55,62.26,0.44,-0.05,6.27,0.59,11.878697,0.03,-0.11,0.02,-0.15,13.16,0.75,0.78,0,0.03,-40314543,0,1,0,5.225,1.03,0.05,0.36,1.81,3.52,107.65,0.45,0.02,44.83,0.52,10.596516,0.07,0.06,0.03,0.08,13.73,0.8,0.55,0.05,0.03,40750674,0,0,0.217898833,-0.32183908,-0.131782946,0.474509804,0.486754967,-0.286540315,0.022727273,1.4,-0.124401914,-0.169491525,-0.041827062,-0.333333333,-0.363636364,-2,-0.4,-0.002279635,0.093333333,0.141025641,-13,-1.666666667,-0.361304555,0,0
0,2016,1.888,0.97,0.06,0.21,1.17,0.68,46.46,0.41,-0.03,34.08,0.4,3.233506,0.02,0.01,0.05,0.01,12.13,0.47,0.85,0.01,0.1,876575,0,0,0,0,0,0,0,1,0,2.263,0.98,0.06,0.21,1.14,0.71,50.5,0.4,-0.02,28.5,0.45,3.416818,0.02,-0.01,0.05,-0.02,12.15,0.49,0.87,-0.01,0.1,-1333412,0,1,1,5.425,1.05,0.06,0.21,1.18,0.7,52.25,0.37,0.05,47.34,0.45,3.649596,0.02,0.03,0.08,0.05,12.17,0.49,0.85,0.03,0.17,3630838,0,0,-0.165709236,-0.010204082,0.026315789,-0.042253521,-0.052631579,-0.08,0.025,0.5,0.195789474,-0.111111111,-0.053649916,0,-2,0,-1.5,-0.001646091,-0.040816327,-0.022988506,-2,0,-1.657392464,0,0
0,2017,0.108,0.34,0.08,0.47,5.64,0.01,62.31,0.67,-0.29,18.37,0.47,2.073812,0.49,0.04,-0.53,0.33,9.59,0.12,0.18,0.35,-4.57,388709,0,0,0,1,1,1,0,0,0,0.084,0.15,0.08,0.47,8.21,0.02,62.94,0.74,-0.41,24.76,0.54,2.076483,0.49,0.01,-0.73,0.12,9.51,0.08,0.12,0.11,-8.64,92626,0,0,0,0.092,0.2,0.08,0.47,8.35,0.02,64.89,0.69,-0.41,10.24,0.49,1.90921,0.44,0.14,-0.68,1.78,9.49,0.08,0.12,0.3,-8.5,1325875,0,0,0.285714286,1.266666667,-0.313032887,-0.5,0.444444444,-0.010009533,-0.094594595,-0.292682927,-0.258077544,-0.12962963,-0.00128631,0,3,-0.273972603,1.75,0.008412198,0.5,0.5,2.181818182,-0.471064815,3.196543087,0,0
0,2014,5.838,1.03,0.18,0.48,3.05,0.2,34.99,0.55,0.04,39.22,0.42,3.72401,0.22,0.08,0.06,0.33,12.14,0.25,0.33,0.08,0.24,11026991,0,0,0,0,0,0,1,0,0,5.825,1.04,0.18,0.48,2.2,0.23,34.16,0.56,0.04,25.05,0.42,3.458701,0.14,0.1,0.06,0.36,12.06,0.28,0.45,0.1,0.23,12130790,0,0,0,4.529,1.08,0.18,0.48,2.17,0.19,35.82,0.53,0.07,19.31,0.4,3.469993,0.15,0.12,0.1,0.45,11.88,0.26,0.46,0.12,0.39,11804689,0,0,0.00223176,-0.009615385,0.386363636,-0.130434783,-0.128205128,0.024297424,-0.017857143,0,0.565668663,0,0.0767077,0.571428571,-0.2,0,-0.083333333,0.006633499,-0.107142857,-0.266666667,-0.2,0.043478261,-0.090991518,0,0
0,2015,4.363,1,0.1,0.48,2.07,0.02,101.74,0.5,0,25.56,0.21,1.022144,0.27,0.02,0.04,0.06,10.76,0.26,0.48,0.04,0.17,535346,1,0,0,0,0,0,0,0,0,0.446,0.81,0.1,0.48,3.04,0.32,88.3,0.54,-0.09,2.48,0.16,0.762235,0.3,-0.13,-0.08,-0.92,10.58,0.15,0.33,-0.14,-0.54,-3659984,1,1,0,0.241,0.86,0.1,0.48,2.54,0.32,66.79,0.5,-0.08,8.52,0.25,0.87249,0.34,-0.13,-0.05,-0.59,10.83,0.22,0.39,-0.09,-0.2,-4634393,1,1,8.782511211,0.234567901,-0.319078947,-0.9375,1.117647059,0.152208381,-0.074074074,-1,9.306451613,0.3125,0.340982768,-0.1,-1.153846154,-1.5,-1.065217391,0.017013233,0.733333333,0.454545455,-1.285714286,-1.314814815,-1.146270038,0,0
0,2017,1.72,1.09,0.04,0.35,0.7,-9.78,48.51,0.42,0,94.55,0.21,2.586933,-0.11,-1.21,0.16,-1.13,10.52,1.07,1.43,0.06,0.15,-31219264,1,0,0,1,0,0,0,1,0,7.58,1.07,0.04,0.35,2.25,0.64,33.51,0.45,0.04,30.56,0.19,2.672709,0.13,-0.02,0.12,-0.04,11.25,0.45,0.44,0.02,0.26,-956956,0,0,1,7.851,1.07,0.04,0.35,1.91,0.64,32.44,0.47,0.04,6.16,0.21,2.791016,0.09,0.01,0.11,0.03,11.27,0.45,0.52,0.03,0.25,734465,0,0,-0.773087071,0.018691589,-0.688888889,-16.28125,-18.91463415,0.447627574,-0.066666667,-1,2.093913613,0.105263158,-0.032093281,-1.846153846,59.5,0.333333333,27.25,-0.064888889,1.377777778,2.25,2,-0.423076923,31.62351038,0,0
0,2011,4.938,1.03,0.03,0.39,1.36,0.01,66.86,0.54,0.04,6.13,0.41,4.922467,0.04,0.11,0.06,0.83,12.61,0.13,0.74,0.1,0.45,22217371,0,0,0,0,0,0,1,0,0,7.85,1.05,0.03,0.39,1.29,0.01,48.54,0.42,0.05,6.32,0.44,4.997531,0.03,0.11,0.08,0.93,12.47,0.12,0.77,0.11,0.62,20810420,0,0,0,5.142,1,0.03,0.39,1.48,0.06,41.15,0.35,0,10.62,0.4,5.055283,0.05,0.05,0.03,0.34,12.36,0.15,0.67,0.05,0.22,8243959,0,0,-0.370955414,-0.019047619,0.054263566,0,0.071428571,0.377420684,0.285714286,-0.2,-0.030063291,-0.068181818,-0.015020217,0.333333333,0,-0.25,-0.107526882,0.011226945,0.083333333,-0.038961039,-0.090909091,-0.274193548,0.067608006,0,0
0,2011,4.13,0.89,0.26,0.17,3.4,-0.28,71.68,0.52,-0.09,-4.93,0.16,1.526232,0.27,-0.12,-0.06,-166646300,9.86,-0.23,0.29,-0.12,-75796400,-1666463,0,1,0,0,0,0,0,0,0,1.734,0.96,0.26,0.17,3.44,-0.3,71.63,0.4,-0.03,-4.79,0.17,1.461843,0.28,2.87,0.03,4112348500,9.93,-0.27,0.29,-0.03,36223300,41123485,0,1,0,3.902,1.09,0.26,0.17,3.14,-1.6,80.52,0.4,-0.08,-1.55,0.2,1.593239,0.3,-0.79,-0.05,-0.33,10.04,2.44,0.32,-0.09,-0.02,-12680512,0,1,1.38177624,-0.072916667,-0.011627907,-0.066666667,-0.095238095,0.000698032,0.3,2,0.029227557,-0.058823529,0.044046454,-0.035714286,-1.041811847,-3,-1.040523389,-0.007049345,-0.148148148,0,3,-3.09247639,-1.040523389,1,0
0,2011,6.631,1.15,0.03,0.34,6.14,3.04,64.31,0.57,0.05,-103.71,0.26,1.761243,0.14,0.2,0.13,0.26,11.04,0.76,0.16,0.2,0.17,8512725,0,0,0,0,0,0,0,1,0,4.766,1.71,0.03,0.34,9.08,18.54,162.73,0.42,0.04,46,0.31,2.086898,0.5,-1.15,0.11,-1.21,10.95,0.95,0.11,0.09,0.12,-45664482,0,0,1,6.605,1.03,0.03,0.34,3.25,0.14,59.54,0.46,0.05,44.54,0.31,2.087158,0.15,0.08,0.07,0.47,11.33,0.18,0.31,0.09,0.39,4827977,0,0,0.39131347,-0.32748538,-0.323788546,-0.836030205,-0.841149773,-0.604805506,0.357142857,0.25,-3.254565217,-0.161290323,-0.156047397,-0.72,-1.173913043,0.181818182,-1.214876033,0.008219178,-0.2,0.454545455,1.222222222,0.416666667,-1.186418955,0,0
0,2017,4.541,1.1,0.05,0.51,-0.1,0.04,56.17,0.28,0.23,-2.94,0.36,2.546354,4.24,0.33,0.63,1162496100,10.84,-3.67,-9.94,0.47,2249897300,11624961,0,0,0,0,1,0,0,1,0,4.476,1.12,0.05,0.51,-0.13,0.05,67.8,0.27,0.25,-3.77,0.29,2.571934,4.25,0.56,0.74,1914512400,10.8,-3.55,-7.6,0.56,2519422100,19145124,0,0,1,4.468,1.11,0.05,0.51,-0.12,0.05,44.89,0.25,0.19,-2.85,0.28,2.648963,3.67,0.49,0.52,1617685700,10.77,-3.08,-8.42,0.49,1716242100,16176857,0,0,0.014521895,-0.017857143,-0.230769231,-0.2,0.012820513,-0.171533923,0.037037037,-0.08,-0.220159151,0.24137931,-0.009945823,-0.002352941,-0.410714286,-0.148648649,-0.392797822,0.003703704,0.033802817,0.307894737,-0.160714286,-0.106978819,-0.392797822,1,1
0,2019,0.069,0.87,0.09,0.21,0.54,0.39,56.5,0.22,-0.23,62.53,0.7,61.906257,-0.12,0.08,-0.06,0.16,16.49,0.47,1.85,0.1,-0.12,781694396,1,0,0,0,0,0,1,0,0,0.072,0.86,0.09,0.21,0.52,0.39,55.83,0.24,-0.22,66.73,0.71,59.667768,-0.13,-0.01,-0.06,-0.01,16.35,0.48,1.91,0.04,-0.12,-48891199,1,0,0,0.075,0.87,0.09,0.21,0.58,0.35,62.32,0.26,-0.23,65.61,0.71,59.815553,-0.11,0.1,-0.06,0.23,16.3,0.45,1.72,0.13,-0.13,874156878,1,0,-0.041666667,0.011627907,0.038461538,0,-0.02173913,0.012000716,-0.083333333,0.045454545,-0.062940207,-0.014084507,0.037515883,-0.076923077,-9,0,-17,0.008562691,-0.020833333,-0.031413613,1.5,0,-16.98844806,0,0
0,2018,6.599,1.25,0.02,0.49,0.61,0.09,66.2,0.3,0.06,21.17,0.57,6.029976,-0.25,0.04,0.16,0.06,12.15,0.67,1.64,0.13,0.23,5412729,0,0,0,0,1,0,0,1,0,6.589,1.18,0.02,0.49,1.26,1.29,43.86,0.3,0.04,14.51,0.56,6.187464,0.07,0.02,0.15,0.04,12.04,0.68,0.79,0.1,0.22,2808424,0,0,1,1.47,0.72,0.02,0.49,1.45,1.65,53.55,0.32,-0.07,24.9,0.46,4.815974,0.1,-0.03,0,-0.04,12.07,0.71,0.69,-0.03,0,-3869491,0,1,0.001517681,0.059322034,-0.515873016,-0.930232558,-0.043062201,0.509347925,0,0.5,0.458993797,0.017857143,-0.025452754,-4.571428571,1,0.066666667,0.5,0.009136213,-0.014705882,1.075949367,0.3,0.045454545,0.927319023,0,0
0,2014,6.634,1.17,0,0.42,1.57,0.01,82.37,0.17,0.15,0.13,0.65,9.809631,0.21,0.12,0.15,0.32,13.68,0.38,0.64,0.12,0.4,73152322,1,0,0,0,0,0,0,0,1,6.633,1.22,0,0.42,1.22,0.01,85.15,0.18,0.15,0.08,0.76,9.932147,0.1,0.14,0.17,0.32,13.56,0.44,0.82,0.14,0.37,76245206,1,0,1,7.563,1.15,0,0.42,1.08,0.01,79.81,0.19,0.09,0.01,0.82,10.361676,0.04,0.1,0.13,0.2,13.38,0.5,0.93,0.1,0.26,45759219,1,0,0.000150761,-0.040983607,0.286885246,0,-0.225,-0.032648268,-0.055555556,0,0.625,-0.144736842,-0.012335299,1.1,-0.142857143,-0.117647059,0,0.008849558,-0.136363636,-0.219512195,-0.142857143,0.081081081,-0.040564964,0,0
0,2015,0.027,-6.85,0.06,0.3,1.68,0.32,35.85,1.27,-1.67,8.71,0.21,2.334484,0.4,-0.06,-2.89,-0.1,10.86,0.6,0.6,0,-4.83,-2062400,0,1,1,0,0,0,0,0,1,0.028,-5.38,0.06,0.3,2,0.32,38.57,1.21,-1.66,29.65,0.2,2.288909,0.5,0.15,-2.91,0.29,10.78,0.5,0.5,0.26,-5.8,4940579,0,0,1,0.036,-6.65,0.06,0.3,1.84,0.32,46.72,1.2,-1.55,29.88,0.19,2.12446,0.46,-0.69,-3.09,-1.28,10.52,0.54,0.54,-0.49,-5.68,-17869530,0,1,-0.035714286,0.273234201,-0.16,0,0.465346535,-0.07052113,0.049586777,0.006024096,-0.70623946,0.05,0.019911233,-0.2,-1.4,-0.006872852,-1.344827586,0.00742115,0.2,0.2,-1,-0.167241379,-1.417440952,0,0
0,2009,3.666,0.97,0.03,0.35,4.01,2.06,84.18,0.32,-0.01,8.4,0.7,14.379396,0.41,-0.13,0.05,-0.18,13,0.72,0.25,0,0.08,-39204116,0,1,0,0,0,0,1,0,0,1.943,1,0.03,0.35,2.75,0.95,99.41,0.33,0,9.39,0.7,14.129427,0.36,-0.01,0.05,-0.02,13,0.59,0.36,0.03,0.08,-3095732,0,0,0,0.406,0.96,0.03,0.35,2.48,0.88,84.8,0.34,-0.02,2.3,0.68,12.993612,0.19,0.01,0.04,0.01,12.9,0.54,0.4,0.03,0.07,1494172,0,0,0.886773031,-0.03,0.458181818,1.168421053,0.751724138,-0.153203903,-0.03030303,-1,-0.10543131,0,0.017691376,0.138888889,12,0,8,0,0.220338983,-0.305555556,-1,0,11.6639244,0,0
0,2015,3.891,0.96,0.25,0.39,2.46,0.35,51.26,0.6,-0.03,25.08,0.32,2.214593,0.17,0.03,0.03,0.1,11.47,0.35,0.41,0.03,0.08,2220869,0,0,0,0,0,0,1,0,0,2.812,0.87,0.25,0.39,2.29,0.39,49.81,0.62,-0.09,17.64,0.27,1.868443,0.14,0,-0.03,0.01,11.44,0.36,0.44,0,-0.09,310846,0,0,0,3.291,0.9,0.25,0.39,2.03,0.43,58.45,0.64,-0.08,14.01,0.33,2.118873,0.12,0,-0.01,0.01,11.46,0.38,0.49,0,-0.01,291250,0,0,0.38371266,0.103448276,0.074235808,-0.102564103,-0.053571429,0.02911062,-0.032258065,-0.666666667,0.421768707,0.185185185,0.185261204,0.214285714,3,-2,9,0.002622378,-0.027777778,-0.068181818,3,-1.888888889,6.144595716,0,0
0,2016,6.502,1.04,0.16,0.22,8.02,0.22,78.62,0.44,0.04,296.72,0.83,17.407105,0.65,0.04,0.07,0.15,13.75,0.26,0.12,0.04,0.26,25098075,0,0,0,0,0,0,1,0,0,5.928,1.05,0.16,0.22,8.69,0.26,88.3,0.43,0.06,301.62,0.79,16.481922,0.63,0.06,0.08,0.24,13.72,0.27,0.12,0.06,0.28,40479714,0,0,0,8.353,1.07,0.16,0.22,7.31,0.31,96.55,0.47,0.08,339.88,0.78,14.78526,0.58,0.09,0.07,0.29,13.67,0.31,0.14,0.09,0.24,53212973,0,0,0.09682861,-0.00952381,-0.077100115,-0.153846154,-0.054054054,-0.109626274,0.023255814,-0.333333333,-0.016245607,0.050632911,0.056133199,0.031746032,-0.333333333,-0.125,-0.375,0.002186589,-0.037037037,0,-0.333333333,-0.071428571,-0.379983885,0,0
0,2014,4.684,1.05,0.01,0.43,3.56,0.93,93.48,0.36,0.02,0.09,0.18,2.581085,0.2,0.06,0.09,0.12,11.13,0.52,0.28,0.04,0.18,2902443,0,0,0,0,1,0,0,0,0,2.098,0.98,0.01,0.43,1.84,1.08,82.33,0.4,-0.01,0.22,0.21,2.82084,0.12,0.02,0.06,0.04,11.14,0.59,0.54,0.01,0.11,1160899,0,0,0,8.122,1.06,0.01,0.43,1.78,1.24,71.07,0.37,0.03,8.38,0.22,2.880115,0.11,0.12,0.1,0.19,11.16,0.62,0.56,0.07,0.15,5743808,0,0,1.232602479,0.071428571,0.934782609,-0.138888889,-0.232394366,0.135430584,-0.1,-3,-0.590909091,-0.142857143,-0.084994186,0.666666667,2,0.5,2,-0.000897666,-0.118644068,-0.481481481,3,0.636363636,1.500168404,0,0
0,2020,2.345,1.05,0.01,0.48,0.67,-1.34,37.04,0.36,-0.05,0.16,0.26,2.407741,-0.14,-0.08,0.02,-0.03,10.5,2.72,1.49,-0.06,0.01,-1984567,1,1,0,0,1,0,0,0,0,2.338,1.07,0.01,0.48,2.88,-1.58,48.95,0.39,-0.06,0.19,0.16,3.137726,0.2,-0.14,-0.02,-0.06,10.57,2.53,0.35,-0.14,-0.01,-3893600,0,1,0,4.258,1.03,0.01,0.48,2.64,-1.48,46.38,0.39,-0.03,0.33,0.18,3.316917,0.24,-0.16,0.05,-0.06,10.32,2.78,0.38,-0.08,0.02,-3269220,0,1,0.002994012,-0.018691589,-0.767361111,-0.151898734,-0.042424242,-0.243309499,-0.076923077,-0.166666667,-0.157894737,0.625,-0.232647784,-1.7,-0.428571429,-2,-0.5,-0.006622517,0.075098814,3.257142857,-0.571428571,-2,-0.490300236,0,0
0,2009,0.088,0.83,0.06,0.3,2.07,0.32,61.47,0.63,-0.19,127.73,0.37,1.255778,0.25,0.02,-0.09,0.11,9.89,0.23,0.48,0.03,-0.39,342521,0,0,1,0,0,0,0,0,0,0.147,0.87,0.06,0.3,6.22,0.32,69.42,0.58,-0.13,195.35,0.36,1.342771,0.6,0.01,-0.07,0.11,9.71,0.11,0.16,0.03,-0.64,146544,0,0,0,3.642,0.92,0.06,0.3,16.62,0.32,70.63,0.54,-0.08,211.2,0.37,1.440406,0.76,0,-0.03,0,9.62,0.05,0.06,0.06,-0.65,0,0,0,-0.401360544,-0.045977011,-0.667202572,0,1.384615385,-0.114520311,0.086206897,0.461538462,-0.34614794,0.027777778,-0.064786177,-0.583333333,1,0.285714286,0,0.01853759,1.090909091,2,0,-0.390625,1.337325308,0,0
0,2017,7.902,0.78,0.05,0.28,0.96,-1.8,52.04,0.32,0.07,1.66,0.6,19.962101,-0.02,-0.66,0.23,-0.4,12.65,1.66,1.05,0.2,0.14,-143406186,0,0,0,0,0,0,0,0,0,7.13,46.84,0.05,0.28,1.51,151.97,50.96,0.33,0.1,2.84,0.59,21.440798,0.15,-0.5,0.28,-0.5,12.65,1,0.66,0.25,0.28,-107809997,0,0,0,8.326,1.19,0.05,0.28,1.57,1.38,49.23,0.34,0.05,2.08,0.63,21.874399,0.11,-0.01,0.11,-0.01,13.05,0.66,0.64,0.1,0.17,-2721300,0,0,0.108274895,-0.983347566,-0.364238411,-1.011844443,-1.011646178,0.021193093,-0.03030303,-0.3,-0.415492958,0.016949153,-0.06896651,-1.133333333,0.32,-0.178571429,-0.2,0,0.66,0.590909091,-0.2,-0.5,0.330175216,0,0
0,2019,4.535,1.25,0.05,0.08,3.15,-0.72,65.99,0.27,0.15,0.01,0.45,6.874901,0.55,0.82,0.77,3457874400,11.01,-1.63,0.32,0.82,3220466800,34578744,0,0,0,0,1,0,1,0,0,4.55,1.27,0.05,0.08,3.11,-0.64,61.12,0.3,0.12,0.01,0.42,6.451508,0.54,0.76,0.69,2765232200,10.87,-1.08,0.32,0.76,2508338100,27652322,0,0,0,4.504,1.56,0.05,0.08,2.72,-0.55,50.64,0.28,0.16,0.01,0.43,6.270078,0.47,1.06,1.03,3217764800,10.69,-0.59,0.37,1.06,3136149700,32177648,0,0,-0.003296703,-0.015748031,0.012861736,0.125,0.192307692,0.079679319,-0.1,0.25,0,0.071428571,0.065626982,0.018518519,0.078947368,0.115942029,0.250482473,0.012879485,0.509259259,0,0.078947368,0.28390459,0.250482473,1,1
0,2013,2.293,-2.73,0.05,0.36,0.77,2.28,41.49,0.72,-0.16,15.74,0.37,2.23536,-0.14,-0.18,-0.33,-0.21,9.59,0.89,1.29,-0.13,-0.37,-1852484,0,1,1,0,0,0,0,0,0,1.531,-0.72,0.05,0.36,1.47,1.59,58.8,0.74,-0.2,12.22,0.36,2.131175,0.16,-0.22,-0.37,-0.3,9.72,0.74,0.68,-0.13,-0.49,-2572588,0,1,0,0.204,0.75,0.05,0.36,2.63,1.01,56.25,0.65,-0.05,28.38,0.47,2.447955,0.33,0.05,-0.04,0.08,9.9,0.6,0.38,0.04,-0.07,696789,0,0,0.497713912,2.791666667,-0.476190476,0.433962264,1.783505155,-0.294387755,-0.027027027,-0.2,0.288052373,0.027777778,0.048886178,-1.875,-0.181818182,-0.108108108,-0.3,-0.013374486,0.202702703,0.897058824,0,-0.244897959,-0.279914234,0,0
0,2012,4.548,1.15,0.23,0.37,1.54,0.13,60.84,0.54,0.11,46.96,0.38,2.997857,0.1,0.05,0.18,0.18,11.33,0.29,0.65,0.05,0.61,3081708,0,0,0,0,0,0,0,0,0,0.737,0.99,0.23,0.37,1.55,0.08,44.71,0.62,-0.01,29.96,0.45,3.11743,0.08,0.01,0.07,0.04,11.14,0.21,0.65,0.01,0.32,379726,0,0,0,6.646,1.05,0.23,0.37,2.17,0.11,52.42,0.45,0.04,51.85,0.45,3.040552,0.16,0.02,0.12,0.09,11.15,0.22,0.46,0.02,0.53,992581,0,0,5.170963365,0.161616162,-0.006451613,0.625,0.576923077,0.360769403,-0.129032258,-12,0.567423231,-0.155555556,-0.038356274,0.25,4,1.571428571,3.5,0.017055655,0.380952381,0,4,0.90625,7.115609676,0,0
0,2014,4.589,1.29,0.1,0.42,2.14,1.68,40.85,0.58,0.06,87.72,0.82,33.130252,0.48,0,0.13,0,13.88,0.79,0.47,0,0.16,-199668,0,1,0,0,1,0,0,1,0,5.795,1.26,0.1,0.42,8.26,1.15,41.8,0.57,0.05,139.15,0.82,32.110814,0.85,-0.76,0.24,-1.29,13.23,0.59,0.12,0.59,0.4,-292519757,0,0,1,5.782,1.11,0.1,0.42,3.67,1.29,45.33,0.55,0.06,141.95,0.81,30.809897,0.26,0.17,0.1,0.28,14.31,0.61,0.27,0.17,0.17,192275700,0,0,-0.20811044,0.023809524,-0.740920097,0.460869565,1.566433566,-0.022727273,0.01754386,0.2,-0.36960115,0,0.031747498,-0.435294118,-1,-0.458333333,-1,0.049130763,0.338983051,2.916666667,-1,-0.6,-0.99931742,0,0
0,2021,4.49,1.37,0.01,0.25,1.21,-0.79,36.39,0.27,0.15,0.01,0.48,2.150862,0.12,0.84,0.87,916700600,9.66,-1.11,0.83,0.84,950502100,9167006,0,0,0,0,1,0,0,0,0,4.587,1.23,0.01,0.25,-0.01,8.55,28.72,0.3,0.06,0.01,0.48,1.806036,26.83,0.74,0.87,358517500,8.85,-1.88,-79.09,0.69,420461800,3585175,0,0,0,7.519,1.15,0.01,0.25,-0.02,8.27,43.52,0.33,0.03,0.01,0.51,1.916436,15.57,0.28,0.44,164638500,9.04,-0.75,-46.2,0.28,259384300,1646385,0,0,-0.021146719,0.113821138,-122,-1.092397661,-0.184615385,0.267061281,-0.1,1.5,0,0,0.190929749,-0.995527395,0.135135135,0,1.556920095,0.091525424,-0.409574468,-1.010494373,0.217391304,1.260614638,1.556920095,1,1
0,2011,5.834,1.09,0.05,0.33,1.36,0.2,91.01,0.43,0.1,18.27,0.29,2.668567,0.06,0.02,0.11,0.05,12.12,0.3,0.73,0.01,0.38,1981111,0,0,0,0,0,0,0,1,0,4.526,1.08,0.05,0.33,1.35,0.21,45.45,0.31,0.09,76.01,0.3,2.579496,0.05,0.05,0.1,0.17,12.1,0.3,0.74,0.05,0.34,6337558,0,0,1,4.49,1.1,0.05,0.33,1.41,0.23,36.94,0.31,0.1,79.66,0.36,2.930473,0.06,0.05,0.12,0.16,12.03,0.31,0.71,0.05,0.38,5925356,0,0,0.288996907,0.009259259,0.007407407,-0.047619048,0,1.002420242,0.387096774,0.111111111,-0.75963689,-0.033333333,0.034530389,0.2,-0.6,0.1,-0.705882353,0.001652893,0,-0.013513514,-0.8,0.117647059,-0.68740152,0,0
0,2010,1.542,0.55,0.06,0.3,1.92,0.19,106.57,0.6,-0.26,7.84,0.19,1.16762,0.19,-0.03,-0.21,-0.09,9.11,0.33,0.52,-0.02,-0.62,-195738,0,1,1,0,0,0,0,0,0,1.493,0.56,0.06,0.3,2.19,0.23,98.05,0.61,-0.29,19.44,0.21,1.062807,0.2,-0.11,-0.21,-0.33,9.14,0.33,0.46,-0.07,-0.63,-692168,0,1,0,3.811,0.85,0.06,0.3,3.11,0.24,106.11,0.51,-0.1,34.7,0.24,1.20112,0.29,0.1,-0.04,0.34,9.25,0.3,0.32,0.09,-0.13,749790,0,0,0.032819826,-0.017857143,-0.123287671,-0.173913043,0.041666667,0.086894442,-0.016393443,-0.103448276,-0.596707819,-0.095238095,0.098619034,-0.05,-0.727272727,0,-0.727272727,-0.003282276,0,0.130434783,-0.714285714,-0.015873016,-0.717210273,0,0
0,2020,1.614,0.9,0.1,0.18,1.72,0.27,30.07,0.39,-0.05,6.58,0.38,4.172418,0.11,0.23,0.04,0.7,11.5,0.33,0.58,0.22,0.12,15900995,0,0,0,0,0,0,1,0,0,0.464,0.97,0.1,0.18,0.43,0.07,28.88,0.38,-0.01,8.29,0.42,5.398878,-0.32,-0.01,0.09,-0.01,11.55,0.59,2.34,0.05,0.15,-453336,1,0,0,1.602,0.88,0.1,0.18,0.44,0.06,33.29,0.43,-0.04,19.59,0.48,6.647685,-0.34,0.06,0.04,0.09,11.68,0.63,2.27,0.04,0.07,4616034,1,0,2.478448276,-0.072164948,3,2.857142857,-0.647887324,0.041204986,0.026315789,4,-0.206272618,-0.095238095,-0.227169423,-1.34375,-24,-0.555555556,-71,-0.004329004,-0.440677966,-0.752136752,3.4,-0.2,-36.07551794,0,0
0,2019,7.567,1.17,0.05,0.23,2.23,0.04,61.87,0.35,0.09,0.43,0.6,10.942916,0.2,0.03,0.19,0.14,12.54,0.19,0.45,0.15,0.96,5453350,0,0,0,0,1,0,0,0,0,7.144,1.21,0.05,0.23,2.52,0.02,53.06,0.35,0.1,0.49,0.61,10.902371,0.21,0.01,0.23,0.07,12.45,0.15,0.4,0.18,1.52,1751860,0,0,0,7.186,1.16,0.05,0.23,2.65,0.01,54.96,0.35,0.08,0.21,0.62,11.11088,0.22,0,0.19,-0.03,12.43,0.14,0.38,0.15,1.4,-656262,0,0,0.059210526,-0.033057851,-0.115079365,1,0.333333333,0.166038447,0,-0.1,-0.12244898,-0.016393443,0.003718916,-0.047619048,2,-0.173913043,1,0.007228916,0.266666667,0.125,-0.166666667,-0.368421053,2.112891441,0,0
0,2013,4.476,1.33,0.15,0.22,0.94,0.34,67.25,0.27,0.22,4.21,0.05,0.440307,-0.02,0.07,0.23,0.14,10.36,0.47,1.06,0.22,0.49,1457433,1,0,0,0,1,0,0,0,0,1.13,0.96,0.15,0.22,1.36,0.7,56.21,0.32,-0.04,8.87,0.09,0.28559,0.05,0.33,0.04,0.65,10.29,0.5,0.74,0.03,0.08,6742548,0,0,0,6.412,1.06,0.15,0.22,0.36,0.32,57.5,0.33,0.02,4.3,0.13,0.297087,-0.48,0.05,0.1,0.07,9.91,0.75,2.75,0.08,0.13,747102,1,0,2.961061947,0.385416667,-0.308823529,-0.514285714,-0.128712871,0.196406333,-0.15625,-6.5,-0.525366404,-0.444444444,0.541745159,-1.4,-0.787878788,4.75,-0.784615385,0.006802721,-0.06,0.432432432,6.333333333,5.125,-0.783845365,0,0
0,2021,4.493,1.1,0.01,0.28,1.54,-0.59,40.43,0.42,0.11,0.1,0.14,1.531744,0.09,0.34,0.25,861460700,10.51,-1.01,0.65,0.27,628330800,8614607,0,0,0,1,1,0,0,0,0,1.45,0.95,0.01,0.28,0.44,-0.66,45.9,0.49,-0.06,0.06,0.1,1.296777,-0.21,0.09,-0.03,203022500,10.4,-0.85,2.28,0.07,-61472100,2030225,1,0,0,4.585,1.07,0.01,0.28,1.54,-0.42,52.78,0.45,0.08,0.29,0.11,1.422456,0.06,0.25,0.17,664902800,10.55,-0.52,0.65,0.13,451582800,6649028,0,0,2.09862069,0.157894737,2.5,-0.106060606,0.086956522,-0.119172113,-0.142857143,-2.833333333,0.666666667,0.4,0.181193066,-1.428571429,2.777777778,-9.333333333,3.243178465,0.010576923,0.188235294,-0.714912281,2.857142857,-11.221398,3.243178465,1,1
0,2017,8.085,1.01,0.62,0.1,5.99,1.03,14.15,0.69,0.01,203.15,0.59,0.160201,0.31,0,0.06,0.01,11.71,0.54,0.17,0.03,0.11,374613,0,0,1,1,0,0,0,0,0,1.513,0.95,0.62,0.1,7.96,1.01,30.41,0.67,-0.04,244.13,0.61,0.167417,0.41,0,0.03,0,11.68,0.53,0.13,0,0.06,137377,0,0,0,1.937,0.99,0.62,0.1,6.98,0.92,90.86,0.63,-0.01,251.64,0.53,0.144517,0.37,-0.31,0.05,-0.61,11.63,0.51,0.14,0.03,0.1,-24411374,0,0,4.343688037,0.063157895,-0.247487437,0.01980198,0.026315789,-0.534692535,0.029850746,-1.25,-0.167861385,-0.032786885,-0.043101955,-0.243902439,0,1,1,0.002568493,0.018867925,0.307692308,3,0.833333333,1.726897516,0,0
0,2020,4.458,1.82,0.05,0.25,3.23,1.23,43.29,0.32,0.26,148.04,0.47,4.552271,0.36,0.01,0.35,0.02,12.27,0.62,0.31,0.26,0.57,1665553,0,0,0,0,1,0,0,1,0,4.442,2.14,0.05,0.25,2.57,1.1,41.69,0.29,0.32,119.43,0.5,5.068678,0.3,0,0.5,0,12.21,0.61,0.39,0.36,0.81,-280435,0,0,1,4.444,2,0.05,0.25,2.69,1.21,44.26,0.29,0.3,129.66,0.53,4.674852,0.3,0.09,0.43,0.15,12.25,0.63,0.37,0.31,0.68,13326009,0,0,0.003601981,-0.14953271,0.256809339,0.118181818,0.044025157,0.038378508,0.103448276,-0.1875,0.239554551,-0.06,-0.10188199,0.2,1,-0.3,2,0.004914005,0.016393443,-0.205128205,-0.277777778,-0.296296296,-6.939176636,0,0
0,2015,1.468,0.41,0.2,0.25,1.72,0.32,48.18,0.55,-0.06,14.31,0.8,32.731946,0.42,0.33,0.01,0.57,12.75,0.58,0.58,0.27,0.01,79232576,0,0,0,0,0,0,0,0,0,0.129,-3.62,0.2,0.25,1.9,3.56,47.77,0.6,-0.1,5.88,0.78,31.91729,0.47,-0.11,-0.2,-0.12,12.61,0.9,0.53,0.3,-0.22,-22225974,0,0,0,0.088,-2.92,0.2,0.25,2.78,2.9,60.86,0.74,-0.19,9.77,0.81,31.567308,0.61,0.08,-0.47,0.1,12.83,0.83,0.36,0.14,-0.57,20535621,0,0,10.37984496,-1.113259669,-0.094736842,-0.91011236,-0.837995338,0.008582793,-0.083333333,-0.4,1.433673469,0.025641026,0.025523971,-0.106382979,-4,-1.05,-5.75,0.0111023,-0.355555556,0.094339623,-0.1,-1.045454545,-4.564864064,0,0
0,2009,5.786,2.2,0,0.51,0.91,0.09,39.77,0.19,0.19,31.9,0.51,1.799289,-0.04,-0.01,0.68,-0.03,10.22,0.53,1.1,0.57,1.28,-284356,1,0,0,0,1,0,0,0,1,4.57,2.21,0,0.51,1.54,0.2,40.66,0.19,0.2,15.57,0.6,1.500755,0.18,0.36,0.86,0.81,10.08,0.45,0.65,0.68,1.92,6006329,0,0,1,6.658,2.23,0,0.51,0.71,0.84,43.76,0.22,0.09,2.58,0.55,1.285316,-0.18,-0.16,0.5,-0.2,9.94,0.78,1.41,0.28,0.64,-2289829,1,0,0.266083151,-0.004524887,-0.409090909,-0.55,0.402439024,-0.021888834,0,-0.05,1.048811818,-0.15,0.198922542,-1.222222222,-1.027777778,-0.209302326,-1.037037037,0.013888889,0.177777778,0.692307692,-0.161764706,-0.333333333,-1.047342728,0,0
0,2021,4.451,1.12,0.05,0.26,2.39,0.7,48.51,0.38,0.15,135.71,0.43,10.931179,0.11,0.14,0.1,0.3,14.11,0.46,0.42,0.14,0.21,127106484,0,0,0,0,0,0,0,0,1,4.509,1.08,0.05,0.26,1.41,1.04,48.51,0.42,0.08,76.5,0.42,9.068629,0.04,-0.01,0.07,-0.02,14.02,0.56,0.71,-0.03,0.13,-10381345,0,1,1,4.449,1.16,0.05,0.26,2.08,0.91,48.51,0.37,0.15,49,0.49,10.378614,0.06,0.13,0.12,0.26,13.94,0.51,0.48,0.07,0.23,104541085,0,0,-0.012863163,0.037037037,0.695035461,-0.326923077,-0.328,0,-0.095238095,0.875,0.773986928,0.023809524,0.205383857,1.75,-15,0.428571429,-16,0.006419401,-0.178571429,-0.408450704,-5.666666667,0.615384615,-13.24373952,0,0
0,2015,1.657,0.98,0.06,0.3,1.5,0.97,52.85,0.39,-0.01,-0.13,0.65,10.99971,0.23,0.01,0.03,0.01,13.92,0.72,0.67,0.01,0.04,8342976,0,0,0,0,0,0,0,1,0,0.942,0.81,0.06,0.3,1.5,1.04,72.11,0.4,-0.12,-0.61,0.63,10.550411,0.23,0,-0.01,-0.01,13.9,0.73,0.67,-0.05,-0.01,-2848369,0,1,1,2.717,0.98,0.06,0.3,2.06,1.03,50.9,0.41,-0.01,-2.2,0.61,10.020639,0.27,0,0.07,0,13.6,0.63,0.49,0.01,0.11,-447807,0,0,0.759023355,0.209876543,0,-0.067307692,-0.033210332,-0.267091943,-0.025,-0.916666667,-0.786885246,0.031746032,0.042585924,0,1,-4,-2,0.001438849,-0.01369863,0,-1.2,-5,-3.929036231,0,0
0,2008,8.064,1.03,0.11,0.19,7.05,0.32,53.27,0.36,0.03,0.01,0.76,20.954374,0.13,0.03,0.06,1.5,13.82,0.02,0.14,0.05,2.51,23424273,0,0,0,0,0,0,0,0,1,2.326,0.96,0.11,0.19,6.18,0.32,46.23,0.41,-0.05,0.01,0.69,17.736556,0.1,0.66,-0.02,32.86,13.79,0.02,0.16,0,-1.14,447526007,0,1,1,3.289,0.89,0.11,0.19,6.08,0.02,71.25,0.4,-0.05,0.02,0.67,17.188537,0.6,0,-0.08,0,12.78,0.13,0.16,0.1,-0.61,0,0,0,2.466895959,0.072916667,0.140776699,0,0,0.152282068,-0.12195122,-1.6,0,0.101449275,0.181422932,0.3,-0.954545455,-4,-0.954351795,0.002175489,0,-0.125,5,-3.201754386,-0.947658298,0,0
0,2016,4.497,186.12,0.06,0.3,1.83,407.79,51.55,0.14,0.18,11.74,0.55,0.895243,0.17,0,0.38,0,11.61,1,0.55,0.36,0.38,245684,0,0,0,0,1,0,0,1,0,4.5,-229.79,0.06,0.3,1.71,-627.57,51.07,0.14,0.17,6.25,0.54,0.908959,0.13,0,0.33,0,11.58,1,0.59,0.3,0.33,-231255,0,0,1,4.548,96.11,0.06,0.3,1.61,455.42,50.04,0.16,0.13,9.5,0.49,0.858439,0.1,0.01,0.21,0.01,11.56,1,0.62,0.18,0.21,384146,0,0,-0.000666667,-1.809956917,0.070175439,-1.649792055,-1.665265907,0.009398864,0,0.058823529,0.8784,0.018518519,-0.01508979,0.307692308,0,0.151515152,0,0.002590674,0,-0.06779661,0.2,0.151515152,-2.062394327,0,0
0,2012,2.33,1.34,0.03,0.24,3.16,-6.01,41.03,0.48,-0.04,62.71,0.66,11.727964,0.29,-0.12,0.01,-0.11,12.24,1.17,0.32,-0.02,0.01,-17777403,0,1,0,0,0,0,0,1,0,8.351,0.46,0.03,0.24,1.44,-12.76,46.39,0.47,0.02,1.89,0.74,12.58829,0.09,-0.2,0.1,-0.19,11.93,1.07,0.69,0.02,0.09,-20836651,0,0,1,5.726,1.27,0.03,0.24,1.83,5.26,43.39,0.39,0.02,3,0.68,11.37842,0.13,0,0.14,0,11.9,0.87,0.55,0.06,0.16,-290591,0,0,-0.720991498,1.913043478,1.194444444,-0.528996865,-0.571248424,-0.115542143,0.021276596,-3,32.17989418,-0.108108108,-0.068343357,2.222222222,-0.4,-0.9,-0.421052632,0.025984912,0.093457944,-0.536231884,-2,-0.888888889,-0.146820523,0,0
0,2021,1.475,0.94,0.01,0.25,2.05,-0.28,29.9,0.42,-0.04,0.17,0.75,12.489258,0.11,0.38,0.06,5186122500,12.18,-0.24,0.49,0.09,808888800,51861225,0,0,0,0,0,0,1,0,0,1.511,0.91,0.01,0.25,5.5,1,37.25,0.49,-0.04,0.01,0.69,11.173309,0.11,-0.13,0.02,-0.26,12.74,0.51,0.18,0.01,0.05,-31363377,0,0,0,2.303,0.94,0.01,0.25,4.75,-0.16,45.78,0.48,-0.04,0.01,0.56,11.995214,0.22,-0.04,0.05,-500949900,12.15,-0.12,0.21,-0.04,653360000,-5009499,0,1,-0.023825281,0.032967033,-0.627272727,-1.28,-1.180952381,-0.197315436,-0.142857143,0,16,0.086956522,0.117776122,0,-3.923076923,2,-19946625001,-0.043956044,-1.470588235,1.722222222,8,16177775999,-2.653559979,0,1
0,2019,4.508,1.07,0.03,0.32,3.95,0.37,47.85,0.43,0.12,160.56,0.51,14.63795,0.22,0.06,0.06,0.18,14.97,0.33,0.25,0.07,0.19,127627263,0,0,1,0,0,0,0,0,1,4.5,1.08,0.03,0.32,3.73,0.41,49.36,0.42,0.13,165.09,0.51,14.356217,0.22,0.06,0.07,0.18,14.92,0.35,0.27,0.08,0.19,131736517,0,0,1,4.519,1.07,0.03,0.32,4.55,0.47,46.86,0.43,0.1,165.79,0.51,13.904745,0.23,-0.03,0.06,-0.09,14.84,0.36,0.22,0.09,0.16,-61817557,0,0,0.001777778,-0.009259259,0.058981233,-0.097560976,-0.111111111,-0.030591572,0.023809524,-0.076923077,-0.027439578,0,0.01962446,0,0,-0.142857143,0,0.003351206,-0.057142857,-0.074074074,-0.125,0,-0.031192976,0,0
0,2018,6.663,1.06,0.07,0.29,1.63,0.64,27.78,0.44,0.02,81.57,0.49,6.370725,0.16,0.09,0.09,0.17,12.23,0.55,0.62,0.12,0.17,13221211,0,0,0,0,0,0,0,0,0,5.792,1.1,0.07,0.29,1.89,0.92,21.99,0.45,0.03,86.91,0.53,6.511752,0.23,0.15,0.09,0.24,12.16,0.62,0.53,0.13,0.15,20061688,0,0,0,4.565,1.09,0.07,0.29,2.02,1.8,10.85,0.43,0.02,82.85,0.52,6.109896,0.19,0.12,0.1,0.17,11.95,0.71,0.5,0.17,0.14,12866793,0,0,0.150379834,-0.036363636,-0.137566138,-0.304347826,-0.248447205,0.263301501,-0.022222222,-0.333333333,-0.061442872,-0.075471698,-0.021657305,-0.304347826,-0.4,0,-0.291666667,0.005756579,-0.112903226,0.169811321,-0.076923077,0.133333333,-0.340972155,0,0
0,2018,6.668,1.04,0.14,0.24,-0.12,0.01,42.47,0.34,0.07,0.01,0.71,50.172135,2.79,0.38,0.22,24877744500,13.75,-2.48,-8.72,0.19,14546823800,248777445,0,0,0,0,0,0,0,0,0,6.658,1.05,0.14,0.24,-0.13,0.01,42.61,0.32,0.07,-0.01,0.72,48.002105,2.5,0.36,0.22,22855394100,13.72,-2.19,-7.79,0.17,14083128100,228553941,0,0,0,5.836,1.07,0.14,0.24,-0.16,0.01,44.65,0.3,0.1,0.15,0.71,46.739355,2.21,0.44,0.33,27539279200,13.7,-1.89,-6.46,0.23,20316654400,275392792,0,0,0.001501953,-0.00952381,-0.076923077,0,0.028985507,-0.003285614,0.0625,0,-2,-0.013888889,0.045206976,0.116,0.055555556,0,0.0884846,0.002186589,0.132420091,0.119383825,0.117647059,0.032925618,0.0884846,1,1
0,2014,7.475,1.01,0.04,0.38,1.3,0.02,73.78,0.43,0,15.47,0.62,17.544205,0.08,-0.04,0.1,-0.16,13.08,0.27,0.77,0.03,0.36,-14489135,0,0,0,0,0,0,0,0,0,7.96,1,0.04,0.38,1.38,0.02,68.46,0.43,0,18.65,0.62,17.473383,0.09,-0.05,0.09,-0.22,13.11,0.24,0.72,0.04,0.39,-18691865,0,0,0,7.597,1.04,0.04,0.38,1.54,0.02,65.79,0.48,0.03,29.37,0.67,17.794097,0.11,0.04,0.14,0.2,13.14,0.21,0.65,0.05,0.65,14662813,0,0,-0.060929648,0.01,-0.057971014,0,0.15625,0.077709611,0,0,-0.170509383,0,0.004053136,-0.111111111,-0.2,0.111111111,-0.272727273,-0.00228833,0.125,0.069444444,-0.25,-0.076923077,-0.224842732,0,0
0,2015,2.344,1.53,0.37,0.28,0.54,-0.79,34.92,0.66,-0.11,8.42,0.23,3.671047,-0.48,-0.26,-0.05,-0.21,10.93,1.24,1.84,-0.01,-0.04,-10005824,0,1,1,1,0,0,0,1,0,2.281,-5.42,0.37,0.28,0.85,8.97,40.59,0.66,-0.14,6.44,0.19,3.111715,-0.1,-0.04,-0.09,-0.04,10.54,0.97,1.18,0.01,-0.09,-1066330,0,0,1,1.448,-3.05,0.37,0.28,0.87,4.17,42,0.7,-0.2,5.02,0.23,3.420045,-0.08,-0.16,-0.19,-0.18,10.48,0.92,1.15,-0.16,-0.21,-4049078,0,1,0.027619465,-1.282287823,-0.364705882,-1.088071349,-1.175192243,-0.139689579,0,-0.214285714,0.307453416,0.210526316,0.179750395,3.8,5.5,-0.444444444,4.25,0.037001898,0.278350515,0.559322034,-2,-0.555555556,8.383421642,0,0
0,2020,4.334,1,0.08,0.29,1.61,0.65,45.38,0.44,0,106.81,0.6,14.083942,0.11,0.04,0.05,0.08,13.63,0.5,0.62,0.05,0.11,24631611,0,0,1,0,0,0,0,0,0,2.837,0.83,0.08,0.29,1.42,0.65,48.98,0.5,-0.14,11.67,0.68,14.749245,0.05,-0.08,-0.01,-0.16,13.47,0.46,0.7,-0.06,-0.02,-37367850,0,1,0,2.868,0.84,0.08,0.29,1.6,0.69,63.93,0.48,-0.15,26.64,0.64,13.956949,0.07,-0.03,-0.02,-0.07,13.62,0.47,0.62,-0.03,-0.04,-17777458,0,1,0.527670074,0.204819277,0.133802817,0,0.162790698,-0.073499388,-0.12,-1,8.152527849,-0.117647059,-0.045107597,1.2,-1.5,-6,-1.5,0.011878248,0.086956522,-0.114285714,-1.833333333,-6.5,-1.65916586,0,0
0,2009,4.892,1.1,0.09,0.3,3.43,0.4,49.25,0.37,0.04,19.26,0.49,2.358401,0.26,0.05,0.12,0.13,10.94,0.36,0.29,0.59,0.34,1851499,0,0,0,0,0,0,0,1,0,3.595,0.8,0.09,0.3,3.62,0.45,51.85,0.42,-0.08,6.26,0.5,2.382202,0.21,0.44,0.02,1.2,10.87,0.37,0.28,0.33,0.05,16136341,0,0,1,2.819,0.04,0.09,0.3,1.79,3.35,55.97,0.43,-0.12,19.19,0.45,2.273525,0.14,-0.1,-0.05,-0.12,10.89,0.81,0.56,0.28,-0.06,-3779108,0,0,0.36077886,0.375,-0.052486188,-0.111111111,-0.017241379,-0.050144648,-0.119047619,-1.5,2.076677316,-0.02,-0.009991176,0.238095238,-0.886363636,5,-0.891666667,0.006439742,-0.027027027,0.035714286,0.787878788,5.8,-0.885259056,0,0
0,2011,0.114,0.37,0.03,0.34,0.88,2.73,31.7,0.38,-0.08,10.58,0.63,20.623029,-0.04,-0.12,-0.05,-0.14,13.02,0.81,1.13,-0.1,-0.06,-36744711,1,1,0,0,0,0,0,1,0,3.328,0.67,0.03,0.34,2.13,2.2,39.92,0.38,-0.07,14.32,0.64,19.617619,0.13,0.05,-0.02,0.07,13.11,0.72,0.47,-0.02,-0.02,17487017,0,1,1,1.864,0.94,0.03,0.34,3.4,2.4,32.18,0.38,-0.01,56.97,0.74,15.913476,0.23,0.09,0.05,0.12,12.94,0.73,0.29,0.04,0.07,25496853,0,0,-0.965745192,-0.447761194,-0.58685446,0.240909091,0.679389313,-0.205911824,0,0.142857143,-0.261173184,-0.015625,0.051250358,-1.307692308,-3.4,1.5,-3,-0.006864989,0.125,1.404255319,4,2,-3.101256664,0,0
0,2016,0.093,2.13,0.11,0.25,1.73,-9.3,46.46,0.6,-0.14,35.5,0.72,24.552738,0.11,-0.17,-0.08,-0.15,14.48,1.1,0.58,0.01,-0.07,-226543860,0,0,1,0,0,1,0,0,0,3.336,0.73,0.11,0.25,1.56,7.33,48.16,0.43,-0.02,32.33,0.74,24.738125,0.13,0.03,0.03,0.03,14.13,0.91,0.64,0.03,0.03,26037980,0,0,0,7.05,1.06,0.11,0.25,2.2,10.07,53.99,0.45,0,78.57,0.73,22.324437,0.31,0.04,0.06,0.04,14.11,0.93,0.45,0.04,0.06,36529359,0,0,-0.972122302,1.917808219,0.108974359,-2.268758527,-2.107692308,-0.035299003,0.395348837,6,0.098051345,-0.027027027,-0.007493979,-0.153846154,-6.666666667,-3.666666667,-6,0.024769993,0.208791209,-0.09375,-0.666666667,-3.333333333,-9.700515939,0,0
0,2020,0.102,0.79,0.03,0.2,3.25,1.3,39.18,0.66,-0.11,240.26,0.34,6.674189,0.43,0.01,-0.04,0.01,12.16,0.65,0.31,0,-0.05,849066,0,1,0,0,0,0,1,0,0,0.404,0.97,0.03,0.2,3.71,0.87,48.95,0.54,-0.01,110.94,0.39,7.679059,0.39,0.02,0.04,0.03,11.88,0.54,0.27,0.03,0.07,1761669,0,0,0,2.743,0.99,0.03,0.2,3.05,0.82,57.7,0.57,-0.01,104.91,0.37,7.525776,0.36,-0.01,0.05,-0.01,11.85,0.55,0.33,0.01,0.1,-586862,0,0,-0.747524752,-0.18556701,-0.123989218,0.494252874,0.559322034,-0.19959142,0.222222222,10,1.16567514,-0.128205128,-0.130858481,0.102564103,-0.5,-2,-0.666666667,0.023569024,0.203703704,0.148148148,-1,-1.714285714,-0.518033183,0,0
0,2020,8.062,1.11,0.02,0.24,0.96,0.05,38.43,0.32,0.06,0.02,0.5,14.334048,-0.01,0.05,0.13,0.16,12.79,0.31,1.05,0.12,0.41,12320011,1,0,0,0,0,0,1,0,0,7.553,1.17,0.02,0.24,2.61,0.28,36.62,0.3,0.07,0.02,0.49,15.256007,0.16,0.05,0.17,0.16,12.69,0.29,0.38,0.16,0.58,10572457,0,0,0,7.607,1.16,0.02,0.24,2.12,0.33,44.18,0.31,0.07,0.11,0.48,14.617876,0.13,0.06,0.16,0.16,12.69,0.34,0.47,0.16,0.48,12485495,0,0,0.067390441,-0.051282051,-0.632183908,-0.821428571,0.071428571,0.049426543,0.066666667,-0.142857143,0,0.020408163,-0.060432523,-1.0625,0,-0.235294118,0,0.007880221,0.068965517,1.763157895,-0.25,-0.293103448,0.165293082,0,0
0,2015,4.535,1.13,0.04,0.32,2.24,0.02,31.1,0.41,0.06,1.08,0.6,8.184096,0.17,-0.17,0.2,-1.08,11.86,0.15,0.45,0.31,1.29,-16351792,0,0,0,1,0,1,0,0,0,3.864,0.94,0.04,0.32,8.93,0.02,105.01,0.47,-0.04,0.17,0.63,8.751203,0.35,0.29,-0.02,4.84,11.93,0.06,0.11,0.14,-0.34,30894345,0,0,0,3.88,0.94,0.04,0.32,3.57,0.03,78.6,0.46,-0.03,-0.06,0.61,8.187692,0.31,0.2,0.01,1.36,11.66,0.15,0.28,0.17,0.04,16084754,0,0,0.173654244,0.20212766,-0.749160134,0,2,-0.70383773,-0.127659574,-2.5,5.352941176,-0.047619048,-0.064803319,-0.514285714,-1.586206897,-11,-1.223140496,-0.005867561,1.5,3.090909091,1.214285714,-4.794117647,-1.529281071,0,0
0,2014,6.644,1.09,0.04,0.38,1.71,0,53.7,0.39,0.14,4.63,0.32,3.717888,0.04,0.14,0.1,2.16,12.31,0.06,0.59,0.13,1.57,21360908,0,0,0,0,0,0,0,1,0,7.172,1.07,0.04,0.38,1.35,0,48.81,0.42,0.11,4.23,0.33,3.924033,0.03,0.13,0.09,1.49,12.18,0.09,0.74,0.13,0.97,18114127,0,0,1,6.38,1.02,0.04,0.38,1.33,0,63.44,0.56,0.03,3.94,0.38,4.070683,0.04,0.09,0.04,0.7,12.06,0.12,0.75,0.08,0.33,10536486,0,0,-0.073619632,0.018691589,0.266666667,0,-0.3,0.100184388,-0.071428571,0.272727273,0.094562648,-0.03030303,-0.052533962,0.333333333,0.076923077,0.111111111,0.44966443,0.010673235,-0.333333333,-0.202702703,0,0.618556701,0.179240269,0,0
0,2018,4.44,1.87,0,0.29,3.15,0.32,57.06,0.11,0.47,177.23,0.54,0.645388,0.43,-0.03,0.79,-0.17,11.19,0.2,0.32,0.7,3.96,-1652154,0,0,0,0,1,0,0,0,0,4.444,1.83,0,0.29,3.34,0.01,62.77,0.08,0.47,180.49,0.53,0.679685,0.43,0.01,0.76,0.04,11.22,0.19,0.3,0.68,4,370043,0,0,0,4.43,1.8,0,0.29,6.7,0.01,60.35,0.09,0.45,106.09,0.54,0.692578,0.46,0.02,0.78,0.25,11.09,0.09,0.15,0.76,9.05,976190,0,0,-0.00090009,0.021857923,-0.056886228,31,0.041666667,-0.090967022,0.375,0,-0.018061942,0.018867925,-0.05046014,0,-4,0.039473684,-5.25,-0.002673797,0.052631579,0.066666667,0.029411765,-0.01,-5.464762203,0,0
0,2021,0.197,0.75,0,0.49,7.95,0.18,57.95,0.67,-0.17,125.13,0.2,1.818293,0.66,0.25,-0.16,1.08,10.24,0.23,0.13,0.21,-0.69,4805624,0,0,1,1,0,0,0,0,0,0.083,0.26,0,0.49,6.08,0.49,62.6,0.86,-0.47,170.07,0.15,1.838912,0.62,0.04,-0.4,0.09,10.11,0.41,0.16,0.03,-0.98,655454,0,0,0,2.281,0.72,0,0.49,5.3,0.28,68.61,0.65,-0.13,66.95,0.21,2.89351,0.57,0.07,-0.14,0.23,9.9,0.32,0.19,0.04,-0.44,1029055,0,0,1.373493976,1.884615385,0.307565789,-0.632653061,-0.565217391,-0.07428115,-0.220930233,-0.638297872,-0.264244135,0.333333333,-0.011212608,0.064516129,5.25,-0.6,11,0.012858556,-0.43902439,-0.1875,6,-0.295918367,6.331748681,0,0
0,2021,1.533,0.94,0.02,0.35,2.4,0.65,35.85,0.42,-0.04,92.49,0.75,19.18335,0.19,0.1,0.01,0.21,14.02,0.47,0.42,0.06,0.03,83325340,0,0,0,0,0,0,0,1,0,1.456,0.91,0.02,0.35,2.8,0.93,33.87,0.43,-0.05,87.71,0.78,17.761328,0.19,0.09,0.01,0.17,13.95,0.54,0.36,0.09,0.02,74043312,0,0,1,2.317,0.9,0.02,0.35,1.68,0.92,48.17,0.43,-0.05,7.88,0.79,17.862388,0.07,0.05,0.02,0.09,13.72,0.54,0.59,0.05,0.03,31125664,0,0,0.052884615,0.032967033,-0.142857143,-0.301075269,-0.224137931,0.058458813,-0.023255814,-0.2,0.054497777,-0.038461538,0.08006282,0,0.111111111,0,0.235294118,0.005017921,-0.12962963,0.166666667,-0.333333333,0.5,0.125359438,0,0
0,2021,5.513,1.98,0.11,0.25,1.04,1.17,52.86,0.32,0.08,0,0.45,3.482617,0.02,0.26,0.28,0.33,10.9,0.78,0.96,0.26,0.35,9714594,0,0,0,0,1,0,0,0,0,8.294,-0.73,0.11,0.25,0.65,-5.81,54.28,0.32,0.03,0,0.34,2.344108,-0.28,0.18,0.13,0.17,10.73,1.05,1.55,0.18,0.12,5661951,0,0,0,2.861,1.4,0.11,0.25,0.76,-1.24,58.93,0.31,-0.04,0,0.32,2.276378,-0.23,-0.09,-0.07,-0.07,10.45,1.29,1.32,-0.09,-0.05,-2053949,0,1,-0.335302628,-3.712328767,0.6,-1.201376936,-1.153546713,-0.026160648,0,1.666666667,0,0.323529412,0.485689653,-1.071428571,0.444444444,1.153846154,0.941176471,0.01584343,-0.257142857,-0.380645161,0.444444444,1.916666667,0.715767939,0,0
0,2015,1.661,0.94,0.08,0.31,3.74,0.81,53.42,0.54,-0.03,87.68,0.21,2.828539,0.31,0.01,0.05,0.01,10.95,0.51,0.27,0.01,0.1,243167,0,0,0,1,0,0,0,1,0,1.131,0.92,0.08,0.31,4.21,0.82,50.29,0.53,-0.04,96.25,0.2,2.165186,0.32,0.01,0.04,0.01,10.93,0.51,0.24,0.01,0.08,294760,0,0,1,0.608,0.88,0.08,0.31,3.74,0.87,52.12,0.54,-0.06,99.4,0.26,2.35631,0.29,-0.01,0.02,-0.03,10.95,0.52,0.27,-0.02,0.05,-591344,0,1,0.468611848,0.02173913,-0.111638955,-0.012195122,0.019607843,0.062239014,0.018867925,-0.25,-0.089038961,0.05,0.306372293,-0.03125,0,0.25,0,0.001829826,0,0.125,0,0.25,-0.175033926,0,0
0,2014,7.171,1.02,0.26,0.2,10.37,0,42.15,0.44,0.05,0.23,0.74,56.044149,0.22,0.23,0.04,8.74,15.57,0.03,0.1,0.06,1.54,920724674,0,0,1,0,0,0,0,0,0,5.596,1.01,0.26,0.2,6.65,0,38.5,0.5,0.01,0.01,0.73,46.852922,0.15,0.09,0.03,3.17,15.31,0.03,0.15,0.1,0.88,287095021,0,0,0,4.82,1.01,0.26,0.2,7.05,0,46.93,0.5,0.02,0.01,0.81,45.782282,0.14,0.1,0.03,3.88,15.2,0.03,0.14,0.1,1.13,286095623,0,0,0.281451036,0.00990099,0.559398496,0,0,0.094805195,-0.12,4,22,0.01369863,0.196171906,0.466666667,1.555555556,0.333333333,1.757097792,0.016982364,0,-0.333333333,-0.4,0.75,2.207038112,0,0
0,2014,5.437,0.91,0.06,0.3,0.25,0.32,62.31,0.42,0.03,-11.53,0.31,0.829069,-1.08,0.05,0.12,0.03,10.66,1.45,3.95,0.06,0.08,1377939,1,0,0,0,1,0,0,0,0,6.136,0.99,0.06,0.3,0.23,0.32,63.29,0.42,0,-8.86,0.33,0.746881,-1.16,0.02,0.08,0.01,10.62,1.51,4.3,0.03,0.05,615693,1,0,0,0.538,1.07,0.06,0.3,0.16,0.32,54.53,0.42,-0.03,-0.81,0.35,0.667371,-1.31,0.01,0.05,0,10.56,1.57,6.09,0,0.03,154820,1,0,-0.113917862,-0.080808081,0.086956522,0,0.094276094,-0.015484279,0,3,0.301354402,-0.060606061,0.110041626,-0.068965517,1.5,0.5,2,0.003766478,-0.039735099,-0.081395349,1,0.6,1.238029343,0,0
0,2019,4.537,2.35,0.06,0.3,3.14,0.18,33.51,0.22,0.28,79.09,0.41,0.368424,0.55,0.05,0.91,0.13,9.9,0.37,0.32,0.86,2.46,662793,0,0,0,0,1,0,0,0,0,4.515,2.57,0.06,0.3,2.8,0.17,33.57,0.22,0.32,75.98,0.37,0.339732,0.51,-0.09,1.02,-0.23,9.85,0.39,0.36,0.71,2.63,-1153163,0,0,0,4.519,2.29,0.06,0.3,3.86,0.16,28.44,0.23,0.32,95.57,0.34,0.338706,0.58,0,0.93,-0.01,9.87,0.31,0.26,0.91,3,-36517,0,0,0.004872647,-0.085603113,0.121428571,0.058823529,-0.063492063,-0.00178731,0,-0.125,0.040931824,0.108108108,0.084454806,0.078431373,-1.555555556,-0.107843137,-1.565217391,0.005076142,-0.051282051,-0.111111111,0.211267606,-0.064638783,-1.574760897,0,0
0,2018,3.431,1.09,0.13,0.27,1.32,-9.35,36.38,0.56,-0.01,37.84,0.31,6.087707,0.08,0.01,0.08,0.01,11.86,1.09,0.76,0.01,0.08,1456103,0,0,1,1,0,0,1,0,0,7.75,0.34,0.13,0.27,1.25,-8.25,34.05,0.51,0.07,37.94,0.37,6.932465,0.06,0.09,0.17,0.08,11.88,1.1,0.8,0.09,0.16,9319918,0,0,0,4.202,1.21,0.13,0.27,1.84,-5.43,46.4,0.56,-0.04,16.09,0.43,7.580013,0.12,0.11,0.03,0.09,11.9,1.19,0.54,0.09,0.03,11334032,0,0,-0.557290323,2.205882353,0.056,0.133333333,0.126747437,0.068428781,0.098039216,-1.142857143,-0.002635741,-0.162162162,-0.121855357,0.333333333,-0.888888889,-0.529411765,-0.875,-0.001683502,-0.009090909,-0.05,-0.888888889,-0.5,-0.843764398,0,0
0,2021,0.117,0.68,0.04,0.29,1.88,0.32,39.07,0.51,-0.09,0.44,0.71,6.505519,0.19,0.44,-0.11,1.98,11.28,0.22,0.53,0.19,-0.52,24150074,0,0,0,0,0,0,0,0,0,0.016,-0.2,0.04,0.29,0.51,0.32,9.23,0.57,-0.15,1.67,0.41,6.675968,-0.28,-0.86,-0.37,-1.48,11.07,0.58,1.96,-0.2,-0.64,-38444801,1,1,0,4.516,1.29,0.04,0.29,5.32,0.32,37.27,0.46,0.08,0.32,0.51,8.030769,0.4,0.1,0.36,1.05,11.42,0.09,0.19,0.3,3.95,6143398,0,0,6.3125,-4.4,2.68627451,0,-0.795620438,3.232936078,-0.105263158,-0.4,-0.736526946,0.731707317,-0.025531728,-1.678571429,-1.511627907,-0.702702703,-2.337837838,0.01897019,-0.620689655,-0.729591837,-1.95,-0.1875,-1.62817529,0,0
0,2021,5.821,1.09,0.04,0.24,6.63,0.37,43.85,0.4,0.13,444.26,0.87,8.021091,0.45,0.12,0.09,0.37,13.43,0.33,0.15,0.12,0.27,57345551,1,0,0,0,0,0,0,1,0,7.571,1.04,0.04,0.24,6.1,0.26,41.07,0.43,0.05,458.48,0.81,7.117926,0.53,0.08,0.06,0.28,13.17,0.29,0.16,0.08,0.2,29344895,1,0,1,5.867,1.09,0.04,0.24,11.86,0.21,43.82,0.41,0.11,337.7,0.8,7.157729,0.54,0.12,0.1,0.57,12.96,0.22,0.08,0.12,0.48,36427393,1,0,-0.231145159,0.048076923,0.086885246,0.423076923,0.195121951,0.067689311,-0.069767442,1.6,-0.03101553,0.074074074,0.126885978,-0.150943396,0.5,0.5,0.321428571,0.019741838,0.137931034,-0.0625,0.5,0.35,0.954191726,0,0
0,2008,0.753,0.96,0.15,0.47,0.64,0.32,51.3,0.32,-0.02,0.13,0.57,3.970932,-0.13,0.04,0.08,0.12,11.34,0.37,1.58,0.04,0.23,2601241,1,0,0,0,1,0,0,0,1,5.497,1.03,0.15,0.47,0.67,0.32,51.36,0.31,0.01,3.38,0.58,3.812261,-0.13,0.13,0.13,0.32,11.32,0.4,1.49,0.07,0.32,7369455,1,0,1,1.492,0.73,0.15,0.47,0.52,0.32,47.28,0.32,-0.09,-0.21,0.57,3.636626,-0.24,0,0.06,0,11.24,0.49,1.92,-0.07,0.12,0,1,1,-0.863016191,-0.067961165,-0.044776119,0,-0.134328358,-0.001168224,0.032258065,-3,-0.961538462,-0.017241379,0.041621232,0,-0.692307692,-0.384615385,-0.625,0.001766784,-0.075,0.060402685,-0.428571429,-0.28125,-0.647023966,0,0
0,2015,7.206,1.06,0.02,0.35,2.26,0.36,41.04,0.45,0.07,56.86,0.39,6.16373,0.1,0.05,0.09,0.16,12.97,0.32,0.44,0.05,0.27,15763713,0,0,0,0,0,0,0,0,0,7.562,1.05,0.02,0.35,2.49,0.39,42.21,0.46,0.06,71.59,0.39,6.132041,0.12,0.03,0.09,0.09,12.91,0.34,0.4,0.03,0.26,8435533,0,0,0,7.582,1.06,0.02,0.35,1.01,0.15,56.77,0.46,0.06,56.51,0.36,6.229464,0,0.08,0.1,0.27,12.82,0.3,0.99,0.08,0.32,20644846,0,0,-0.047077493,0.00952381,-0.092369478,-0.076923077,-0.058823529,-0.02771855,-0.02173913,0.166666667,-0.205754994,0,0.005167774,-0.166666667,0.666666667,0,0.777777778,0.00464756,-0.058823529,0.1,0.666666667,0.038461538,0.86872756,0,0
0,2010,1.006,0.97,0.18,0.25,1.81,1.06,62.15,0.48,-0.02,80.21,0.92,28.049629,0.13,0.03,0.04,0.05,14,0.59,0.55,0.03,0.08,26863000,0,0,1,0,0,1,0,0,0,3.857,0.94,0.18,0.25,1.75,1.04,70.3,0.5,-0.04,55.93,0.9,27.046791,0.12,0.03,0.03,0.04,13.91,0.59,0.57,0.02,0.05,19539000,0,0,0,2.903,0.91,0.18,0.25,1.71,1.13,75.34,0.49,-0.06,32.69,0.96,26.946258,0.1,-0.03,0.01,-0.05,13.86,0.6,0.59,-0.04,0.01,-19929000,0,1,-0.739175525,0.031914894,0.034285714,0.019230769,0.006993007,-0.115931721,-0.04,-0.5,0.434114071,0.022222222,0.037077892,0.083333333,0,0.333333333,0.25,0.006470165,0,-0.035087719,0.5,0.6,0.374840063,0,0
0,2020,3.821,1.43,0.21,0.23,0.65,-1.45,38.95,0.5,-0.12,79.26,0.59,8.792145,-0.29,0.05,-0.13,0.04,12.51,1.4,1.55,0.05,-0.09,9345443,0,0,0,0,0,1,0,0,0,2.824,1.6,0.21,0.23,0.58,-1.38,47.12,0.42,-0.18,22.99,0.58,8.126105,-0.33,-0.15,-0.29,-0.1,12.27,1.58,1.73,-0.13,-0.18,-22831169,0,1,0,3.28,1.44,0.21,0.23,0.59,-1.7,60.89,0.52,-0.13,14.68,0.48,6.5623,-0.28,0.03,-0.13,0.02,12.2,1.46,1.68,0.04,-0.09,3504232,0,0,0.353045326,-0.10625,0.120689655,0.050724638,0.274725275,-0.173387097,0.19047619,-0.333333333,2.447585907,0.017241379,0.081963007,-0.121212121,-1.333333333,-0.551724138,-1.4,0.019559902,-0.113924051,-0.104046243,-1.384615385,-0.5,-1.409328274,0,0
0,2021,0.115,0.34,0.04,0.23,1.28,0.35,62.53,0.67,-0.34,74.09,0.28,0.844356,0.1,0.18,-0.28,0.35,10.7,0.52,0.78,0.18,-0.54,5565067,0,0,1,1,0,0,0,0,0,0.157,0.53,0.04,0.23,4.71,2.57,34.18,0.61,-0.14,189.86,0.19,0.548387,0.46,-0.06,-0.07,-0.08,10.92,0.75,0.21,-0.06,-0.1,-2320774,0,1,0,1.534,0.77,0.04,0.23,1.57,0.57,34.43,0.53,-0.09,9.7,0.2,0.587399,0.09,-0.05,-0.04,-0.11,10.35,0.46,0.64,-0.05,-0.09,-1111743,0,1,-0.267515924,-0.358490566,-0.728237792,-0.86381323,-0.652597403,0.829432417,0.098360656,1.428571429,-0.60976509,0.473684211,0.539708272,-0.782608696,-4,3,-5.375,-0.02014652,-0.306666667,2.714285714,-4,4.4,-3.397935775,0,0
0,2010,1.533,0.52,0.16,0.36,1.53,1.35,17.06,0.42,-0.11,38.94,0.71,2.94649,0.14,0.07,-0.1,0.1,11.2,0.68,0.65,0.04,-0.15,3415506,0,0,0,0,0,0,0,0,0,2.818,0.59,0.16,0.36,1.91,1.79,17.04,0.44,-0.08,40.53,0.72,3.02261,0.14,-0.05,-0.06,-0.07,11.01,0.7,0.52,0.04,-0.08,-1914071,0,0,0,1.483,0.41,0.16,0.36,1.15,1.19,23.44,0.46,-0.15,23.92,0.69,2.866518,0.04,0.02,-0.13,0.03,11.06,0.67,0.87,0,-0.19,949265,0,1,-0.455997161,-0.118644068,-0.19895288,-0.245810056,-0.073275862,0.001173709,-0.045454545,0.375,-0.0392302,-0.013888889,-0.025183533,0,-2.4,0.666666667,-2.428571429,0.017257039,-0.028571429,0.25,0,0.875,-2.7844197,0,0
0,2021,1.521,0.26,0,0.57,1.52,4.51,52.36,0.42,-0.13,156.32,0.23,1.410793,0.16,-0.02,-0.05,-0.02,10.82,0.87,0.66,0.04,-0.06,-642509,0,0,0,0,0,0,0,1,0,1.498,0.54,0,0.57,2.58,4.38,22.83,0.42,-0.09,167.59,0.25,1.455487,0.27,0.06,-0.02,0.07,10.76,0.85,0.39,0.06,-0.03,2077991,0,0,1,2.902,0.48,0,0.57,1.14,5.71,37.56,0.41,-0.06,42.98,0.27,1.472748,0.03,0,0.02,0,10.52,0.88,0.88,-0.04,0.02,16060,0,1,0.015353805,-0.518518519,-0.410852713,0.029680365,0.253187614,1.2934735,0,0.444444444,-0.067247449,-0.08,-0.030707248,-0.407407407,-1.333333333,1.5,-1.285714286,0.005576208,0.023529412,0.692307692,-0.333333333,1,-1.309197201,0,0
0,2014,1.506,1.19,0.08,0.35,1.15,-2.94,40.61,0.58,-0.04,10.05,0.42,8.239028,0.04,-0.01,0.06,-0.01,11.26,1.36,0.87,-0.02,0.04,-733941,0,1,0,0,0,0,1,0,0,0.713,1.04,0.08,0.35,0.99,-2.86,41.2,0.56,-0.01,7.57,0.45,8.736135,0,0.19,0.11,0.13,11.18,1.38,1.01,0.05,0.08,9238812,1,0,0,2.442,1.01,0.08,0.35,0.87,-2.14,38.14,0.51,0,4.74,0.5,9.102384,-0.04,-0.27,0.13,-0.17,11.13,1.59,1.15,0.04,0.08,-12714538,1,0,1.112201964,0.144230769,0.161616162,0.027972028,0.030054645,-0.014320388,0.035714286,3,0.327608983,-0.066666667,-0.056902394,4,-1.052631579,-0.454545455,-1.076923077,0.007155635,-0.014492754,-0.138613861,-1.4,-0.5,-1.079441058,0,0
0,2017,0.038,-2.06,0.19,0.11,2.54,5.48,9.49,0.42,-1.08,139.03,0.7,15.629325,0.25,0.09,-0.34,0.11,14.02,0.87,0.39,0.08,-0.39,80708190,0,0,1,0,0,0,0,0,0,0.055,-7.76,0.19,0.11,2.33,19.41,37.61,0.42,-0.87,82.22,0.71,15.245526,0.19,-0.15,-0.3,-0.15,13.85,0.96,0.43,0.09,-0.32,-104602822,0,0,0,1.454,0.39,0.19,0.11,1.94,3.01,30.04,0.42,-0.18,49.97,0.67,14.736803,0.16,0.11,-0.05,0.14,13.75,0.79,0.52,0.11,-0.07,74317407,0,0,-0.309090909,-0.734536082,0.090128755,-0.717671303,-0.705521472,-0.747673491,0,0.24137931,0.690951107,-0.014084507,0.025174533,0.315789474,-1.6,0.133333333,-1.733333333,0.012274368,-0.09375,-0.093023256,-0.111111111,0.21875,-1.771567998,0,0
0,2014,1.466,0.88,0.01,0.17,0.75,0.81,48.05,0.5,-0.06,2.1,0.61,13.257132,-0.07,0.01,-0.04,0.01,12.92,0.61,1.33,0,-0.07,2435000,1,1,0,0,1,0,0,1,0,0.171,0.81,0.01,0.17,0.85,0.92,58.11,0.53,-0.09,-0.05,0.63,13.685572,-0.03,0.13,0,0.22,12.84,0.59,1.17,-0.03,0,33381000,1,1,1,0.18,0.82,0.01,0.17,0.62,1.7,41.65,0.53,-0.06,2.74,0.68,13.500876,-0.08,-0.17,0.03,-0.24,12.82,0.71,1.61,-0.02,0.04,-44227000,1,1,7.573099415,0.086419753,-0.117647059,-0.119565217,0.097902098,-0.173119945,-0.056603774,-0.333333333,-43,-0.031746032,-0.031305962,1.333333333,-0.923076923,-4,-0.954545455,0.00623053,0.033898305,0.136752137,-1,-7,-0.927054312,0,0
0,2008,4.583,1.09,0,0.38,1.15,0.48,58.74,0.4,0.08,10.57,0.45,2.896893,0.02,-0.08,0.1,-0.2,11.6,0.42,0.87,-0.08,0.24,-6225040,0,1,0,0,0,0,1,0,0,6.527,1,0,0.38,1.49,0.45,52.02,0.4,0.01,15.27,0.37,3.038817,0.05,0.05,0.06,0.13,11.66,0.37,0.67,0.05,0.17,4018793,0,0,0,5.052,1.01,0,0.38,1.52,0.51,51.66,0.41,0.01,18.25,0.38,3.137827,0.04,0,0.07,0,11.61,0.39,0.66,0.05,0.18,0,0,0,-0.297839743,0.09,-0.228187919,0.066666667,0.183333333,0.129181084,0,7,-0.307793058,0.216216216,-0.046703701,-0.6,-2.6,0.666666667,-2.538461538,-0.005145798,0.135135135,0.298507463,-2.6,0.411764706,-2.548982493,0,0
0,2018,5.843,1.02,0.05,0.39,22.21,0.09,41.37,0.35,0.04,203.09,0.67,12.939148,0.52,0.07,0.04,0.62,14.1,0.11,0.05,0.05,0.4,60555968,0,0,0,0,0,0,0,0,1,7.599,1.03,0.05,0.39,18.53,0.13,44.59,0.35,0.05,191.19,0.66,12.702397,0.52,0.09,0.04,0.64,14.07,0.14,0.05,0.07,0.31,80414730,0,0,1,8.132,1.02,0.05,0.39,13.04,0.19,46.54,0.36,0.04,142.87,0.64,12.619649,0.47,-0.04,0.04,-0.22,14.01,0.19,0.08,0.01,0.21,-34812876,0,0,-0.231083037,-0.009708738,0.19859687,-0.307692308,-0.25,-0.072213501,0,-0.2,0.062241749,0.015151515,0.018638293,0,-0.222222222,0,-0.03125,0.002132196,-0.214285714,0,-0.285714286,0.290322581,-0.246954283,0,0
0,2016,4.587,1.66,0.02,0.3,1.6,2.28,47.03,0.26,0.16,-2.55,0.36,2.869081,0.07,-0.11,0.28,-0.14,11.39,0.73,0.63,0.22,0.39,-6534754,0,0,0,0,0,0,0,0,1,4.579,1.35,0.02,0.3,2.84,1.68,66.51,0.27,0.13,-5.94,0.4,3.134956,0.13,-0.88,0.2,-1.36,11.47,0.65,0.35,0.12,0.3,-58904896,0,0,1,4.559,1.08,0.02,0.3,8.17,0.49,57.57,0.28,0.11,97.91,0.37,2.993242,0.16,0.08,0.09,0.22,12.1,0.35,0.12,0.07,0.26,9606126,0,0,0.001747106,0.22962963,-0.436619718,0.357142857,0.441489362,-0.292888287,-0.037037037,0.230769231,-0.570707071,-0.1,-0.084809803,-0.461538462,-0.875,0.4,-0.897058824,-0.006974717,0.123076923,0.8,0.833333333,0.3,-0.889062634,0,0
0,2011,3.82,0.92,0.04,0.42,1.41,1.44,36.42,0.61,-0.03,41.87,0.8,20.824201,0.07,0.01,0.01,0.02,14.12,0.66,0.71,0.02,0.02,11163149,0,0,0,0,0,0,0,0,1,0.743,0.96,0.04,0.42,1.57,1.47,32.69,0.52,-0.02,52.72,0.77,20.392972,0.09,0.06,0.02,0.08,14.08,0.66,0.64,0.05,0.03,50388377,0,0,1,7.85,1.09,0.04,0.42,1.53,1.77,32.01,0.51,0.03,65.09,0.77,20.088121,0.09,0.07,0.06,0.1,14.04,0.7,0.65,0.05,0.09,62659041,0,0,4.141318977,-0.041666667,-0.101910828,-0.020408163,0.005181347,0.114102172,0.173076923,0.5,-0.205804249,0.038961039,0.021145961,-0.222222222,-0.833333333,-0.5,-0.75,0.002840909,0,0.109375,-0.6,-0.333333333,-0.778457857,0,0
0,2010,4.542,-0.12,0.73,0.03,0.56,0.32,33.12,0.31,0.07,0.03,0.85,3.86283,-0.68,0.71,0.86,0.46,9.2,1.54,1.79,0.71,0.56,4888181,0,0,0,0,1,0,0,0,0,3.3,1.5,0.73,0.03,0.41,0.32,56,0.56,-0.13,7.25,0.83,3.95705,-1.21,-0.28,-0.38,-0.14,9.36,2.06,2.42,-0.28,-0.19,-2294769,0,1,0,0.562,1.36,0.73,0.03,0.47,0.32,62.83,0.55,-0.07,2.82,0.83,3.977627,-0.96,-0.2,-0.18,-0.11,9.33,1.81,2.13,-0.2,-0.1,-1550970,0,1,0.376363636,-1.08,0.365853659,0,0.469072165,-0.408571429,-0.446428571,-1.538461538,-0.995862069,0.024096386,-0.023810667,-0.438016529,-3.535714286,-3.263157895,-4.285714286,-0.017094017,-0.252427184,-0.260330579,-3.535714286,-3.947368421,-3.130140768,0,0
0,2016,7.049,1.01,0.12,0.46,4.09,0.32,38.04,0.45,0.01,10.22,0.45,6.314509,0.17,-0.46,0.12,-8.26,11.84,0.06,0.24,0.05,2.16,-44174821,0,0,0,0,0,0,0,1,0,7.552,1.06,0.12,0.46,4.48,0.32,43.93,0.38,0.06,10.3,0.49,6.336379,0.12,0.04,0.14,1.27,12.22,0.04,0.22,0.04,4.01,6315770,0,0,1,7.818,1.06,0.12,0.46,13.29,0,51.1,0.37,0.06,-0.08,0.56,6.407714,0.36,0.05,0.16,1.49,12.16,0.03,0.08,0.05,5.07,6362728,0,0,-0.066604873,-0.047169811,-0.087053571,0,0.5,-0.134076941,0.184210526,-0.833333333,-0.00776699,-0.081632653,-0.003451498,0.416666667,-12.5,-0.142857143,-7.503937008,-0.031096563,0.5,0.090909091,0.25,-0.461346633,-7.994368224,0,0
0,2009,2.899,0.95,0.09,0.36,2.05,0.89,52.49,0.41,-0.03,41.87,0.52,6.743385,0.13,0.03,0.02,0.05,12.36,0.54,0.49,-0.01,0.04,4680323,1,1,0,1,0,0,0,0,0,7.613,1.01,0.09,0.36,2.12,0.99,54.52,0.39,0,49.64,0.56,6.716014,0.15,-0.04,0.05,-0.07,12.35,0.56,0.47,-0.03,0.09,-6304224,1,1,0,2.315,0.93,0.09,0.36,2.11,0.94,50.29,0.4,-0.04,45.76,0.51,6.437371,0.13,0.01,0.01,0.02,12.39,0.54,0.47,0.01,0.03,1616526,1,0,-0.619203993,-0.059405941,-0.033018868,-0.101010101,-0.09375,-0.037234043,0.051282051,-3,-0.156526994,-0.071428571,0.004075483,-0.133333333,-1.75,-0.6,-1.714285714,0.000809717,-0.035714286,0.042553191,-0.666666667,-0.555555556,-1.742410644,0,0
0,2010,0.843,0.83,0.02,0.4,2.79,0.06,52.82,0.31,-0.03,-0.61,0.45,2.86017,0.4,0.01,0.06,0.04,9.59,0.27,0.36,0.01,0.22,102739,0,0,0,1,0,0,1,0,0,2.528,0.99,0.02,0.4,7.95,0.32,65.72,0.36,0,0.12,0.42,2.611998,0.75,0.14,0.24,1.29,9.37,0.11,0.13,0.14,2.19,1145812,0,0,0,2.91,0.51,0.02,0.4,9.44,0.32,64.18,0.42,-0.1,0.29,0.46,2.829883,0.8,-0.17,-0.15,-1.79,9.19,0.09,0.11,-0.2,-1.62,-1148523,0,1,-0.66653481,-0.161616162,-0.649056604,-0.8125,2.083333333,-0.196287279,-0.138888889,-3,-6.083333333,0.071428571,0.095012324,-0.466666667,-0.928571429,-0.75,-0.968992248,0.023479189,1.454545455,1.769230769,-0.928571429,-0.899543379,-0.910335203,0,0
0,2019,2.545,0.96,0.13,0.17,5.63,0.02,52.87,0.45,-0.02,2.74,0.72,18.288309,0.28,0.04,0.05,0.57,13.37,0.08,0.18,0.05,0.62,19962094,0,0,0,0,0,0,0,0,0,4.803,1.12,0.13,0.17,5.45,0.02,47.25,0.38,0.06,0.51,0.71,17.527125,0.26,0.19,0.21,2.43,13.32,0.08,0.18,0.19,2.64,81208464,0,0,0,3.384,0.97,0.13,0.17,5.65,0.03,53.8,0.45,-0.02,0.89,0.72,18.024589,0.31,0.05,0.07,0.54,13.1,0.09,0.18,0.05,0.81,16882611,0,0,-0.47012284,-0.142857143,0.033027523,0,0,0.118941799,0.184210526,-1.333333333,4.37254902,0.014084507,0.043428914,0.076923077,-0.789473684,-0.761904762,-0.765432099,0.003753754,0,0,-0.736842105,-0.765151515,-0.754187027,0,0
0,2020,4.48,1.31,0,0.44,1.23,0.01,42.33,0.24,0.23,106.53,0.37,0.766854,0.07,0.03,0.27,0.09,11.38,0.3,0.81,0.24,0.92,1568496,0,0,0,0,1,0,0,0,1,4.493,1.26,0,0.44,0.98,0,37.46,0.23,0.19,25.33,0.4,0.814488,-0.01,-0.01,0.27,-0.03,11.23,0.21,1.03,0.21,1.27,-282761,1,0,1,4.496,1.19,0,0.44,0.81,0.32,31.03,0.25,0.16,29.69,0.35,0.724331,-0.04,-0.07,0.21,-0.31,11.24,0.22,1.23,0.15,0.99,-3568476,1,0,-0.00289339,0.03968254,0.255102041,1,0.555555556,0.130005339,0.043478261,0.210526316,3.205684959,-0.075,-0.058483366,-8,-4,0,-4,0.013357079,0.428571429,-0.213592233,0.142857143,-0.275590551,-6.547073323,0,0
0,2017,4.085,0.98,0.06,0.3,-0.07,0.7,20.3,0.3,-0.04,6.38,0.34,1.711128,1,0.01,0.04,97585400,11.57,-0.14,-15.34,0.01,260943800,975854,0,0,0,0,0,0,0,0,1,7.646,1,0.06,0.3,-0.1,0.55,44.07,0.3,0.01,-1.66,0.38,1.601346,1.11,0.04,0.08,247486700,11.43,-0.3,-10.08,0.04,523662600,2474867,0,0,1,6.654,1.07,0.06,0.3,-0.13,0.59,62.36,0.32,0.13,-5.86,0.31,1.615536,1.12,0.13,0.19,811536500,11.43,-0.25,-7.82,0.13,1231794100,8115365,0,0,-0.465733717,-0.02,-0.3,0.272727273,-0.47826087,-0.539369185,0,-5,-4.843373494,-0.105263158,0.068556077,-0.099099099,-0.75,-0.5,-0.605694367,0.012248469,-0.533333333,0.521825397,-0.75,-0.501694794,-0.605694367,1,1
0,2017,6.592,1.03,0.03,0.36,1.84,0.38,33.88,0.3,0.03,6,0.43,12.880414,0.04,0.07,0.06,0.22,13.74,0.32,0.54,0.07,0.17,45034213,0,0,0,1,0,0,0,1,0,6.623,1.03,0.03,0.36,2.08,0.38,38.19,0.3,0.03,3.71,0.39,12.1674,0.05,0.04,0.06,0.13,13.62,0.31,0.48,0.07,0.19,23624795,0,0,1,4.545,1.06,0.03,0.36,2.3,0.42,38.19,0.3,0.07,1.05,0.48,10.913307,0.05,0,0.09,0.01,13.58,0.32,0.43,0.05,0.27,1173719,0,0,-0.004680658,0,-0.115384615,0,0.022222222,-0.112856769,0,0,0.617250674,0.102564103,0.058600358,-0.2,0.75,0,0.692307692,0.008810573,0.032258065,0.125,0,-0.105263158,0.906226615,0,0
0,2012,4.141,0.98,0.09,0.38,5.83,0.32,46.47,0.7,-0.01,31.45,0.62,9.565249,0.41,0.02,0.05,0.25,12.13,0.09,0.17,0.02,0.57,2771543,0,0,0,0,0,0,0,1,0,7.718,1,0.09,0.38,5.35,0.32,40.34,0.68,0,16.25,0.56,9.609905,0.38,0.23,0.07,2.69,12.11,0.09,0.19,0.03,0.87,29393527,0,0,1,3.317,0.96,0.09,0.38,2.01,0.32,41.49,0.53,-0.02,14.78,0.62,9.708707,0.15,0.01,0.06,0.08,11.89,0.15,0.5,0.02,0.37,1268312,0,0,-0.463462037,-0.02,0.089719626,0,-0.1,0.151958354,0.029411765,-1,0.935384615,0.107142857,-0.004646872,0.078947368,-0.913043478,-0.285714286,-0.907063197,0.001651528,0,-0.105263158,-0.333333333,-0.344827586,-0.90570907,0,0
0,2018,0.525,0.92,0.01,0.36,4.04,0.2,120.76,0.49,-0.07,75.16,0.34,6.066367,0.4,0,-0.01,0,12.3,0.28,0.25,0.03,-0.03,68635,0,0,1,0,0,0,0,0,0,1.793,0.96,0.01,0.36,4.32,0.23,143.22,0.48,-0.03,76.42,0.34,6.233499,0.42,0.06,0.01,0.21,12.32,0.29,0.23,0.04,0.05,9525527,0,0,0,4.056,0.91,0.01,0.36,4.97,0.26,129.86,0.51,-0.08,82.2,0.36,5.883701,0.42,0.01,-0.02,0.03,12.23,0.29,0.2,0.01,-0.06,1425455,0,0,-0.707194646,-0.041666667,-0.064814815,-0.130434783,-0.048780488,-0.156821673,0.020833333,1.333333333,-0.01648783,0,-0.026811908,-0.047619048,-1,-2,-1,-0.001623377,-0.034482759,0.086956522,-0.25,-1.6,-0.992794624,0,0
0,2012,4.459,1.17,0.03,0.36,3.05,-0.5,38.46,0.31,0.16,-1.16,0.67,14.203406,0.19,0.18,0.33,2423606800,12.2,-0.83,0.33,0.33,4526805200,24236068,0,0,0,0,0,0,0,1,0,4.457,1.18,0.03,0.36,4.06,-0.59,38.44,0.31,0.16,-0.14,0.69,13.309686,0.27,-0.12,0.43,-1269608200,11.9,-1.24,0.25,0.43,4414638400,-12696082,0,0,1,4.475,1.12,0.03,0.36,6.12,-0.58,37.15,0.28,0.12,-0.14,0.66,12.029776,0.35,0.19,0.28,2062465000,11.97,-1.2,0.16,0.26,3044366100,20624650,0,0,0.000448732,-0.008474576,-0.248768473,-0.152542373,-0.181818182,0.000520291,0,0,7.285714286,-0.028985507,0.06714809,-0.296296296,-2.5,-0.23255814,-2.908940727,0.025210084,-0.330645161,0.32,-0.23255814,0.025407925,-2.908940727,1,1
0,2014,6.603,1.42,0.17,0.32,0.68,-0.39,188.09,0.36,0.18,-362.69,0.41,6.484471,-0.12,-0.1,0.58,-774050900,11.62,-0.01,1.47,0.47,4435889400,-7740509,1,0,0,0,0,1,0,0,0,2.345,0.66,0.17,0.32,1.08,-0.26,205.38,0.58,-0.19,-250.49,0.51,6.38631,0.02,0.06,-0.19,0.83,11.8,0.08,0.93,0.06,-2.35,6031128,0,0,0,3.306,0.78,0.17,0.32,1.14,-0.23,165.94,0.59,-0.1,-167.16,0.61,7.095073,0.05,0.35,-0.05,2.39,11.81,0.15,0.88,0.37,-0.32,33059488,0,0,1.815778252,1.151515152,-0.37037037,0.5,-1.111111111,-0.084185412,-0.379310345,-1.947368421,0.447922073,-0.196078431,0.015370535,-7,-2.666666667,-4.052631579,-932591446.8,-0.015254237,-1.125,0.580645161,6.833333333,-1887612512,-2.283426417,0,0
0,2016,2.313,0.94,0.04,0.39,2.13,0.32,61.91,0.48,-0.06,13.1,0.28,2.881834,0.09,-0.02,0.01,-0.08,12.32,0.3,0.47,-0.02,0.04,-3799434,0,1,0,0,0,0,0,1,0,6.514,1.01,0.04,0.39,2.24,0.26,49.64,0.43,0.01,39.85,0.25,2.78822,0.12,-0.05,0.05,-0.19,12.33,0.28,0.45,0.05,0.18,-8400043,0,0,1,2.895,0.97,0.04,0.39,4.26,0.08,48.51,0.46,-0.04,101.02,0.28,2.592137,0.26,0.01,0.03,0.1,12.23,0.14,0.23,0.01,0.19,2103499,0,0,-0.644918637,-0.069306931,-0.049107143,0.230769231,0.102564103,0.247179694,0.11627907,-7,-0.671267252,0.12,0.033574826,-0.25,-0.6,-0.8,-0.578947368,-0.00081103,0.071428571,0.044444444,-1.4,-0.777777778,-0.547688744,0,0
0,2012,7.551,0.8,0.02,0.34,2.49,-3.18,78.32,0.37,0.04,0.72,0.34,4.751462,0.19,0.09,0.16,0.07,10.84,1.4,0.4,0.17,0.11,3313304,0,0,0,0,1,0,1,0,0,0.589,1.07,0.02,0.34,2.9,-2.66,36.82,0.35,-0.02,0.07,0.33,4.485313,0.21,-0.01,0.04,0,10.77,1.53,0.35,-0.02,0.03,-177855,0,1,0,4.287,1.1,0.02,0.34,2.63,-2.65,39.73,0.27,-0.03,0.13,0.3,4.055014,0.21,-0.05,0.17,-0.03,10.77,1.53,0.38,-0.05,0.11,-1733632,0,1,11.82003396,-0.252336449,-0.14137931,0.195488722,0.216027875,1.127104834,0.057142857,-3,9.285714286,0.03030303,0.059337888,-0.095238095,-10,3,7,0.006499536,-0.08496732,0.142857143,-9.5,2.666666667,-19.62924292,0,0
0,2010,6.774,1.02,0.06,0.34,6.98,0.24,41.1,0.34,0.01,3.95,0.73,8.245383,0.62,0.04,0.1,0.15,12.36,0.28,0.14,0.05,0.37,6643759,1,0,0,0,0,0,0,0,0,7.959,1.01,0.06,0.34,7.82,0.27,40.92,0.36,0.01,0.01,0.71,7.959922,0.6,-0.04,0.1,-0.13,12.31,0.28,0.13,0,0.34,-5419262,1,1,0,7.346,1.02,0.06,0.34,7.61,0.27,46.39,0.36,0.01,0.02,0.71,7.737403,0.55,0.04,0.09,0.13,12.35,0.28,0.13,0.05,0.34,5822822,1,0,-0.148888051,0.00990099,-0.10741688,-0.111111111,-0.025641026,0.004398827,-0.055555556,0,394,0.028169014,0.035862286,0.033333333,-2,0,-2.153846154,0.004061738,0,0.076923077,5,0.088235294,-2.225952722,0,0
0,2009,2.827,0.93,0.06,0.3,1.39,0.03,56.3,0.5,-0.04,0.01,0.42,0.471256,0.06,0.22,0,1.23,11.09,0.18,0.72,0.01,0.03,10150479,0,0,0,0,0,0,0,0,0,2.821,0.91,0.06,0.3,1.35,0.04,56.14,0.51,-0.04,0.01,0.74,0.363936,0.07,-0.41,0.01,-1.84,10.84,0.22,0.74,0.01,0.05,-14557833,0,0,0,0.104,0.8,0.06,0.3,4.26,0.03,52.79,0.55,-0.16,0.01,0.66,0.322873,0.37,0.27,-0.11,1.95,11.16,0.14,0.23,-0.1,-0.81,13046458,0,1,0.002126905,0.021978022,0.02962963,-0.25,-0.24137931,0.002850018,-0.019607843,0,0,-0.432432432,0.294887013,-0.142857143,-1.536585366,-1,-1.668478261,0.023062731,-0.181818182,-0.027027027,0,-0.4,-1.697252057,0,0
0,2011,4.583,1.12,0.11,0.2,2,1.24,49.45,0.29,0.07,-4.4,0.37,2.641402,0.07,0.03,0.1,0.05,12.16,0.58,0.5,0.06,0.18,3571016,0,0,0,0,1,0,0,1,0,4.485,1.27,0.11,0.2,2.99,1.48,47.04,0.24,0.14,-4.74,0.41,2.772269,0.09,0,0.14,0,12.18,0.61,0.33,0.12,0.23,224790,0,0,1,4.567,1.18,0.11,0.2,3.01,1.53,61.94,0.25,0.1,-5.89,0.37,2.702558,0.1,-0.02,0.11,-0.03,12.2,0.63,0.33,0.08,0.18,-2238095,0,0,0.021850613,-0.118110236,-0.331103679,-0.162162162,-0.119496855,0.051232993,0.208333333,-0.5,-0.071729958,-0.097560976,-0.047205737,-0.222222222,3,-0.285714286,5,-0.001642036,-0.049180328,0.515151515,-0.5,-0.217391304,14.88600916,0,0
0,2009,7.701,1,0.03,0.27,-0.87,0.32,40.12,0.29,0,0.01,0.46,2.506274,-0.33,0.07,0.1,0.39,10,0.18,-1.15,0.07,0.56,1054987,1,0,0,0,0,0,1,0,0,4.231,0.86,0.03,0.27,-0.89,0.32,40.38,0.3,-0.04,0.01,0.5,2.61493,-0.4,-0.03,0,-0.15,9.96,0.21,-1.12,-0.03,-0.02,-458890,1,1,0,7.186,1.24,0.03,0.27,-2.67,0.32,34.86,0.28,0.06,0.01,0.49,2.534725,-0.39,0.08,0.37,0.8,9.87,0.11,-0.37,0.28,3.45,1137183,1,0,0.820137083,0.162790698,-0.02247191,0,-0.222222222,-0.006438831,-0.033333333,-1,0,-0.08,-0.041552164,-0.175,-3.333333333,10,-3.6,0.004016064,-0.142857143,0.026785714,-3.333333333,-29,-3.298997581,0,0
0,2015,7.153,1.08,0.08,0.33,7.65,0.42,64.95,0.67,0.11,40.07,0.47,11.053245,0.43,0.04,0.1,0.12,13.43,0.34,0.13,0.04,0.28,19539266,0,0,0,0,0,0,1,0,0,5.193,1.03,0.08,0.33,4.22,0.47,70.93,0.72,0.03,1.99,0.46,10.563856,0.34,0.01,0.05,0.02,13.44,0.39,0.24,0.06,0.12,3121732,0,0,0,7.588,1.06,0.08,0.33,4.59,0.48,62.91,0.7,0.08,5.1,0.47,10.746013,0.35,0.04,0.08,0.11,13.42,0.39,0.22,0.1,0.2,21048150,0,0,0.377431157,0.048543689,0.812796209,-0.106382979,-0.2,-0.084308473,-0.069444444,2.666666667,19.13567839,0.02173913,0.046326739,0.264705882,3,1,5,-0.000744048,-0.128205128,-0.458333333,-0.333333333,1.333333333,5.259110648,0,0
0,2020,7.727,1,0.02,0.41,1.02,0.46,1932.92,0.31,0.1,1623.18,0.59,8.554916,0,0.03,0,0.08,17.24,0.42,0.98,0,0.01,701380000,0,0,0,0,0,0,0,0,1,6.495,1,0.02,0.41,1.04,0.39,1791.67,0.29,0.17,826.88,0.58,9.250074,0.01,0.08,0,0.2,17.12,0.38,0.96,0,0.01,1455687000,0,0,1,6.204,1.01,0.02,0.41,1.17,0.41,1700.06,0.3,0.19,1090.72,0.59,9.609488,0.02,0.31,0.01,0.81,17,0.39,0.85,0,0.01,5228494000,0,0,0.189684373,0,-0.019230769,0.179487179,0.177419355,0.078837063,0.068965517,-0.411764706,0.963017608,0.017241379,-0.075151615,-1,-0.625,0,-0.6,0.007009346,0.105263158,0.020833333,0,0,-0.518179389,0,0
0,2012,6.622,1.04,0.03,0.38,1.52,0.7,30.9,0.48,0.02,20.38,0.62,6.291088,0.06,0.01,0.1,0.01,12.3,0.48,0.66,0.03,0.2,800353,0,0,0,0,0,0,0,0,0,4.553,1.08,0.03,0.38,1.5,0.7,26.92,0.47,0.05,20.35,0.64,5.983857,0.06,0.06,0.12,0.12,12.27,0.48,0.67,0.05,0.25,8422533,0,0,0,2.325,0.95,0.03,0.38,1.19,0.77,31.89,0.41,-0.03,12.02,0.63,5.863724,0.02,-0.04,0.03,-0.08,12.22,0.51,0.84,-0.01,0.05,-5451307,0,1,0.454425653,-0.037037037,0.013333333,0,0.032967033,0.147845468,0.021276596,-0.6,0.001474201,-0.03125,0.051343306,0,-0.833333333,-0.166666667,-0.916666667,0.002444988,0,-0.014925373,-0.4,-0.2,-0.904974786,0,0
0,2009,4.446,1.88,0.64,0.18,6.27,0.05,40.78,0.14,0.34,106.82,0.06,0.283192,0.58,0.05,0.95,0.3,10.54,0.15,0.16,0.75,6.13,1234718,0,0,0,0,1,0,0,0,0,4.46,1.91,0.64,0.18,4.85,0.05,45.92,0.14,0.34,103.58,0.06,0.367555,0.55,0.09,0.96,0.5,10.52,0.18,0.21,0.76,5.35,2338812,0,0,0,4.45,1.87,0.64,0.18,2.82,0.01,36.21,0.14,0.34,122.38,0.03,0.228846,0.41,0.04,0.91,0.17,10.46,0.23,0.36,0.69,3.93,942356,0,0,-0.003139013,-0.015706806,0.292783505,0,-0.181818182,-0.111933798,0,0,0.03128017,0,-0.229524833,0.054545455,-0.444444444,-0.010416667,-0.4,0.001901141,-0.166666667,-0.238095238,-0.013157895,0.145794393,-0.472074711,0,0
0,2019,1.033,1,0.08,0.31,1.23,0.22,41.34,0.54,0,39.3,0.41,4.910504,0.05,0.17,0.05,0.48,11.5,0.36,0.81,0.17,0.14,11979399,0,0,0,0,0,0,0,0,0,4.091,0.9,0.08,0.31,1.36,0.27,22.06,0.59,-0.05,96.12,0.42,4.596843,0.11,0.18,0.01,0.41,11.31,0.44,0.73,-0.03,0.01,10425386,0,1,0,6.985,1.03,0.08,0.31,1.43,0.64,26.3,0.51,0.01,92.92,0.38,4.076978,0.13,0.06,0.08,0.11,11.18,0.57,0.7,0.06,0.14,3173713,0,0,-0.7474945,0.111111111,-0.095588235,-0.185185185,-0.278481013,0.873980054,-0.084745763,-1,-0.59113608,-0.023809524,0.068234003,-0.545454545,-0.055555556,4,0.170731707,0.016799293,-0.181818182,0.109589041,-6.666666667,13,0.149060476,0,0
0,2014,0.033,2.26,0.08,0.33,0.61,-3.46,55.47,0.78,-0.47,17.11,0.1,1.003235,-0.12,-0.49,-0.25,-0.39,9.66,1.28,1.64,0.04,-0.19,-5398272,0,0,0,1,0,0,0,0,1,0.075,-0.27,0.08,0.33,0.9,5.14,80.15,0.71,-0.29,-6.2,0.13,1.337572,-0.02,0.42,-0.13,0.49,10.17,0.87,1.11,-0.07,-0.15,7689431,0,1,1,4.449,0.35,0.08,0.33,1.29,-1.58,39.56,0.37,0.19,6.82,0.23,0.824,0.12,-0.03,0.78,-0.01,8.92,2.02,0.77,-0.08,0.38,-143792,0,1,-0.56,-9.37037037,-0.322222222,-1.673151751,-1.692192192,-0.307922645,0.098591549,0.620689655,-3.759677419,-0.230769231,-0.249958133,5,-2.166666667,0.923076923,-1.795918367,-0.050147493,0.471264368,0.477477477,-1.571428571,0.266666667,-1.702037901,0,0
0,2019,6.576,3.04,0,0.49,3.74,19.69,49.63,0.27,0.05,36.01,0.29,0.780187,0.33,-0.07,0.29,-0.07,10.8,0.96,0.27,0.1,0.3,-2272277,0,0,0,0,1,0,0,0,0,6.674,1.58,0,0.49,3.31,7.71,49.35,0.27,0.04,42.32,0.32,0.789851,0.31,-0.01,0.25,-0.01,10.89,0.9,0.3,0.07,0.28,-463080,0,0,0,7.129,1.43,0,0.49,3.8,6.83,37.17,0.29,0.04,44.18,0.32,0.797935,0.27,-0.11,0.25,-0.12,10.86,0.88,0.26,0.06,0.28,-3821740,0,0,-0.014683848,0.924050633,0.129909366,1.5538262,1.482339956,0.005673759,0,0.25,-0.149102079,-0.09375,-0.012235219,0.064516129,6,0.16,6,-0.008264463,0.066666667,-0.1,0.428571429,0.071428571,3.906877861,0,0
0,2016,4.587,1.51,0.06,0.3,11.72,0.64,263.79,0.28,0.43,189.76,0.19,0.23208,0.65,-0.21,0.31,-0.5,10.45,0.43,0.09,0.3,0.71,-5139155,0,0,1,1,0,0,0,0,0,7.521,1.11,0.06,0.3,7.8,0,238.74,0.48,0.17,238.8,0.11,0.122075,0.61,0.14,0.1,1.52,10.3,0.09,0.13,0.14,1.15,2889658,0,0,0,3.283,0.93,0.06,0.3,4.88,0.32,129.65,0.61,-0.12,324.57,0.11,0.127925,0.53,-0.23,-0.05,-1.68,10.19,0.14,0.2,-0.03,-0.35,-4281160,0,1,-0.390107698,0.36036036,0.502564103,64,6.5,0.104925861,-0.416666667,1.529411765,-0.205360134,0.727272727,0.901126357,0.06557377,-2.5,2.1,-1.328947368,0.014563107,3.777777778,-0.307692308,1.142857143,-0.382608696,-2.778464787,0,0
0,2010,4.557,1.09,0.03,0.37,1.53,0.9,38.82,0.33,0.06,19.35,0.68,9.640179,0.04,0.04,0.11,0.08,13.24,0.51,0.66,0.04,0.21,15112562,0,0,0,0,0,0,0,1,0,4.564,1.09,0.03,0.37,1.72,0.98,42.12,0.35,0.07,28.19,0.65,9.53414,0.06,-0.14,0.1,-0.26,13.2,0.53,0.58,0.01,0.18,-52259555,0,0,1,7.544,1.02,0.03,0.37,1.44,0.63,40.73,0.38,0.02,24.57,0.64,10.362445,0.03,-0.02,0.05,-0.04,13.27,0.44,0.69,0.02,0.11,-6360192,0,0,-0.001533742,0,-0.110465116,-0.081632653,-0.07826087,-0.078347578,-0.057142857,-0.142857143,-0.313586378,0.046153846,0.011122031,-0.333333333,-1.285714286,0.1,-1.307692308,0.003030303,-0.037735849,0.137931034,3,0.166666667,-1.289182753,0,0
0,2013,5.856,1.02,0.03,0.29,-0.06,0.32,56.54,0.29,0.07,-2.89,0.37,4.504695,5.65,0.15,0.21,884551700,11.32,-5.33,-16.71,0.15,1207086900,8845517,0,0,0,0,1,1,0,0,0,4.446,1.09,0.03,0.29,-0.05,0.32,43.12,0.28,0.29,-5.81,0.35,4.456778,5.55,0.58,0.62,3291321900,11.31,-5.27,-18.68,0.58,3538396000,32913219,0,0,0,5.877,1.03,0.03,0.29,-0.12,0.32,87.85,0.27,0.09,-3.23,0.36,4.563352,4.03,0.24,0.21,1698368600,11.52,-3.59,-8.24,0.16,1489582300,16983686,0,0,0.317139001,-0.064220183,0.2,0,0,0.31122449,0.035714286,-0.75862069,-0.502581756,0.057142857,0.010751489,0.018018018,-0.74137931,-0.661290323,-0.731247284,0.000884173,0.011385199,-0.105460385,-0.74137931,-0.658860427,-0.731247284,1,1
0,2009,3.648,0.81,0.05,0.61,3.6,0.11,73.78,0.41,-0.07,2.37,0.36,0.762921,0.37,-0.02,-0.1,-0.1,8.87,0.23,0.28,-0.06,-0.43,-108143,0,1,1,0,0,0,1,0,0,2.348,0.72,0.05,0.61,2.56,0.12,72.37,0.48,-0.11,3.18,0.43,0.736499,0.26,-0.08,-0.15,-0.3,8.93,0.26,0.39,-0.12,-0.6,-401810,0,1,0,3.602,0.86,0.05,0.61,3.35,0.12,69.93,0.46,-0.06,14.36,0.45,0.749302,0.34,0,-0.06,0,9,0.23,0.3,-0.02,-0.24,0,0,1,0.553662692,0.125,0.40625,-0.083333333,-0.142857143,0.019483211,-0.145833333,-0.363636364,-0.254716981,-0.162790698,0.035875134,0.423076923,-0.75,-0.333333333,-0.666666667,-0.006718925,-0.115384615,-0.282051282,-0.5,-0.283333333,-0.730860357,0,0
0,2021,4.307,2.29,0.06,0.3,1.16,-9.79,45.65,0.32,-0.07,26.79,0.1,0.429701,0.05,0.2,-0.03,0.18,10.38,1.08,0.86,0.22,-0.02,4440002,0,0,0,0,1,0,0,0,0,3.271,1.62,0.06,0.3,1.51,-4.16,66.14,0.35,-0.14,53.15,0.1,0.440709,0.13,-0.15,-0.06,-0.12,10.53,1.24,0.66,-0.14,-0.05,-3832121,0,1,0,2.327,2.04,0.06,0.3,1.21,-8.67,108.37,0.31,-0.09,3.17,0.09,0.482965,0.06,0.01,0.03,0.01,10.51,1.09,0.83,0.02,0.03,336702,0,0,0.316722715,0.413580247,-0.231788079,1.353365385,1.612284069,-0.309797399,-0.085714286,-0.5,-0.495954845,0,-0.024977933,-0.615384615,-2.333333333,-0.5,-2.5,-0.014245014,-0.129032258,0.303030303,-2.571428571,-0.6,-2.15862782,0,0
0,2010,7.153,1.39,0.23,0.32,1.75,2.64,57.13,0.37,0.09,2.88,0.63,16.345258,0.09,-0.04,0.13,-0.05,13.52,0.76,0.57,0.15,0.17,-19180244,0,0,0,0,0,0,0,0,1,7.134,1.31,0.23,0.32,1.89,1.75,60.62,0.39,0.09,4.99,0.66,16.09682,0.11,-0.03,0.13,-0.05,13.38,0.68,0.53,0.15,0.19,-15227497,0,0,1,6.648,1.25,0.23,0.32,1.87,1.53,42.39,0.39,0.09,28.45,0.69,16.260265,0.1,-0.09,0.11,-0.15,13.39,0.65,0.53,0.14,0.17,-42905696,0,0,0.002663302,0.061068702,-0.074074074,0.508571429,0.474178404,-0.057571758,-0.051282051,0,-0.422845691,-0.045454545,0.01543398,-0.181818182,0.333333333,0,0,0.010463378,0.117647059,0.075471698,0,-0.105263158,0.259579562,0,0
0,2021,6.666,1.19,0.13,0.27,4.17,0.27,45.29,0.36,0.1,10.4,0.61,11.326106,0.18,-0.28,0.22,-1.08,12.44,0.26,0.24,0.2,0.83,-48911020,0,0,0,0,0,0,1,0,0,0.033,-0.35,0.13,0.27,12.56,0.18,55.46,0.49,-1.25,5.67,0.6,11.692204,0.33,-1.05,-0.97,-6.08,12.65,0.17,0.08,-1.08,-5.61,-227965854,0,1,0,1.106,0.99,0.13,0.27,3.78,0,51.96,0.4,-0.02,10.21,0.65,12.030483,0.04,-0.03,0.06,-1.78,13.29,0.02,0.26,0.02,3.8,-11522405,0,0,201,-4.4,-0.667993631,0.5,0.666666667,-0.183375406,-0.265306122,-1.08,0.834215168,0.016666667,-0.031311291,-0.454545455,-0.733333333,-1.226804124,-0.822368421,-0.016600791,0.529411765,2,-1.185185185,-1.147950089,-0.78544585,0,0
0,2016,8.461,1.05,0.04,0.53,13.11,2.73,65.7,0.44,0.02,77.1,0.62,5.773505,0.26,0,0.06,0,12.87,0.74,0.08,0.04,0.08,-75168,0,0,0,0,0,0,0,1,0,2.399,0.98,0.04,0.53,1.64,2.02,51.92,0.45,-0.01,-6.52,0.7,5.963858,0.05,-0.02,0.06,-0.02,12.71,0.69,0.61,0.03,0.09,-3543061,0,0,1,3.827,0.91,0.04,0.53,1.7,1.99,56.35,0.48,-0.05,-12.91,0.63,5.407828,0.04,-0.03,0.04,-0.05,12.74,0.69,0.59,0.01,0.05,-7976076,0,0,2.526886203,0.071428571,6.993902439,0.351485149,0.243362832,0.26540832,-0.022222222,-3,-12.82515337,-0.114285714,-0.031917762,4.2,-1,0,-1,0.012588513,0.072463768,-0.868852459,0.333333333,-0.111111111,-0.978784447,0,0
0,2016,6.581,1.28,0,0.29,1.65,0.64,47.52,0.35,0.12,38.58,0.45,2.422833,0.12,0.07,0.2,0.13,12.08,0.5,0.61,0.14,0.39,8136844,0,0,0,0,1,0,0,0,1,6.624,1.26,0,0.29,1.92,0.62,51.12,0.35,0.11,42.88,0.46,2.409482,0.17,0.1,0.19,0.2,11.93,0.5,0.52,0.14,0.39,10387601,0,0,1,7.166,1.1,0,0.29,1.51,0.88,47.54,0.33,0.04,19.62,0.45,2.301644,0.09,-0.09,0.11,-0.16,11.86,0.57,0.66,0.05,0.2,-9146871,0,0,-0.006491546,0.015873016,-0.140625,0.032258065,0.020408163,-0.070422535,0,0.090909091,-0.100279851,-0.02173913,0.005541025,-0.294117647,-0.3,0.052631579,-0.35,0.012573345,0,0.173076923,0,0,-0.216677267,0,0
0,2011,8.367,1.05,0.06,0.3,0.2,0.32,48.68,0.42,0.03,-23.6,0.87,3.169969,-0.36,0.08,0.06,0.18,11.11,0.46,4.93,0.08,0.13,3873076,0,0,0,0,0,0,0,1,0,7.606,1.08,0.06,0.3,0.07,0.32,52.67,0.42,0.05,-60.43,0.89,3.19273,-0.47,0.1,0.08,0.2,11.03,0.5,13.98,0.1,0.15,4361214,0,0,1,3.817,0.91,0.06,0.3,-0.25,0.5,58.15,0.42,-0.05,-113.76,0.88,3.041178,-0.44,0.03,0,0.05,10.94,0.57,-3.98,0.02,0,1019597,0,0,0.10005259,-0.027777778,1.857142857,0,-0.168316832,-0.075754699,0,-0.4,-0.609465497,-0.02247191,-0.007129009,-0.234042553,-0.2,-0.25,-0.1,0.007252947,-0.08,-0.647353362,-0.2,-0.133333333,-0.111927092,0,0
0,2009,5.799,1.07,0.04,0.52,1.6,0.17,46.33,0.3,0.13,42.26,0.52,5.600535,0.07,-0.02,0.09,-0.1,12.73,0.24,0.62,0,0.37,-5322312,0,1,0,0,0,0,0,0,0,6.583,1.06,0.04,0.52,1.69,0.21,63.14,0.32,0.13,7.15,0.52,5.129753,0.04,0.04,0.08,0.18,12.73,0.22,0.59,0.04,0.37,9140618,0,0,0,5.818,1.08,0.04,0.52,2.3,0.21,59.07,0.29,0.15,19.47,0.53,4.911074,0.07,0,0.09,0,12.68,0.22,0.44,0.13,0.42,0,0,0,-0.119094638,0.009433962,-0.053254438,-0.19047619,0.107142857,-0.266233766,-0.0625,0,4.91048951,0,0.091774789,0.75,-1.5,0.125,-1.555555556,0,0.090909091,0.050847458,-1,0,-1.582270477,0,0
0,2021,7.198,1.07,0.04,0.36,10.03,0.13,36.05,0.22,0.09,155.33,0.68,12.044593,0.29,0.08,0.09,0.55,13.72,0.14,0.1,0.08,0.62,50299774,0,0,0,0,0,0,0,0,1,5.922,1.01,0.04,0.36,7.14,0.18,26.18,0.25,0.02,117.37,0.59,10.698738,0.2,0.07,0.05,0.36,13.66,0.18,0.14,0.06,0.26,38974889,0,0,1,7.843,1.05,0.04,0.36,3.23,0.11,43.54,0.22,0.06,59.54,0.55,10.817966,0.13,0.16,0.08,1.03,13.54,0.15,0.31,0.07,0.55,83873633,0,0,0.215467747,0.059405941,0.404761905,-0.277777778,-0.227272727,0.377005348,-0.12,3.5,0.323421658,0.152542373,0.125795678,0.45,0.142857143,0.8,0.527777778,0.004392387,-0.222222222,-0.285714286,0.333333333,1.384615385,0.290568756,0,0
0,2020,3.327,0.74,0.04,0.31,1.3,0.8,40.62,0.56,-0.1,104.5,0.41,4.330191,0.11,0.01,-0.06,0.02,12.25,0.64,0.77,0.01,-0.1,2047781,0,0,0,1,0,0,0,1,0,2.347,0.6,0.04,0.31,1.3,0.81,57.89,0.61,-0.15,26.91,0.44,5.196645,0.08,-0.06,-0.13,-0.11,12.08,0.59,0.77,-0.06,-0.22,-7648987,0,1,1,2.876,0.8,0.04,0.31,2.13,0.67,119.49,0.58,-0.08,21.38,0.45,5.408131,0.26,0.01,-0.05,0.01,12.1,0.54,0.47,0.01,-0.1,646000,0,0,0.417554325,0.233333333,0,-0.012345679,0.237762238,-0.298324408,-0.081967213,-0.333333333,2.883314753,-0.068181818,-0.166733344,0.375,-1.166666667,-0.538461538,-1.181818182,0.014072848,0.084745763,0,-1.166666667,-0.545454545,-1.267719242,0,0
0,2012,8.142,1.05,0.13,0.13,1.39,0.01,47.06,0.64,0.03,18.14,0.64,2.557185,0.07,0.06,0.09,0.28,9.78,0.19,0.72,0.07,0.46,677656,0,0,0,0,0,0,0,0,0,1.52,0.87,0.13,0.13,2.33,0.32,55.26,0.64,-0.07,60.95,0.65,2.587554,0.3,-0.14,-0.06,-0.62,9.75,0.23,0.43,0.03,-0.25,-1676662,0,0,0,3.317,0.94,0.13,0.13,2.2,0.1,62.31,0.52,-0.04,54.1,0.6,2.4111,0.23,-0.02,-0.01,-0.07,9.96,0.26,0.45,0.01,-0.02,-260557,0,0,4.356578947,0.206896552,-0.403433476,-0.96875,-0.172413793,-0.148389432,0,-1.428571429,-0.702378999,-0.015384615,-0.011736567,-0.766666667,-1.428571429,-2.5,-1.451612903,0.003076923,-0.173913043,0.674418605,1.333333333,-2.84,-1.404169713,0,0
0,2019,6.656,1.05,0,0.57,1.92,0.13,34.69,0.4,0.03,44.14,0.53,1.162376,0.19,-0.05,0.13,-0.17,10.63,0.29,0.52,0.08,0.43,-1453188,0,0,0,0,1,0,0,0,0,5.792,1.16,0,0.57,2.22,0.13,40.53,0.37,0.08,43.18,0.6,1.348885,0.21,-0.02,0.19,-0.08,10.67,0.27,0.45,0.12,0.7,-611550,0,0,0,4.543,1.22,0,0.57,2.63,0.11,39.1,0.35,0.11,54.53,0.52,1.275016,0.26,0.01,0.22,0.03,10.65,0.24,0.38,0.16,0.9,236888,0,0,0.149171271,-0.094827586,-0.135135135,0,0.135135135,-0.144090797,0.081081081,-0.625,0.022232515,-0.116666667,-0.138269015,-0.095238095,1.5,-0.315789474,1.125,-0.003748828,0.074074074,0.155555556,-0.333333333,-0.385714286,1.376237429,0,0
0,2017,2.314,-1.54,0.06,0.3,0.4,0.14,113.74,0.42,-0.57,0.04,0.24,2.26802,-0.48,0.07,-0.39,0.08,11,0.82,2.52,-0.43,-0.48,2744946,1,1,0,0,1,0,0,0,0,0.183,0,0.06,0.3,0.79,4.8,55.07,0.42,-0.08,0.04,0.28,2.670766,-0.07,-0.12,0,-0.13,10.99,0.88,1.27,-0.12,0,-4861592,1,1,0,1.218,0.85,0.06,0.3,1.26,2.49,52.85,0.42,-0.02,0.07,0.39,3.529296,0.06,-0.04,0.05,-0.05,11.04,0.78,0.79,-0.01,0.06,-1529427,0,1,11.64480874,-154,-0.493670886,-0.970833333,-0.404539386,1.065371346,0,6.125,0,-0.142857143,-0.150797936,5.857142857,-1.583333333,-39,-1.615384615,0.000909918,-0.068181818,0.984251969,2.583333333,-48,-1.56461875,0,0
0,2021,5.785,1.05,0,0.32,-0.05,0.02,50.83,0.31,0.21,2.47,0.54,6.272705,3.58,0.27,0.27,4363848200,12.35,-3.34,-20.52,0.28,4288023100,43638482,0,0,0,0,0,0,0,0,1,4.566,1.06,0,0.32,-0.05,0.01,49.51,0.28,0.26,2.24,0.49,5.295197,3.45,0.31,0.29,4812202600,12.31,-3.24,-22.22,0.31,4484440000,48122026,0,0,1,4.557,1.07,0,0.32,-0.06,0,48.97,0.28,0.26,7.62,0.53,5.499889,3.39,0.62,0.34,9029338900,12.24,-3.19,-16.96,0.32,4864041500,90293389,0,0,0.266973281,-0.009433962,0,1,0.013157895,0.026661281,0.107142857,-0.192307692,0.102678571,0.102040816,0.184602764,0.037681159,-0.129032258,-0.068965517,-0.093170308,0.003249391,0.030864198,-0.076507651,-0.096774194,-0.043799649,-0.093170308,1,1
0,2016,4.484,1.15,0.16,0.24,6.44,0.97,56.25,0.34,0.17,530.98,0.75,32.092571,0.48,0.04,0.09,0.08,14.87,0.54,0.16,0.13,0.17,89139538,1,0,1,0,0,0,0,1,0,4.494,1.13,0.16,0.24,6.65,0.92,52.44,0.37,0.14,518.85,0.79,31.802177,0.5,0.03,0.08,0.06,14.74,0.53,0.15,0.08,0.16,54712631,1,0,1,4.498,1.13,0.16,0.24,7.33,0.8,55.63,0.38,0.14,499.17,0.74,29.348138,0.51,0.06,0.09,0.12,14.6,0.49,0.14,0.11,0.19,91298798,1,0,-0.002225189,0.017699115,-0.031578947,0.054347826,0.045045045,0.072654462,-0.081081081,0.214285714,0.023378626,-0.050632911,0.009131262,-0.04,0.333333333,0.125,0.333333333,0.008819539,0.018867925,0.066666667,0.625,0.0625,0.629231429,0,0
0,2009,4.54,1.18,0.06,0.3,-0.14,0.32,26.54,0.37,0.17,-0.1,0.28,0.856935,2.7,0.64,0.7,375793600,9.05,-2.37,-7.02,0.64,415960500,3757936,0,0,0,1,1,0,0,0,0,4.54,1.2,0.06,0.3,-0.16,0.32,23.41,0.38,0.15,-2.35,0.24,0.823596,1.97,0.56,0.63,333052400,9.06,-1.69,-6.21,0.56,375006200,3330524,0,0,0,5.831,1.15,0.06,0.3,-0.11,0.32,10.66,0.4,0.1,-2.58,0.24,0.839843,1.44,0,0.45,0,8.99,-1.3,-9.27,0.31,251894600,0,0,0,0,-0.016666667,-0.125,0,0.111111111,0.133703545,-0.026315789,0.133333333,-0.957446809,0.166666667,0.040479798,0.370558376,0.142857143,0.111111111,0.128331758,-0.001103753,0.402366864,0.130434783,0.142857143,0.109209661,0.128331758,1,1
0,2009,3.96,0.99,0.12,0.24,2.19,0.56,44.17,0.36,-0.01,9.58,0.57,13.233001,0.07,-0.11,0.04,-0.28,12.93,0.4,0.46,-0.05,0.09,-32346110,1,1,0,0,0,0,0,0,0,1.045,1,0.12,0.24,2.94,0.41,48.51,0.38,0,9.37,0.6,13.478747,0.09,0.04,0.04,0.14,12.99,0.33,0.34,0.02,0.11,13662918,1,0,0,4.86,1,0.12,0.24,2.66,0.5,52.59,0.39,0,4.9,0.57,12.627911,0.08,0,0.04,0,12.98,0.36,0.38,0.05,0.11,0,1,0,2.789473684,-0.01,-0.255102041,0.365853659,0.346938776,-0.089466089,-0.052631579,-1,0.022411953,-0.05,-0.01823211,-0.222222222,-3.75,0,-3,-0.004618938,0.212121212,0.352941176,-3.5,-0.181818182,-3.367437907,0,0
0,2010,4.442,1.2,0.15,0.15,2.69,0.39,26.27,0.17,0.14,-2.63,0.45,5.150088,0.06,0,0.17,-0.01,12.59,0.31,0.37,0.14,0.54,-406426,0,0,0,0,1,0,1,0,0,4.441,1.19,0.15,0.15,2.63,0.42,26.89,0.2,0.15,-2.56,0.46,5.288758,0.06,0.06,0.16,0.18,12.62,0.33,0.38,0.13,0.49,12298989,0,0,0,4.477,1.12,0.15,0.15,1.58,0.52,35.08,0.24,0.11,-9.23,0.44,5.081811,0.03,0.12,0.12,0.33,12.61,0.37,0.63,0.08,0.32,25569392,0,0,0.000225175,0.008403361,0.022813688,-0.071428571,-0.0625,-0.023056898,-0.15,-0.066666667,0.02734375,-0.02173913,-0.026219767,0,-1,0.0625,-1.055555556,-0.002377179,-0.060606061,-0.026315789,0.076923077,0.102040816,-1.03304548,0,0
0,2010,3.889,1.32,0.06,0.15,1.99,-6.62,40.03,0.49,-0.02,48.03,0.52,6.274316,0.26,-0.02,0.04,-0.02,11.05,1.13,0.5,0.02,0.04,-848000,0,0,0,0,0,0,0,0,0,5.424,0.83,0.06,0.15,1.89,-7.56,36.37,0.48,0.01,63.03,0.55,6.307515,0.25,-0.07,0.1,-0.06,11.07,1.11,0.53,0.09,0.09,-3143000,0,0,0,2.674,1.22,0.06,0.15,1.65,-18.84,38.04,0.47,-0.01,42.44,0.6,6.589113,0.18,0.05,0.08,0.05,11.03,1.04,0.61,-0.04,0.08,2132000,0,1,-0.283001475,0.590361446,0.052910053,-0.124338624,-0.148809524,0.100632389,0.020833333,-3,-0.237981913,-0.054545455,-0.005263404,0.04,-0.714285714,-0.6,-0.666666667,-0.001806685,0.018018018,-0.056603774,-0.777777778,-0.555555556,-0.730194082,0,0
0,2013,0.183,0.92,0.04,0.41,23.35,0.5,55.65,0.53,-0.08,160.85,0.35,0.591934,0.37,0.05,0,0.13,10.55,0.35,0.04,0.05,-0.01,1229672,1,0,1,1,0,0,0,0,0,0.195,0.92,0.04,0.41,18.78,0.54,58.15,0.54,-0.08,163.27,0.33,0.53891,0.37,0.04,0,0.11,10.5,0.37,0.05,0.04,0.01,1015658,1,0,0,2.824,0.95,0.04,0.41,24.49,0.59,78.73,0.56,-0.05,164.52,0.34,0.587049,0.36,0.07,0.02,0.18,10.46,0.38,0.04,0.04,0.04,1668906,1,0,-0.061538462,0,0.243343983,-0.074074074,-0.086206897,-0.042992261,-0.018518519,0,-0.014822074,0.060606061,0.098391197,0,0.25,0,0.181818182,0.004761905,-0.054054054,-0.2,0.25,-2,0.21071463,0,0
0,2008,0.143,0.79,0.21,0.34,2.57,0.52,54.66,0.5,-0.11,4.54,0.6,4.698428,0.3,-0.07,-0.07,-0.14,11.54,0.47,0.39,-0.07,-0.15,-4849660,0,1,0,1,1,0,0,1,0,1.505,0.87,0.21,0.34,1.69,0.45,70.47,0.47,-0.08,6.21,0.63,4.950479,0.14,0,-0.03,0,11.62,0.45,0.59,0.03,-0.08,-1471,0,0,1,7.105,1.01,0.21,0.34,1.79,0.52,90.48,0.45,0.01,7.57,0.54,4.375207,0.13,0,0.04,0,11.63,0.45,0.56,0.1,0.09,0,0,0,-0.904983389,-0.091954023,0.520710059,0.155555556,0.085365854,-0.224350788,0.063829787,0.375,-0.268921095,-0.047619048,-0.050914467,1.142857143,-7,1.333333333,-14,-0.006884682,0.044444444,-0.338983051,-3.333333333,0.875,3295.845683,0,0
0,2017,3.902,0.78,0.03,0.36,0.78,0.32,31.72,0.52,-0.05,0.01,0.44,2.333698,-0.08,-0.06,0.01,-0.16,9.5,0.36,1.29,-0.08,0.04,-526164,0,1,1,0,0,0,0,1,0,3.868,0.85,0.03,0.36,0.75,0.32,45.39,0.51,-0.04,0.01,0.51,2.493412,-0.1,-0.36,0.05,-0.89,9.66,0.4,1.33,0,0.14,-3912894,0,1,1,3.567,0.87,0.03,0.36,2.34,0.32,50.46,0.51,-0.05,0.01,0.64,2.64902,0.17,-0.17,0.02,-1.32,9.75,0.13,0.43,-0.09,0.13,-2039317,0,1,0.008790072,-0.082352941,0.04,0,-0.161764706,-0.301167658,0.019607843,0.25,0,-0.137254902,-0.064054396,-0.2,-0.833333333,-0.8,-0.820224719,-0.016563147,-0.1,-0.030075188,-8,-0.714285714,-0.86553073,0,0
0,2016,0.755,0.99,0.06,0.54,1.94,0.44,37.69,0.48,-0.01,34.18,0.55,16.657996,0.07,-0.03,0.04,-0.08,13.73,0.36,0.52,0.01,0.1,-18542335,0,0,0,0,0,0,0,0,0,6.672,1.03,0.06,0.54,2.12,0.38,36.21,0.47,0.03,53.78,0.76,16.486043,0.09,0.04,0.06,0.12,13.73,0.33,0.47,0.04,0.18,25491274,0,0,0,6.242,1,0.06,0.54,1.86,0.34,37.88,0.51,0.01,33.94,0.69,15.854721,0.07,0.11,0.05,0.36,13.64,0.31,0.54,0.05,0.17,65345053,0,0,-0.886840528,-0.038834951,-0.08490566,0.157894737,0.12,0.040872687,0.021276596,-1.333333333,-0.36444775,-0.276315789,0.010430217,-0.222222222,-1.75,-0.333333333,-1.666666667,0,0.090909091,0.106382979,-0.75,-0.444444444,-1.727399305,0,0
0,2011,0.153,0.76,0.16,0.01,1.66,0.87,51.64,0.53,-0.12,29.38,0.65,12.243991,0.1,-0.01,-0.07,-0.02,13.27,0.55,0.6,0.03,-0.12,-3496590,0,0,0,0,0,0,0,0,0,0.105,0.73,0.16,0.01,1.63,0.86,42.51,0.56,-0.14,44.45,0.71,13.166777,0.1,0.03,-0.08,0.06,13.28,0.54,0.61,0.03,-0.15,14184085,0,0,0,0.083,0.64,0.16,0.01,1.53,0.92,45.47,0.55,-0.19,42.67,0.89,13.076003,0.09,0.04,-0.12,0.07,13.25,0.57,0.65,0.03,-0.21,16396820,0,0,0.457142857,0.04109589,0.018404908,0.011627907,0.025210084,0.214772995,-0.053571429,-0.142857143,-0.339032621,-0.084507042,-0.070084425,0,-1.333333333,-0.125,-1.333333333,-0.000753012,0.018518519,-0.016393443,0,-0.2,-1.24651502,0,0
0,2014,2.289,0.76,0.07,0.17,1.5,1.35,48.64,0.61,-0.07,28.89,0.64,15.393033,0.12,0.01,-0.02,0.01,12.95,0.67,0.66,0.01,-0.03,2097237,0,0,1,0,0,0,1,0,0,1.52,0.63,0.07,0.17,1.29,1.53,58.19,0.59,-0.1,7.59,0.65,16.297568,0.07,-0.01,-0.06,-0.01,12.99,0.7,0.77,-0.01,-0.08,-3020251,0,1,0,1.51,0.66,0.07,0.17,0.89,1.24,50.08,0.6,-0.1,2.36,0.63,15.806186,-0.03,0.01,-0.05,0.02,12.96,0.68,1.12,0.01,-0.07,4229691,1,0,0.505921053,0.206349206,0.162790698,-0.117647059,-0.096069869,-0.164117546,0.033898305,-0.3,2.806324111,-0.015384615,-0.055501226,0.714285714,-2,-0.666666667,-2,-0.003079292,-0.042857143,-0.142857143,-2,-0.625,-1.694391625,0,0
0,2010,3.586,0.74,0.22,0.23,1.3,5.85,53.79,0.45,-0.02,15.47,0.42,8.76026,0.09,-0.04,0.02,-0.05,12.29,0.9,0.77,0.04,0.03,-6736480,0,0,0,0,1,0,0,1,0,4.137,0.87,0.22,0.23,1.53,4.07,53.59,0.45,-0.02,23.72,0.55,8.873171,0.14,-0.11,0.04,-0.13,12.28,0.85,0.65,0.04,0.04,-16712029,0,0,1,4.05,0.92,0.22,0.23,1.37,1.64,58.05,0.45,-0.02,18.99,0.51,8.792406,0.1,0.02,0.04,0.03,12.23,0.73,0.73,0.06,0.05,2876966,0,0,-0.133188301,-0.149425287,-0.150326797,0.437346437,0.519591141,0.00373204,0,0,-0.347807757,-0.236363636,-0.012724989,-0.357142857,-0.636363636,-0.5,-0.615384615,0.000814332,0.058823529,0.184615385,0,-0.25,-0.596908311,0,0
0,2014,7.279,1,0.04,0.27,6.37,0.49,52.59,0.5,0,119.42,0.25,3.107828,0.16,0.04,0.05,0.11,12.59,0.35,0.16,0,0.16,7893569,0,0,0,0,0,0,0,0,0,3.294,0.98,0.04,0.27,5.59,0.51,53.72,0.5,-0.03,113.69,0.33,3.328629,0.17,0.06,0.04,0.17,12.55,0.36,0.18,0.03,0.11,11768661,0,0,0,1.148,0.99,0.04,0.27,0.7,0.17,58.94,0.52,-0.01,93.03,0.34,3.346912,-0.08,-0.05,0.03,-0.13,12.46,0.37,1.42,0.02,0.09,-8968432,1,0,1.209775349,0.020408163,0.139534884,-0.039215686,-0.052631579,-0.021034996,0,-1,0.050400211,-0.242424242,-0.066333917,-0.058823529,-0.333333333,0.25,-0.352941176,0.003187251,-0.027777778,-0.111111111,-1,0.454545455,-0.329272124,0,0
0,2013,7.217,1.23,0.14,0.16,1.87,2.01,50.63,0.42,0.05,113.56,0.78,24.180093,0.22,0.09,0.12,0.12,13.54,0.75,0.54,0.09,0.16,46950233,0,0,0,0,0,0,0,0,0,7.566,1.29,0.14,0.16,2.04,3.62,49.23,0.42,0.05,109.24,0.73,22.627319,0.23,-0.08,0.12,-0.09,13.48,0.83,0.49,-0.07,0.14,-37671101,0,1,0,7.818,1.19,0.14,0.16,2.14,2.16,52.83,0.42,0.05,111.59,0.69,21.813945,0.24,0.09,0.11,0.12,13.46,0.75,0.47,0.09,0.15,44079602,0,0,-0.046127412,-0.046511628,-0.083333333,-0.444751381,-0.382113821,0.028437944,0,0,0.039545954,0.068493151,0.068623861,-0.043478261,-2.125,0,-2.333333333,0.004451039,-0.096385542,0.102040816,-2.285714286,0.142857143,-2.246319639,0,0
0,2021,2.851,0.36,0.12,0.21,0.71,0.79,55.86,0.35,-0.1,0.23,0.63,33.185651,-0.16,-0.06,-0.11,-0.08,13.56,0.75,1.42,-0.11,-0.15,-32079113,0,1,0,0,0,0,0,1,0,1.519,0.3,0.12,0.21,0.75,0.51,49.29,0.37,-0.15,0.54,0.59,31.400626,-0.12,-0.17,-0.19,-0.26,13.47,0.66,1.33,-0.03,-0.29,-83344803,0,1,1,3.249,0.77,0.12,0.21,1.3,0.27,55.16,0.36,-0.08,0.41,0.59,31.608216,0.11,0.2,-0.08,0.41,13.49,0.5,0.77,-0.01,-0.15,103266827,0,1,0.876892693,0.2,-0.053333333,0.549019608,0.530927835,0.133292757,-0.054054054,-0.333333333,-0.574074074,0.06779661,0.056846797,0.333333333,-0.647058824,-0.421052632,-0.692307692,0.006681514,0.136363636,0.067669173,2.666666667,-0.482758621,-0.61510362,0,0
0,2019,4.573,1.44,0.08,0.24,16.21,0,41.94,0.37,0.16,10.35,0.38,8.199655,0.45,-0.02,0.57,-0.58,11.62,0.03,0.06,0.46,18.39,-1376547,0,0,0,0,0,0,0,1,0,4.581,1.41,0.08,0.24,-13.67,0,40.54,0.38,0.16,9.89,0.32,7.389402,0.47,0.06,0.58,418223700,11.58,-0.03,-0.07,0.45,4330558300,4182237,0,0,1,5.827,1.3,0.08,0.24,-9,0,38.15,0.4,0.12,10.3,0.33,7.18983,0.42,-0.07,0.52,-467151700,11.51,-0.04,-0.11,0.34,3583789700,-4671517,0,0,-0.001746344,0.021276596,-2.185808339,0,-2,0.034533794,-0.026315789,0,0.046511628,0.1875,0.109650686,-0.042553191,-1.333333333,-0.017241379,-1.000000001,0.003454231,-2,-1.857142857,0.022222222,-0.999999996,-1.329141318,1,1
0,2015,4.537,1.12,0.28,0.2,2.18,0.48,57.24,0.34,0.11,38.17,0.87,41.648649,0.16,-0.03,0.08,-0.06,14.92,0.42,0.46,0.05,0.19,-56016710,0,0,1,0,0,0,0,1,0,7.527,1.03,0.28,0.2,1.73,0.28,65.44,0.38,0.04,14.46,0.83,40.444109,0.1,0.02,0.03,0.06,14.82,0.33,0.58,0.02,0.1,39082840,0,0,1,5.807,1.07,0.28,0.2,1.89,0.27,58.24,0.3,0.07,48.68,0.8,38.190631,0.13,0.03,0.05,0.09,14.78,0.32,0.53,0.03,0.16,52780203,0,0,-0.397236615,0.087378641,0.260115607,0.714285714,0.448979592,-0.125305623,-0.105263158,1.75,1.639695712,0.048192771,0.029782829,0.6,-2.5,1.666666667,-2,0.006747638,0.272727273,-0.206896552,1.5,0.9,-2.433281461,0,0
0,2020,2.828,0.9,0.06,0.3,1.18,0.32,18.1,0.56,-0.07,215.85,0.29,1.40518,0.08,0.09,0,0.19,10.33,0.45,0.85,0.01,0,1863797,0,0,0,0,0,0,0,1,0,3.334,0.89,0.06,0.3,2.08,0.32,26.52,0.58,-0.06,25.32,0.35,1.106555,0.14,-0.02,-0.01,-0.15,9.69,0.13,0.48,-0.02,-0.06,-219497,0,1,1,3.312,0.87,0.06,0.3,2.53,0.32,31.19,0.6,-0.06,34.44,0.31,1.099057,0.23,-0.06,-0.01,-0.38,9.74,0.15,0.39,-0.08,-0.09,-675662,0,1,-0.151769646,0.011235955,-0.432692308,0,4.533333333,-0.317496229,-0.034482759,0.166666667,7.524881517,-0.171428571,0.269869098,-0.428571429,-5.5,-1,-2.266666667,0.066047472,2.461538462,0.770833333,-1.5,-1,-9.491218559,0,0
0,2021,5.899,1.15,0.06,0.19,2.41,0.95,44.93,0.37,0.04,68.54,0.74,36.369309,0.42,0.13,0.09,0.2,14.45,0.64,0.42,0.14,0.15,169205996,0,0,0,0,0,0,0,0,0,6.883,1.12,0.06,0.19,2.27,1.38,43.15,0.42,0.03,101.85,0.67,26.639734,0.4,0.09,0.08,0.13,14.22,0.71,0.44,0.13,0.11,93489068,0,0,0,6.949,1.12,0.06,0.19,1.82,1.46,42.45,0.41,0.02,33.07,0.68,25.218914,0.29,0.01,0.09,0.02,13.94,0.74,0.55,0.06,0.13,8818917,0,0,-0.142960918,0.026785714,0.061674009,-0.311594203,-0.281124498,0.041251448,-0.119047619,0.333333333,-0.327049583,0.104477612,0.365227934,0.05,0.444444444,0.125,0.538461538,0.016174402,-0.098591549,-0.045454545,0.076923077,0.363636364,0.80990141,0,0
0,2010,6.646,1.14,0.05,0.33,-0.23,0.22,49.77,0.37,0.14,0.01,0.56,3.656405,1.52,0.33,0.35,2256951900,11.51,-0.84,-4.33,0.34,2394843800,22569519,0,0,0,0,0,0,1,0,0,5.396,1.04,0.05,0.33,-0.27,0.3,57.53,0.44,0.04,0.01,0.53,3.448338,1.18,0.14,0.08,1016643500,11.53,-0.48,-3.66,0.17,535614700,10166435,0,0,0,4.828,1.04,0.05,0.33,-0.26,0.37,47.72,0.41,0.04,0.01,0.53,3.383191,0.98,0.25,0.1,1812064300,11.56,-0.3,-3.86,0.23,757544300,18120643,0,0,0.231653076,0.096153846,-0.148148148,-0.266666667,0.4375,-0.134886146,-0.159090909,2.5,0,0.056603774,0.060338343,0.288135593,1.357142857,3.375,1.220003275,-0.001734605,0.75,0.183060109,1,3.471206261,1.220003275,1,1
0,2012,6.668,1.36,0.12,0.21,1.95,0.23,51.72,0.33,0.11,12.79,0.59,30.556504,0.17,-0.02,0.37,-0.07,13.29,0.33,0.51,0.27,1.12,-9019410,0,0,0,0,0,0,0,1,0,7.175,1.26,0.12,0.21,2.52,0.22,49.43,0.32,0.09,9.53,0.53,30.011751,0.23,0.02,0.31,0.06,13.29,0.31,0.4,0.21,1.01,7377538,0,0,1,7.86,1.16,0.12,0.21,2.02,0.19,43.63,0.26,0.06,26.96,0.51,28.913841,0.2,-0.06,0.26,-0.18,13.29,0.33,0.49,0.13,0.78,-23882689,0,0,-0.070662021,0.079365079,-0.226190476,0.045454545,0.136363636,0.046328141,0.03125,0.222222222,0.34207765,0.113207547,0.018151323,-0.260869565,-2,0.193548387,-2.166666667,0,0.064516129,0.275,0.285714286,0.108910891,-2.222550124,0,0
0,2018,4.657,5.69,0.03,0.21,2.12,88.44,46.82,0.36,0.06,0.71,0.72,10.511186,0.07,-0.01,0.12,-0.01,13.04,0.99,0.47,0.06,0.12,-3616450,0,0,0,0,0,0,0,1,0,8.603,1.2,0.03,0.21,1.89,43.35,41.85,0.36,0.01,0.84,0.66,9.444901,0.06,0,0.07,0,13.07,0.98,0.53,0.02,0.08,1228923,0,0,1,6.798,1.65,0.03,0.21,1.81,53.55,46.62,0.37,0.02,1.06,0.66,8.903548,0.05,0.03,0.12,0.03,13.08,0.98,0.55,0.02,0.12,9090712,0,0,-0.458677206,3.741666667,0.121693122,1.040138408,1.047290002,0.118757467,0,5,-0.154761905,0.090909091,0.112895307,0.166666667,-1,0.714285714,-1,-0.002295333,0.010204082,-0.113207547,2,0.5,-3.942779979,0,0
0,2018,6.653,1.25,0.08,0.27,2.73,0.77,72.37,0.4,0.08,0,0.87,15.176169,0.22,0.09,0.2,0.17,12.91,0.51,0.37,0.13,0.39,24430703,0,0,0,0,1,0,0,0,0,6.607,1.26,0.08,0.27,2.33,0.76,58.3,0.42,0.08,0.1,0.84,14.048645,0.18,0.1,0.2,0.2,12.72,0.51,0.43,0.14,0.4,23950994,0,0,0,7.18,1.21,0.08,0.27,2.41,1,54.57,0.44,0.05,0.05,0.85,14.060355,0.19,0.06,0.18,0.1,12.61,0.57,0.42,0.1,0.31,11710826,0,0,0.006962313,-0.007936508,0.17167382,0.013157895,-0.009615385,0.241337907,-0.047619048,0,-1,0.035714286,0.080258559,0.222222222,-0.1,0,-0.15,0.014937107,0,-0.139534884,-0.071428571,-0.025,0.020028772,0,0
0,2021,6.754,1.03,0.32,0.35,2,0.02,53.99,0.5,0.02,0.01,0.53,1.843416,0.28,0.33,0.13,1.15,11.12,0.29,0.5,0.33,0.44,15581679,0,0,0,0,0,0,0,0,1,3.312,0.74,0.32,0.35,0.79,0.06,45.8,0.52,-0.08,0.01,0.24,1.298234,-0.11,0.06,0.02,0.12,10.93,0.54,1.26,0.06,0.03,2457630,1,0,1,6.25,1.07,0.32,0.35,0.62,0.07,49.42,0.45,0.02,0.01,0.28,1.304093,-0.2,-0.03,0.19,-0.05,10.81,0.55,1.61,-0.13,0.33,-1031093,1,1,1.039251208,0.391891892,1.53164557,-0.666666667,-0.655462185,0.178820961,-0.038461538,-1.25,0,1.208333333,0.419941243,-3.545454545,4.5,5.5,8.583333333,0.017383349,-0.462962963,-0.603174603,4.5,13.66666667,5.340124022,0,0
0,2015,5.779,1.12,0.03,0.42,1.74,0.11,46,0.36,0.15,2.43,0.36,6.569237,0.05,0,0.13,-0.01,12.56,0.15,0.58,0.11,0.87,-358307,0,0,0,0,0,0,0,1,0,5.832,1.11,0.03,0.42,1.59,0.11,57.22,0.37,0.14,2.86,0.36,5.586254,0.06,0.02,0.12,0.13,12.6,0.18,0.63,0.17,0.66,5058408,0,0,1,5.866,1.09,0.03,0.42,1.37,0.12,57.56,0.4,0.12,0.99,0.36,5.188611,0.03,0.09,0.12,0.48,12.57,0.18,0.73,0.12,0.66,17420155,0,0,-0.009087791,0.009009009,0.094339623,0,-0.181818182,-0.196085285,-0.027027027,0.071428571,-0.15034965,0,0.175964609,-0.166666667,-1,0.083333333,-1.076923077,-0.003174603,-0.166666667,-0.079365079,-0.352941176,0.318181818,-1.070833946,0,0
0,2017,4.518,1.17,0.03,0.25,4.44,1.8,42.8,0.34,0.09,191.81,0.68,31.808529,0.28,0.05,0.1,0.08,14.57,0.67,0.23,0.07,0.16,76327000,0,0,0,0,0,0,0,0,1,4.488,1.26,0.03,0.25,1.48,1.42,42.75,0.32,0.12,44.94,0.67,30.490219,0.06,0.02,0.15,0.03,14.31,0.64,0.68,0.02,0.24,20173000,0,0,1,4.591,1.15,0.03,0.25,1.61,1.57,54.69,0.36,0.08,24.81,0.67,29.983677,0.07,0.02,0.11,0.02,14.29,0.65,0.62,0.01,0.17,17487000,0,0,0.006684492,-0.071428571,2,0.267605634,0.139664804,0.001169591,0.0625,-0.25,3.268135291,0.014925373,0.043237144,3.666666667,1.5,-0.333333333,1.666666667,0.018169113,0.046875,-0.661764706,2.5,-0.333333333,2.783621673,0,0
0,2013,8.291,1.05,0.05,0.21,1.63,1.5,44.16,0.39,0.02,1.43,0.73,11.48723,0.05,0.02,0.09,0.03,12.95,0.63,0.61,0.04,0.14,4638857,0,0,0,0,0,0,0,0,0,3.65,0.94,0.05,0.21,1.37,1.69,45.73,0.39,-0.03,1.48,0.7,11.21297,0.03,-0.11,0.05,-0.16,12.99,0.66,0.73,0.01,0.07,-32405828,0,0,0,5.741,1.01,0.05,0.21,1.31,1.32,42.9,0.41,0.01,3.67,0.67,11.274251,0.02,0.32,0.06,0.54,13.1,0.6,0.76,0,0.1,110853156,0,0,1.271506849,0.117021277,0.189781022,-0.112426036,-0.128205128,-0.034331948,0,-1.666666667,-0.033783784,0.042857143,0.024459175,0.666666667,-1.181818182,0.8,-1.1875,-0.003079292,-0.045454545,-0.164383562,3,1,-1.14314885,0,0
0,2009,4.577,1.23,0.01,0.39,6.47,2.48,34.58,0.24,0.08,0.02,0.6,4.483853,0.25,0.18,0.11,0.25,12.66,0.73,0.15,0.15,0.16,39738770,0,0,0,0,0,0,0,0,0,5.791,1.59,0.01,0.39,4.51,7.84,39.87,0.24,0.08,0.01,0.69,4.209354,0.16,0.13,0.11,0.15,12.5,0.89,0.22,0.08,0.12,24857382,0,0,0,4.576,-1.81,0.01,0.39,5.43,-37.21,43.08,0.23,0.09,0.02,0.67,3.798035,0.16,0.04,0.13,0.04,12.44,1.03,0.18,0.08,0.13,6861755,0,0,-0.209635642,-0.226415094,0.4345898,-0.683673469,-0.680773881,-0.132681214,0,0,1,-0.130434783,0.065211669,0.5625,0.384615385,0,0.666666667,0.0128,-0.179775281,-0.318181818,0.875,0.333333333,0.598670769,0,0
0,2021,8.115,1.01,0.03,0.22,1.76,0.93,27.34,0.46,0.01,226.75,0.68,14.156408,0.14,0.1,0.04,0.17,14.3,0.58,0.57,0.09,0.06,108672000,0,0,0,0,0,0,0,1,0,0.179,0.93,0.03,0.22,1.47,1.15,34.3,0.5,-0.05,196.69,0.61,11.814979,0.1,0.01,0.01,0.01,14.17,0.63,0.68,0,0.01,5672000,0,0,1,2.871,0.97,0.03,0.22,1.89,1.14,35.25,0.47,-0.02,106.14,0.74,13.512863,0.11,0.01,0.03,0.02,14.05,0.59,0.53,0.02,0.05,12385000,0,0,44.33519553,0.086021505,0.197278912,-0.191304348,-0.196531792,-0.202915452,-0.08,-1.2,0.152829325,0.114754098,0.198174622,0.4,9,3,16,0.009174312,-0.079365079,-0.161764706,9,5,18.15937941,0,0
0,2016,6.587,1.2,0.14,0.29,8.99,0,42.08,0.38,0.14,-0.01,0.69,14.159836,0.51,0.21,0.21,3.23,12.8,0.06,0.11,0.21,3.32,51840419,1,0,0,0,0,0,0,0,0,6.631,1.2,0.14,0.29,6.21,0,45.86,0.39,0.13,0.01,0.84,15.953334,0.38,0.21,0.22,2.9,12.56,0.07,0.16,0.21,3.03,41686345,1,0,0,7.126,1.2,0.14,0.29,2.57,0,49.79,0.42,0.11,0,0.78,13.94186,0.21,0.21,0.21,1.59,12.37,0.13,0.39,0.21,1.58,34904720,1,0,-0.0066355,0,0.447665056,0,-0.125,-0.082424771,-0.025641026,0.076923077,-2,-0.178571429,-0.112421516,0.342105263,0,-0.045454545,0.113793103,0.01910828,-0.142857143,-0.3125,0,0.095709571,0.243582737,0,0
0,2013,0.859,0.83,0.06,0.3,5.02,0.32,67.38,0.62,-1.29,64.64,0.02,0.047344,0.78,-0.13,-0.12,-0.66,11.28,0.19,0.2,-0.13,-0.64,-7113682,0,1,0,0,1,0,0,0,0,0.862,0.84,0.06,0.3,5.96,0.32,54.75,0.72,-1.54,4.23,0.02,0.051023,0.81,-0.13,-0.12,-0.76,11.39,0.16,0.17,-0.13,-0.73,-7761218,0,1,0,3.654,0.71,0.06,0.3,5.38,0.32,-195.63,-1.99,8.19,1.61,0.01,0.038276,0.8,-0.24,-0.23,-1.31,11.56,0.18,0.19,-0.24,-1.26,-17362163,0,1,-0.003480278,-0.011904762,-0.157718121,0,0.2,0.230684932,-0.138888889,-0.162337662,14.28132388,0,-0.072104737,-0.037037037,0,0,-0.131578947,-0.009657594,0.1875,0.176470588,0,-0.123287671,-0.083432265,0,0
0,2020,3.552,0.92,0.07,0.34,1.04,1.57,38.6,0.46,-0.01,0,0.59,14.402683,0.02,-0.1,0.06,-0.13,13.04,0.77,0.96,0.08,0.08,-32319165,0,0,0,0,0,0,0,0,0,8.344,1.39,0.07,0.34,1.47,1.33,44.5,0.41,0.06,0.05,0.52,13.652447,0.15,0,0.18,0,13.17,0.71,0.68,0.14,0.25,-1180223,0,0,0,8.114,1.37,0.07,0.34,1.67,1.35,38.3,0.4,0.07,-0.02,0.49,13.155705,0.16,0.15,0.21,0.22,13.08,0.68,0.6,0.16,0.31,50159247,0,0,-0.57430489,-0.338129496,-0.292517007,0.180451128,0.362139918,-0.13258427,0.12195122,-1.166666667,-1,0.134615385,0.054952493,-0.866666667,-10,-0.666666667,-13,-0.009870919,0.084507042,0.411764706,-0.428571429,-0.68,26.38394778,0,0
0,2015,7.511,1.51,0.14,0.37,1.87,11.35,72.09,0.38,0.04,0.46,0.45,10.779717,0.11,-0.03,0.08,-0.03,12.34,0.93,0.53,0.05,0.08,-4977895,0,0,0,0,1,0,1,0,0,7.186,1.36,0.14,0.37,2.12,7.72,73.58,0.4,0.04,-2.58,0.41,10.025582,0.11,0.04,0.07,0.04,12.33,0.9,0.47,0.06,0.08,6300500,0,0,0,0.269,0.75,0.14,0.37,2.12,14.19,74.64,0.43,-0.02,1.6,0.38,9.187012,0.1,-0.02,0.02,-0.02,12.38,0.94,0.47,-0.01,0.02,-2770929,0,1,0.04522683,0.110294118,-0.117924528,0.470207254,0.513264129,-0.020250068,-0.05,0,-1.178294574,0.097560976,0.075221069,0,-1.75,0.142857143,-1.75,0.00081103,0.033333333,0.127659574,-0.166666667,0,-1.790079359,0,0
0,2017,5.786,1.11,0.21,0.33,3.39,0,46.67,0.3,0.1,0.02,0.29,1.093991,0.11,0.12,0.15,2.39,10.93,0.05,0.3,0.12,2.88,4722802,0,0,0,0,0,0,0,0,0,4.313,0.98,0.21,0.33,4.61,0,55.45,0.38,-0.02,0.02,0.24,1.01496,0.13,0.07,0.01,1.63,10.78,0.04,0.22,0.01,0.36,2236917,0,0,0,8.465,1.02,0.21,0.33,6.27,0,49.03,0.37,0.02,0.02,0.25,0.995018,0.14,0.05,0.08,1.7,10.7,0.03,0.16,0.05,2.56,1576945,0,0,0.34152562,0.132653061,-0.264642082,0,0.25,-0.158340848,-0.210526316,-6,0,0.208333333,0.077866123,-0.153846154,0.714285714,14,0.466257669,0.013914657,0.25,0.363636364,11,7,1.111299615,0,0
0,2010,6.635,1.14,0.07,0.27,-1.37,0,43.76,0.3,0.08,0.25,0.44,5.925288,0.52,0.21,0.25,1432733100,11.51,-0.22,-0.73,0.18,1737536500,14327331,0,0,0,0,1,0,0,0,0,7.216,1.1,0.07,0.27,1.27,0,49.29,0.32,0.06,-2.95,0.43,5.8179,0.05,0.08,0.14,0.42,11.72,0.18,0.79,0.11,0.78,6691590,0,0,0,8.09,1.07,0.07,0.27,2.25,0.17,57.16,0.32,0.04,-1.3,0.46,6.055547,0.15,0.03,0.11,0.12,11.7,0.25,0.44,0.07,0.44,2421318,0,0,-0.080515521,0.036363636,-2.078740157,0,-1.782608696,-0.112193143,-0.0625,0.333333333,-1.084745763,0.023255814,0.018458207,9.4,1.625,0.785714286,3411269285,-0.017918089,-2.222222222,-1.924050633,0.636363636,2227610896,1.141095166,0,0
0,2020,1.462,1.3,0.04,0.46,0.14,-0.1,57.83,0.7,-0.48,24.5,0.3,1.236095,-2.69,-0.4,-0.53,-0.12,9.98,3.36,7.09,-0.4,-0.16,-6010905,1,1,0,0,1,0,0,0,0,3.565,1.15,0.04,0.46,0.18,-0.21,50.41,0.51,-0.16,24.65,0.31,1.387718,-1.92,-0.69,-0.11,-0.26,10.12,2.7,5.43,-0.36,-0.04,-11953662,1,1,0,4.096,1.23,0.04,0.46,0.54,-0.94,91.73,0.49,-0.14,21.58,0.36,1.312922,-0.47,-0.16,0.02,-0.1,10.71,1.56,1.85,-0.12,0.01,-4858604,1,1,-0.589901823,0.130434783,-0.222222222,-0.523809524,-0.106918239,0.147193017,0.37254902,2,-0.006085193,-0.032258065,-0.109260671,0.401041667,-0.420289855,3.818181818,-0.538461538,-0.013833992,0.244444444,0.305709024,0.111111111,3,-0.497149493,0,0
0,2014,3.612,0.95,0.09,0.5,2.56,0,64.68,0.58,-0.06,20.57,0.22,1.64876,0.13,0.1,0.01,1.14,11.04,0.09,0.39,0.1,0.14,4285587,0,0,1,0,0,0,0,1,0,2.292,0.88,0.09,0.5,2.94,0.32,67.25,0.61,-0.14,12.17,0.22,1.704827,0.15,-0.06,-0.03,-0.74,10.91,0.08,0.34,-0.06,-0.37,-2180251,0,1,1,1.466,0.89,0.09,0.5,2.02,0.09,60.75,0.61,-0.13,5.43,0.22,1.677581,0.08,-0.01,-0.01,-0.04,11.07,0.16,0.5,-0.01,-0.08,-251257,0,1,0.57591623,0.079545455,-0.129251701,-1,0.25,-0.038215613,-0.049180328,-0.571428571,0.690221857,0,-0.032887208,-0.133333333,-2.666666667,-1.333333333,-2.540540541,0.011915674,0.125,0.147058824,-2.666666667,-1.378378378,-2.965639277,0,0
0,2018,1.12,0.91,0,0.63,1.92,0.32,52.46,0.25,-0.03,70.35,0.23,0.305132,0.32,-0.03,0.29,-0.1,9.86,0.35,0.52,-0.03,0.82,-463052,0,1,0,0,0,0,0,0,0,5.464,1.07,0,0.63,2.13,0.32,42.62,0.24,0.03,78.41,0.22,0.268919,0.34,0.07,0.34,0.23,9.84,0.3,0.47,0.07,1.13,891496,0,0,0,0.388,0.88,0,0.63,1.75,0.32,45.51,0.25,-0.04,51.92,0.23,0.297188,0.25,-0.08,0.23,-0.26,9.78,0.33,0.57,-0.07,0.69,-1048596,0,1,-0.795021962,-0.14953271,-0.098591549,0,0.255813953,0.230877522,0.041666667,-2,-0.102793011,0.045454545,0.134661366,-0.058823529,-1.428571429,-0.147058824,-1.434782609,0.00203252,0.166666667,0.106382979,-1.428571429,-0.274336283,-1.51941007,0,0
0,2021,3.639,1.46,0.06,0.32,1.62,-1.77,80.93,0.44,-0.08,0.57,0.41,2.456745,0.22,0.07,-0.09,0.08,10.47,0.83,0.62,-0.09,-0.1,1680004,0,1,0,1,0,0,0,1,0,1.519,1.66,0.06,0.32,0.5,-1.44,70.37,0.48,-0.19,0.31,0.28,2.103384,-0.4,-0.5,-0.25,-0.35,10.18,1.45,1.98,-0.05,-0.17,-9170483,0,1,1,2.834,-2.44,0.06,0.32,1.5,11.84,58.88,0.5,-0.11,0.38,0.32,2.273907,0.12,-0.01,-0.16,-0.01,10.09,0.94,0.67,-0.1,-0.17,-119722,0,1,1.395655036,-0.120481928,2.24,0.229166667,-2.470769231,0.150063948,-0.083333333,-0.578947368,0.838709677,0.464285714,0.167996429,-1.55,-1.14,-0.64,-1.228571429,0.02848723,-0.427586207,-0.686868687,0.8,-0.411764706,-1.183196894,0,0
0,2021,1.518,-0.9,0.06,0.3,1.67,2.84,44.33,0.99,-0.29,93.37,0.3,2.302056,0.25,-0.09,-0.21,-0.1,11.53,0.84,0.6,-0.09,-0.25,-6091599,0,1,0,0,0,0,1,0,0,3.333,0.45,0.06,0.3,1.98,2.28,23.8,0.72,-0.09,118.1,0.28,2.228402,0.31,-0.04,-0.03,-0.05,11.71,0.79,0.51,-0.04,-0.04,-3663352,0,1,0,1.982,0.89,0.06,0.3,1.9,1.55,20.59,0.7,-0.02,81.18,0.28,2.870494,0.26,0.01,0.05,0.01,11.6,0.72,0.53,-0.01,0.06,722813,0,1,-0.544554455,-3,-0.156565657,0.245614035,0.353562005,0.862605042,0.375,2.222222222,-0.209398815,0.071428571,0.033052385,-0.193548387,1.25,6,1,-0.015371477,0.063291139,0.176470588,1.25,5.25,0.662848397,0,0
0,2020,3.599,0.98,0.19,0.45,0.58,0.29,53.31,0.49,-0.02,15.19,0.55,27.331794,-0.09,0.04,0.02,0.11,14.5,0.38,1.74,0.04,0.05,55223347,1,0,0,0,0,0,0,1,0,4.619,1.02,0.19,0.45,2.06,0.3,75.38,0.47,0.02,12.19,0.56,28.21575,0.1,0.01,0.05,0.02,14.32,0.31,0.49,0.05,0.17,6111356,0,0,1,5.757,1.01,0.19,0.45,1.82,0.26,78.43,0.49,0.01,8.11,0.58,27.879758,0.08,0.06,0.05,0.21,14.28,0.29,0.55,0.03,0.16,65751499,0,0,-0.220827019,-0.039215686,-0.718446602,-0.033333333,0.386363636,-0.292783232,0.042553191,-2,0.246103363,-0.017857143,-0.03132846,-1.9,3,-0.6,4.5,0.012569832,0.225806452,2.551020408,-0.2,-0.705882353,8.036185586,0,0
0,2021,0.734,0.91,0.01,0.28,2.43,1.38,73.62,0.47,-0.03,37.98,0.44,4.028992,0.34,0.04,-0.01,0.06,11.67,0.68,0.41,0.07,-0.01,3126187,0,0,0,0,0,0,0,0,1,2.865,0.8,0.01,0.28,1.29,1.63,38.08,0.41,-0.07,41.49,0.34,3.488213,0.09,-0.01,-0.04,-0.02,11.72,0.73,0.77,-0.03,-0.05,-1230315,0,1,1,4.684,1.07,0.01,0.28,1.47,1.51,40.78,0.47,0.02,23.27,0.4,4.611277,0.12,0.03,0.07,0.04,11.68,0.71,0.68,0.03,0.1,2531411,0,0,-0.743804538,0.1375,0.88372093,-0.153374233,-0.223443223,0.933298319,0.146341463,-0.571428571,-0.084598698,0.294117647,0.155030384,2.777777778,-5,-0.75,-4,-0.004266212,-0.068493151,-0.467532468,-3.333333333,-0.8,-3.540964712,0,0
0,2014,3.659,0.63,0.04,0.28,2.79,0.42,45.71,0.63,-0.13,2.49,0.37,2.533214,0.19,-0.33,-0.12,-0.9,10.73,0.37,0.36,0.62,-0.33,-10601268,0,0,0,0,0,0,0,0,0,1.508,0.85,0.04,0.28,1.75,0.08,26.04,0.64,-0.08,18.27,0.41,2.469823,0.13,-0.07,-0.02,-0.29,10.95,0.23,0.57,-0.07,-0.1,-2707302,0,1,0,6.631,1.04,0.04,0.28,2.18,0.1,34.76,0.56,0.03,39.46,0.43,2.585907,0.17,0.08,0.12,0.35,11.03,0.22,0.46,0.08,0.52,3312780,0,0,1.426392573,-0.258823529,0.594285714,4.25,0.966666667,0.755376344,-0.015625,0.625,-0.863711002,-0.097560976,0.025666212,0.461538462,3.714285714,5,2.103448276,-0.020091324,0.608695652,-0.368421053,-9.857142857,2.3,2.915805477,0,0
0,2013,7.883,1.31,0.15,0.33,2.6,4.1,33.52,0.35,0.05,0.01,0.43,10.68776,0.11,0.09,0.12,0.11,12.58,0.82,0.38,0.07,0.15,18417697,0,0,0,0,0,0,0,1,0,7.566,1.81,0.15,0.33,1.79,8.34,35.12,0.38,0.06,0.01,0.47,10.566685,0.07,0.08,0.15,0.09,12.51,0.9,0.56,0.09,0.16,15078015,0,0,1,7.199,5.41,0.15,0.33,1.2,45.97,35.02,0.39,0.06,0.01,0.51,10.64282,0.02,-0.21,0.16,-0.22,12.44,0.98,0.83,0.1,0.16,-37166241,0,0,0.041897965,-0.276243094,0.452513966,-0.508393285,-0.515675676,-0.045558087,-0.078947368,-0.166666667,0,-0.085106383,0.011458182,0.571428571,0.125,-0.2,0.222222222,0.005595524,-0.088888889,-0.321428571,-0.222222222,-0.0625,0.221493479,0,0
0,2010,4.483,1.23,0.1,0.15,0.97,0.23,40.38,0.29,0.26,53.92,0.46,8.27613,-0.01,0.06,0.2,0.2,12.86,0.31,1.03,0.07,0.64,16360740,1,0,0,0,0,0,0,0,0,4.569,1.13,0.1,0.15,0.9,0.14,41.11,0.27,0.14,40.95,0.52,7.766029,-0.02,0.04,0.14,0.13,12.73,0.28,1.11,0.07,0.48,8640051,1,0,0,5.801,1.1,0.1,0.15,1.4,0.16,47.22,0.3,0.11,57.07,0.52,7.507222,0.06,0.06,0.11,0.22,12.66,0.27,0.72,0.06,0.42,12929920,0,0,-0.018822499,0.088495575,0.077777778,0.642857143,0.125,-0.017757237,0.074074074,0.857142857,0.316727717,-0.115384615,0.065683633,-0.5,0.5,0.428571429,0.538461538,0.010212097,0.107142857,-0.072072072,0,0.333333333,0.893592989,0,0
0,2016,7.186,1.14,0.13,0.36,2.29,0.14,61.81,0.38,0.09,22.66,0.37,3.63098,0.19,-0.01,0.19,-0.04,11.55,0.25,0.44,0.14,0.78,-730118,0,0,0,0,0,0,0,0,0,4.621,1.06,0.13,0.36,2.05,0.12,52.56,0.41,0.04,31.73,0.36,3.410595,0.16,0.77,0.15,3.24,11.55,0.24,0.49,0.09,0.62,55639312,0,0,0,8.138,-5.27,0.13,0.36,2.07,-109.28,50.12,0.41,0.05,26.29,0.33,3.15676,0.14,0.03,0.14,0.03,11.64,1.01,0.48,0.1,0.14,2562544,0,0,0.555074659,0.075471698,0.117073171,0.166666667,0.096774194,0.175989346,-0.073170732,1.25,-0.285849354,0.027777778,0.064617757,0.1875,-1.012987013,0.266666667,-1.012345679,0,0.041666667,-0.102040816,0.555555556,0.258064516,-1.013122341,0,0
0,2019,4.482,1.14,0.07,0.28,3.56,1.28,31.4,0.59,0.1,67.98,0.81,34.921376,0.12,-0.07,0.12,-0.12,14.79,0.58,0.28,0.09,0.21,-126648201,0,0,0,0,0,0,0,0,0,6.076,1.01,0.07,0.28,1.67,1.14,36.39,0.51,0,42.26,0.8,37.966262,0.06,0.11,0.06,0.19,14.92,0.57,0.6,0.05,0.1,227295608,0,0,0,0.174,0.9,0.07,0.28,1.36,1.61,38.74,0.54,-0.06,20.77,0.79,37.600818,0.03,0.02,0.02,0.03,14.83,0.65,0.74,0,0.03,38868781,0,0,-0.262343647,0.128712871,1.131736527,0.122807018,0.045112782,-0.137125584,0.156862745,10,0.608613346,0.0125,-0.080199784,1,-1.636363636,1,-1.631578947,-0.008713137,0.01754386,-0.533333333,0.8,1.1,-1.557195989,0,0
0,2017,8.15,1.05,0.17,0.34,2.58,0.56,50.06,0.48,0.05,92.09,0.77,36.5954,0.17,0.06,0.04,0.15,14.58,0.43,0.39,0.06,0.11,97041743,0,0,1,0,0,0,1,0,0,8.369,1.05,0.17,0.34,1.51,0.34,47.46,0.49,0.04,54.18,0.74,33.925784,0.08,0.06,0.04,0.16,14.38,0.37,0.66,0.06,0.12,75129101,0,0,0,7.181,1.1,0.17,0.34,1.86,0.4,50.79,0.48,0.09,82.18,0.74,32.886575,0.13,0.05,0.07,0.12,14.31,0.39,0.54,0.08,0.19,55686064,0,0,-0.026168001,0,0.708609272,0.647058824,0.233333333,0.054782975,-0.020408163,0.25,0.699704688,0.040540541,0.078689884,1.125,0,0,-0.0625,0.013908206,0.162162162,-0.409090909,0,-0.083333333,0.291666501,0,0
0,2011,4.578,1.23,0.01,0.42,3.79,0.32,45.29,0.39,0.2,0.41,0.59,6.375313,0.13,-0.06,0.25,-1.25,12.01,0.05,0.26,0.25,5.28,-6692185,0,0,0,0,0,0,0,0,0,4.58,1.21,0.01,0.42,3.97,0.32,45.44,0.32,0.19,10.12,0.63,6.145987,0.14,0.01,0.22,0.13,12.07,0.05,0.25,0.23,4.62,745638,0,0,0,5.853,1.14,0.01,0.42,2.29,0.32,50.35,0.34,0.15,2.66,0.68,6.182781,0.1,-0.03,0.16,-0.45,12.09,0.08,0.44,0.16,2.09,-4208647,0,0,-0.000436681,0.016528926,-0.04534005,0,0,-0.003301056,0.21875,0.052631579,-0.959486166,-0.063492063,0.037313128,-0.071428571,-7,0.136363636,-10.61538462,-0.004971002,0,0.04,0.086956522,0.142857143,-9.975112588,0,0
0,2020,7.571,-0.09,0.02,0.23,2.06,-29.48,52.49,0.29,0.04,0.1,0.57,3.281746,0.08,0.05,0.13,0.05,11.97,1.03,0.49,0.04,0.12,5696793,0,0,0,0,1,0,1,0,0,5.884,0.87,0.02,0.23,2.55,-13.03,47.01,0.28,0.02,0,0.54,3.336024,0.08,0.03,0.09,0.03,12.04,1.08,0.39,0.02,0.09,3335129,0,0,0,2.314,1.55,0.02,0.23,2.83,-10.05,60.45,0.33,-0.11,0.11,0.48,2.848949,0.08,0.02,0.02,0.02,12.05,1.11,0.35,-0.05,0.02,2287786,0,1,0.286709721,-1.103448276,-0.192156863,1.26247122,1.322368421,0.116570942,0.035714286,1,10,0.055555556,-0.016270267,0,0.666666667,0.444444444,0.666666667,-0.005813953,-0.046296296,0.256410256,1,0.333333333,0.708117737,0,0
0,2009,5.838,1.14,0.05,0.27,0.38,-0.76,-1.17,0.24,0.15,0.05,0.75,10.078072,-0.1,0.33,0.59,2401067200,11.54,-2.44,2.65,0.48,4248920400,24010672,1,0,0,0,1,0,0,0,0,5.834,1.12,0.05,0.27,0.43,-0.75,2.47,0.25,0.13,-0.15,0.74,9.900644,-0.11,0.22,0.51,1519413600,11.5,-2.24,2.32,0.4,3498195300,15194136,1,0,0,4.541,1.17,0.05,0.27,0.35,-0.75,-0.35,0.23,0.16,0.03,0.77,10.36146,-0.12,0,0.63,0,11.44,-2.21,2.84,0.54,4075040000,0,1,0,0.000685636,0.017857143,-0.11627907,0.013333333,0.028985507,-1.473684211,-0.04,0.153846154,-1.333333333,0.013513514,0.017920854,-0.090909091,0.5,0.156862745,0.580259121,0.003478261,0.089285714,0.142241379,0.2,0.214603541,0.580259121,1,1
0,2018,3.828,0.97,0,0.51,2.87,0.16,73.73,0.43,-0.05,40.1,0.38,4.105384,0.13,0.01,0,0.07,12.88,0.2,0.35,0,0,3922503,0,1,0,0,0,0,0,0,0,7.578,1.09,0,0.51,4.19,0.17,81.17,0.41,0.14,73.64,0.39,4.073356,0.19,0.07,0.1,0.34,12.85,0.2,0.24,0.07,0.51,17872492,0,0,0,4.688,1.05,0,0.51,3.97,0.03,79.45,0.42,0.07,55.57,0.42,4.292055,0.19,0,0.08,-0.01,12.64,0.09,0.25,0,0.85,-102419,0,1,-0.494853523,-0.110091743,-0.3150358,-0.058823529,0.041666667,-0.09165948,0.048780488,-1.357142857,-0.45545899,-0.025641026,0.007862804,-0.315789474,-0.857142857,-1,-0.794117647,0.00233463,0,0.458333333,-1,-1,-0.780528479,0,0
0,2009,5.806,4,0.02,0.46,2.45,4.71,37.21,0.18,0.11,5.21,0.24,0.116988,0.32,0.07,1.6,0.08,7.78,0.86,0.41,0.42,1.85,121468,0,0,0,0,1,0,0,0,0,5.834,6.9,0.02,0.46,1.42,12.14,40.19,0.16,0.11,9.09,0.23,0.088213,0.14,0.3,0.85,0.32,7.98,0.95,0.71,0.31,0.89,608118,0,0,0,3.652,1.39,0.02,0.46,0.51,-2.86,38.41,0.14,-0.04,8.5,0.16,0.100622,-0.29,0,0.46,0,8.1,1.22,1.96,-0.08,0.38,0,1,1,-0.004799451,-0.420289855,0.725352113,-0.612026359,-0.656740661,-0.074147798,0.125,0,-0.426842684,0.043478261,0.326199086,1.285714286,-0.766666667,0.882352941,-0.75,-0.025062657,-0.094736842,-0.422535211,0.35483871,1.078651685,-0.800255871,0,0
0,2018,0.073,0.48,0.04,0.13,1.45,0.02,33.61,0.7,-0.79,47.13,0.37,1.982438,0.06,-0.1,-0.37,-0.69,11.15,0.15,0.69,-0.1,-2.44,-5070056,1,1,1,0,0,0,0,0,0,0.124,0.69,0.04,0.13,1.76,0.02,33.44,0.61,-0.48,70.52,0.42,2.030956,0.09,0.04,-0.2,0.3,11.25,0.14,0.57,0.04,-1.48,2203112,1,0,0,0.017,0.67,0.04,0.13,1.44,0.04,29.79,0.6,-0.49,35.76,0.42,1.896055,0.04,0,-0.22,-0.01,11.19,0.13,0.69,0,-1.69,-44884,1,1,-0.411290323,-0.304347826,-0.176136364,0,0.125,0.005083732,0.147540984,0.645833333,-0.331678956,-0.119047619,-0.023889242,-0.333333333,-3.5,0.85,-3.3,-0.008888889,0.071428571,0.210526316,-3.5,0.648648649,-3.301315594,0,0
0,2016,7.178,1.02,0.14,0.3,3.89,0.13,11.92,0.47,0.01,137.31,0.45,7.313027,0.42,-0.01,0.07,-0.04,12.16,0.24,0.26,0.06,0.28,-1206459,0,0,0,0,0,0,0,0,1,4.538,1.07,0.14,0.3,3.87,0.13,14.15,0.44,0.04,134.14,0.49,7.595067,0.42,0,0.1,0.01,12.18,0.25,0.26,0.08,0.42,476553,0,0,1,4.534,1.08,0.14,0.3,4.15,0.14,13.96,0.43,0.05,135.52,0.5,7.029855,0.43,0.1,0.11,0.41,12.16,0.24,0.24,0.1,0.47,13132918,0,0,0.581754077,-0.046728972,0.005167959,0,-0.03030303,-0.157597173,0.068181818,-0.75,0.023632026,-0.081632653,-0.03713463,0,-1,-0.3,-5,-0.001642036,-0.04,0,-0.25,-0.333333333,-3.531636565,0,0
0,2021,4.434,-1.55,0.27,0.14,0.36,-0.94,19.97,0.34,0.29,0.84,0.46,7.675097,-0.62,0.06,1.06,0.04,11.73,1.33,2.77,1.4,0.8,4861596,1,0,0,0,0,0,0,1,0,0.073,2.01,0.27,0.14,0.32,-0.94,26.76,0.53,-0.22,0.94,0.44,6.82545,-0.7,-0.32,-0.4,-0.22,11.62,1.49,3.12,-0.29,-0.27,-25096049,1,1,1,1.5,2.2,0.27,0.14,0.44,-2.48,32.99,0.5,-0.09,1.44,0.48,7.22026,-0.45,-0.01,-0.1,0,11.69,1.18,2.28,-0.03,-0.08,-427231,1,1,59.73972603,-1.771144279,0.125,0,0.321311475,-0.253736921,-0.358490566,-2.318181818,-0.106382979,0.045454545,0.124482195,-0.114285714,-1.1875,-3.65,-1.181818182,0.009466437,-0.10738255,-0.112179487,-5.827586207,-3.962962963,-1.193719577,0,0
0,2011,7.048,1.08,0.21,0.38,0.64,0.13,42.47,0.38,0.05,10.8,0.26,4.137619,-0.12,0.07,0.09,0.19,11.59,0.4,1.56,0.07,0.22,5612150,1,0,0,1,0,0,0,1,0,5.443,1.18,0.21,0.38,1.27,0.46,34.06,0.3,0.09,3.25,0.28,3.764474,0.03,0.14,0.15,0.34,11.46,0.4,0.79,0.14,0.36,9105983,0,0,1,7.911,1.06,0.21,0.38,1.51,0.61,39.63,0.33,0.03,6.92,0.3,3.78094,0.07,0.07,0.07,0.16,11.29,0.46,0.66,0.07,0.16,4082420,0,0,0.29487415,-0.084745763,-0.496062992,-0.717391304,-0.014705882,0.246917205,0.266666667,-0.444444444,2.323076923,-0.071428571,0.099122746,-5,-0.5,-0.4,-0.441176471,0.011343805,0,0.974683544,-0.5,-0.388888889,-0.38368543,0,0
0,2014,6.665,1.07,0.04,0.47,3.35,0.81,40.75,0.46,0.04,108.21,0.44,4.921814,0.32,-0.02,0.08,-0.04,12.44,0.52,0.3,0.07,0.16,-3728000,0,0,0,0,0,0,0,1,0,8.529,1.03,0.04,0.47,2.96,0.63,42.12,0.48,0.02,127.61,0.49,5.254799,0.3,0.18,0.06,0.37,12.4,0.48,0.34,0.08,0.13,30095000,0,0,1,5.066,1.03,0.04,0.47,2.34,1.27,42.63,0.48,0.01,73.24,0.52,5.432976,0.22,0.02,0.06,0.04,12.33,0.63,0.43,0.05,0.1,3736000,0,0,-0.218548482,0.038834951,0.131756757,0.285714286,0.172043011,-0.032526116,-0.041666667,1,-0.152025703,-0.102040816,-0.06336779,0.066666667,-1.111111111,0.333333333,-1.108108108,0.003225806,0.083333333,-0.117647059,-0.125,0.230769231,-1.123874398,0,0
0,2014,4.524,1.19,0.28,0.45,1.95,0.84,44.67,0.43,0.09,32.95,0.53,5.091424,0.12,0.12,0.15,0.23,12.21,0.53,0.51,0.15,0.28,17029387,0,0,0,0,0,0,0,0,0,5.807,1.12,0.28,0.45,1.62,1.2,38.63,0.45,0.05,16.2,0.59,5.339402,0.08,0.08,0.12,0.14,12.09,0.6,0.62,0.09,0.19,10167650,0,0,0,6.992,1.01,0.28,0.45,2.04,1.58,29.58,0.49,0,34.88,0.55,4.757102,0.15,0.08,0.08,0.12,12.04,0.67,0.49,0.1,0.12,9474085,0,0,-0.220940245,0.0625,0.203703704,-0.3,-0.269736842,0.156355164,-0.044444444,0.8,1.033950617,-0.101694915,-0.046443029,0.5,0.5,0.25,0.642857143,0.009925558,-0.116666667,-0.177419355,0.666666667,0.473684211,0.674859678,0,0
0,2008,6.529,0.97,0.14,0.41,2.86,-3.55,42.18,0.35,0.01,1,0.42,2.664828,0.13,-0.27,0.06,-0.2,10.62,1.36,0.35,-0.24,0.04,-7694654,0,1,0,0,0,0,0,0,0,1.543,2.48,0.14,0.41,2.95,-11.62,55.33,0.36,-0.12,1.07,0.43,2.642926,0.16,-0.09,-0.08,-0.08,10.71,1.09,0.34,-0.12,-0.07,-2832879,0,1,0,5.814,25.92,0.14,0.41,0.23,0.32,58.97,0.34,0.12,-1.59,0.41,2.665451,-0.76,0,0.18,0,10.65,0.99,4.33,-0.05,0.18,0,0,1,3.231367466,-0.608870968,-0.030508475,-0.694492255,-0.702466189,-0.23766492,-0.027777778,-1.083333333,-0.065420561,-0.023255814,0.008287027,-0.1875,2,-1.75,1.5,-0.008403361,0.247706422,0.029411765,1,-1.571428571,1.716195785,0,0
0,2013,5.873,1.28,0.07,0.33,2.09,0.02,50.35,0.4,0.14,0,0.68,6.107459,0.18,0,0.28,0.03,11.95,0.18,0.48,0.24,1.5,517990,0,0,0,0,1,1,0,0,0,5.862,1.29,0.07,0.33,2.27,0.01,54.63,0.39,0.15,0,0.7,6.243159,0.17,-0.06,0.31,-0.41,11.89,0.14,0.44,0.26,2.18,-5857447,0,0,0,6.62,1.22,0.07,0.33,2.43,0.01,56.99,0.4,0.13,0,0.68,6.095311,0.19,0.04,0.25,0.27,11.95,0.14,0.41,0.2,1.77,4061213,0,0,0.001876493,-0.007751938,-0.079295154,1,0.4375,-0.078345232,0.025641026,-0.066666667,0,-0.028571429,-0.021735791,0.058823529,-1,-0.096774194,-1.073170732,0.005046257,0.285714286,0.090909091,-0.076923077,-0.311926606,-1.088432725,0,0
0,2015,7.199,1.58,0.06,0.3,1.44,1.15,48.51,0.28,0.18,16.54,0.28,0.706665,0.08,0.02,0.31,0.03,10.74,0.62,0.69,0.22,0.5,553376,0,0,0,0,1,0,0,0,0,4.453,1.57,0.06,0.3,1.3,1.28,37.53,0.28,0.17,28.82,0.32,0.774868,0.06,0.03,0.28,0.05,10.78,0.65,0.77,0.21,0.43,994959,0,0,0,4.449,1.54,0.06,0.3,1.24,1.52,33.39,0.29,0.16,23.48,0.27,0.749563,0.04,0.03,0.27,0.05,10.75,0.67,0.81,0.18,0.41,1022491,0,0,0.616662924,0.006369427,0.107692308,-0.1015625,-0.12972973,0.292565947,0,0.058823529,-0.426092991,-0.125,-0.088018863,0.333333333,-0.333333333,0.107142857,-0.4,-0.003710575,-0.046153846,-0.103896104,0.047619048,0.162790698,-0.443820298,0,0
0,2009,1.483,0.47,0.04,0.27,1.65,1.13,19.25,0.49,-0.12,3.92,0.34,2.506142,0.07,-0.21,-0.18,-0.37,10.25,0.58,0.61,-0.2,-0.32,-4238110,0,1,0,1,0,0,0,0,0,1.545,0.71,0.04,0.27,2.02,0.67,43.57,0.52,-0.09,37.21,0.38,2.67957,0.19,-0.11,-0.11,-0.21,10.52,0.51,0.49,-0.09,-0.21,-2843507,0,1,0,2.323,0.82,0.04,0.27,1.66,0.55,39.44,0.54,-0.07,8.74,0.38,2.85223,0.09,0,-0.07,0,10.59,0.44,0.6,-0.04,-0.17,0,0,1,-0.04012945,-0.338028169,-0.183168317,0.686567164,0.301886792,-0.558182235,-0.057692308,0.333333333,-0.894651975,-0.105263158,-0.064722325,-0.631578947,0.909090909,0.636363636,0.761904762,-0.025665399,0.137254902,0.244897959,1.222222222,0.523809524,0.490451756,0,0
0,2020,7.187,1.11,0.05,0.4,0.86,1.35,40.5,0.45,0.07,1.45,0.44,6.823889,-0.02,0.05,0.08,0.07,12.98,0.64,1.16,0.1,0.12,14039405,1,0,0,0,0,0,0,0,0,5.829,1.23,0.05,0.4,0.7,1.42,37.31,0.43,0.11,3.77,0.43,6.835567,-0.04,0.04,0.13,0.06,12.88,0.65,1.42,0.08,0.2,10211204,1,0,0,5.841,1.22,0.05,0.4,1.1,1.51,40.09,0.44,0.1,7.43,0.43,6.615747,0.02,0.06,0.13,0.08,12.84,0.67,0.91,0.05,0.19,14595482,0,0,0.232973066,-0.097560976,0.228571429,-0.049295775,-0.054054054,0.085499866,0.046511628,-0.363636364,-0.615384615,0.023255814,-0.001708417,-0.5,0.25,-0.384615385,0.166666667,0.007763975,-0.015384615,-0.183098592,0.25,-0.4,0.374902019,0,0
0,2019,1.51,2.49,0.74,0.2,0.66,-3.49,39.13,0.42,-0.13,15.08,0.24,0.321917,-0.18,0.16,-0.21,0.13,8.82,1.19,1.53,0,-0.17,733443,0,1,1,1,0,0,0,0,0,0.109,2.89,0.74,0.2,0.47,-1.91,41.17,0.42,-0.38,14.67,0.07,0.108798,-0.36,-0.2,-0.57,-0.15,8.82,1.34,2.11,-0.2,-0.42,-937298,0,1,0,1.513,3.26,0.74,0.2,0.52,-3.9,55.5,0.42,-0.17,1.39,0.09,0.137358,-0.29,-0.16,-0.26,-0.14,8.87,1.14,1.92,0.02,-0.23,-805042,0,0,12.85321101,-0.138408304,0.404255319,0.827225131,0.614213198,-0.049550644,0,-0.657894737,0.027948194,2.428571429,1.958850347,-0.5,-1.8,-0.631578947,-1.866666667,0,-0.111940299,-0.274881517,-1,-0.595238095,-1.782507804,0,0
0,2008,4.925,1.06,0.06,0.48,6.38,0.32,46.61,0.49,0.03,3.4,0.74,3.775734,0.41,0.01,0.19,0.08,10.74,0.08,0.16,0.01,2.52,200034,0,0,0,0,0,0,0,0,0,4.941,1.07,0.06,0.48,5.07,0.32,68.36,0.45,0.04,3.05,0.74,3.852318,0.37,0.09,0.19,0.93,10.75,0.09,0.2,0.09,2.09,2766127,0,0,0,7.477,1.01,0.06,0.48,4.97,0.32,56.01,0.44,0.01,3.53,0.49,3.657899,0.28,0,0.12,0,10.62,0.07,0.2,0.04,1.72,0,0,0,-0.003238211,-0.009345794,0.258382643,0,-0.2,-0.31816852,0.088888889,-0.25,0.114754098,0,-0.019879979,0.108108108,-0.888888889,0,-0.913978495,-0.000930233,-0.111111111,-0.2,-0.888888889,0.205741627,-0.927684448,0,0
0,2014,1.511,-13.64,0.03,0.21,1.16,5.76,150.12,0.48,-0.16,0.9,0.6,15.834152,0.13,-0.22,-0.37,-0.22,12.28,0.97,0.86,-0.02,-0.38,-32916056,0,1,0,0,0,1,0,0,0,0.037,-4.02,0.03,0.21,1.19,0.32,80.29,1.06,-0.6,91.93,0.63,15.48481,0.16,-0.09,-0.69,-0.11,12.71,0.84,0.84,-0.14,-0.82,-21398441,0,1,0,0.028,-1.69,0.03,0.21,1.32,0.32,48.91,0.99,-0.47,114.6,0.63,15.136009,0.24,-0.38,-0.57,-0.51,12.74,0.76,0.76,-0.09,-0.75,-91277255,0,1,39.83783784,2.393034826,-0.025210084,17,6.21969697,0.869722257,-0.547169811,-0.733333333,-0.990209942,-0.047619048,0.022560303,-0.1875,1.444444444,-0.463768116,1,-0.033831629,0.154761905,0.023809524,-0.857142857,-0.536585366,0.53824552,0,0
0,2018,2.368,0.95,0.04,0.39,1.49,0.17,37.58,0.51,-0.05,182.61,0.38,4.285628,0.21,0.07,0.02,0.13,12.72,0.52,0.67,0.01,0.03,16139234,0,0,0,0,0,0,0,1,0,1.481,0.92,0.04,0.39,1.45,0.22,41.51,0.54,-0.07,83.32,0.42,4.602635,0.18,0.12,0.01,0.23,12.52,0.5,0.69,0.02,0.02,22212712,0,0,1,0.133,0.84,0.04,0.39,1.42,0.57,42.64,0.56,-0.11,63.09,0.39,4.990985,0.15,-0.03,-0.01,-0.06,12.47,0.6,0.7,0.04,-0.02,-6321073,0,0,0.598919649,0.032608696,0.027586207,-0.227272727,0.09,-0.094675982,-0.055555556,-0.285714286,1.191670667,-0.095238095,-0.068875112,0.166666667,-0.416666667,1,-0.434782609,0.015974441,0.04,-0.028985507,-0.5,0.5,-0.273423524,0,0
0,2011,1.871,0.99,0.04,0.42,1.47,0.29,48.06,0.39,-0.01,31.7,0.7,15.932275,0.09,0.01,0.05,0.03,13.2,0.37,0.68,0.02,0.15,4650000,0,0,0,0,0,0,0,1,0,5.326,1.01,0.04,0.42,0.84,0.13,41.8,0.34,0.01,4.62,0.73,16.046699,-0.04,-0.04,0.08,-0.12,13.1,0.31,1.19,0.04,0.25,-12927000,1,0,1,5.568,1.01,0.04,0.42,0.96,0.12,45.08,0.35,0.01,2.93,0.71,16.312715,-0.01,0.05,0.07,0.17,13.11,0.28,1.04,0.05,0.24,16783000,1,0,-0.648704469,-0.01980198,0.75,1.230769231,0.288888889,0.149760766,0.147058824,-2,5.861471861,-0.04109589,-0.007130688,-3.25,-1.25,-0.375,-1.25,0.007633588,0.193548387,-0.428571429,-0.5,-0.4,-1.35971223,0,0
0,2014,6.616,1.02,0.04,0.25,2.55,-0.76,66.28,0.37,0.05,0.06,0.23,2.293982,0.22,0.25,0.19,814827000,10.76,-2.64,0.39,0.15,610294400,8148270,0,0,0,0,1,0,1,0,0,5.861,1.03,0.04,0.25,2.09,-0.75,61.44,0.36,0.06,0.14,0.21,2.147099,0.16,0.19,0.2,621665200,10.74,-2.45,0.48,0.12,655729700,6216652,0,0,0,6.593,1.02,0.04,0.25,2.69,-0.72,47.95,0.28,0.04,2.26,0.25,2.204079,0.17,0.2,0.17,653090800,10.77,-2.17,0.37,0.1,564536600,6530908,0,0,0.128817608,-0.009708738,0.220095694,0.013333333,0.028169014,0.078776042,0.027777778,-0.166666667,-0.571428571,0.095238095,0.06840998,0.375,0.315789474,-0.05,0.310716765,0.001862197,0.07755102,-0.1875,0.25,-0.069289678,0.310716765,1,1
0,2020,4.445,1.13,0.02,0.46,0.72,-0.78,40.92,0.29,0.34,1.41,0.56,3.746717,-0.07,0.32,0.46,3534852700,11.97,-2.35,1.39,0.33,5018394700,35348527,1,0,0,0,1,0,0,0,0,4.45,1.14,0.02,0.46,1.63,-0.71,43.49,0.29,0.33,1.09,0.61,4.126176,0.08,0.33,0.45,3691343000,11.99,-1.97,0.61,0.33,5101719300,36913430,0,0,0,4.453,1.15,0.02,0.46,1.37,-0.69,44.47,0.28,0.31,0.94,0.56,3.801836,0.05,0.3,0.45,3225678600,11.94,-1.77,0.73,0.3,4828019000,32256786,0,0,-0.001123596,-0.00877193,-0.558282209,0.098591549,0.060606061,-0.059094045,0,0.03030303,0.293577982,-0.081967213,-0.091963843,-1.875,-0.03030303,0.022222222,-0.042393866,-0.001668057,0.192893401,1.278688525,0,-0.016332651,-0.042393866,1,1
0,2011,4.41,2.99,0.02,0.59,2.67,1.56,30.35,0.27,0.45,92.77,0.69,7.925483,0.22,0.06,0.76,0.09,12.3,0.66,0.38,0.02,1.14,9453704,0,0,0,0,0,0,1,0,0,4.761,1.03,0.02,0.59,2.26,1.89,44.84,0.35,0.01,83.78,0.63,7.033642,0.17,-0.08,0.09,-0.11,12.22,0.7,0.44,0,0.13,-11211404,0,0,0,1.226,0.98,0.02,0.59,2.7,1.49,45.34,0.36,-0.01,46.52,0.5,5.716452,0.12,-0.05,0.08,-0.09,12.24,0.63,0.37,-0.05,0.12,-7789221,0,1,-0.073724008,1.902912621,0.181415929,-0.174603175,-0.167381974,-0.323148974,-0.228571429,44,0.107304846,0.095238095,0.126796473,0.294117647,-1.75,7.444444444,-1.818181818,0.006546645,-0.057142857,-0.136363636,2,7.769230769,-1.843222133,0,0
0,2021,5.851,1.1,0.03,0.18,4.92,0.08,60.33,0.3,0.14,0.02,0.48,3.247032,0.3,0.16,0.1,1.07,12.34,0.15,0.2,0.15,0.7,25314939,0,0,0,1,0,0,0,1,0,5.71,1.01,0.03,0.18,5.12,0.09,49.11,0.3,0.02,0.06,0.4,2.613007,0.26,0.1,0.04,0.75,12.12,0.14,0.2,0.1,0.26,13139445,0,0,1,6.665,1.07,0.03,0.18,9.99,0.1,47.68,0.29,0.07,0.36,0.4,2.913237,0.22,0.15,0.09,1.35,11.97,0.11,0.1,0.14,0.83,16701138,0,0,0.02469352,0.089108911,-0.0390625,-0.111111111,0.0625,0.228466707,0,6,-0.666666667,0.2,0.242641906,0.153846154,0.6,1.5,0.426666667,0.018151815,0.071428571,0,0.5,1.692307692,0.926636856,0,0
0,2021,8.55,1.01,0.08,0.18,1.21,0.04,64.61,0.35,0.01,-114.48,0.79,29.940409,0.04,0.07,0.02,0.32,14.47,0.23,0.83,0.07,0.09,100359922,0,0,1,0,0,1,0,0,0,4.101,0.98,0.08,0.18,2.75,0.25,87.55,0.41,-0.03,75.12,0.75,28.342345,0.17,0.01,0.01,0.03,14.42,0.27,0.36,0.09,0.02,9022365,0,0,0,3.836,0.98,0.08,0.18,19.37,0.27,69.19,0.42,-0.03,298.42,0.79,30.191986,0.64,-0.02,0.01,-0.08,14.37,0.24,0.05,0.11,0.05,-22645733,0,0,1.084857352,0.030612245,-0.56,-0.84,-0.184210526,-0.262021702,-0.146341463,-1.333333333,-2.523961661,0.053333333,0.056384325,-0.764705882,6,1,9.666666667,0.003467406,-0.148148148,1.305555556,-0.222222222,3.5,10.12346064,0,0
0,2017,0.064,0.34,0.01,0.37,0.99,0.32,42.9,0.64,-0.19,34.46,0.5,1.963142,0,0.22,-0.22,0.36,10.16,0.6,1.01,0.32,-0.36,3904906,1,0,0,0,0,0,1,0,0,0.047,-0.59,0.01,0.37,0.96,0.31,31.37,0.57,-0.18,63.39,0.24,1.325996,-0.03,0,-0.26,0,9.99,0.79,1.04,0,-0.33,21000,1,0,0,0.044,-3.16,0.01,0.37,0.83,0.32,63.99,0.78,-0.4,13.29,0.15,1.642008,-0.13,0.32,-0.92,0.41,9.91,0.77,1.2,-0.23,-1.19,4432000,1,1,0.361702128,-1.576271186,0.03125,0.032258065,-0.587431694,0.367548613,0.122807018,0.055555556,-0.456381133,1.083333333,0.480503712,-1,22,-0.153846154,36,0.017017017,-0.240506329,-0.028846154,32,0.090909091,184.9479048,0,0
0,2013,1.091,0.96,0.17,0.38,1.21,0.32,45.87,0.56,-0.03,3.38,0.42,4.595415,0.07,0.55,0.05,1.7,11.15,0.32,0.83,0.02,0.16,26782247,0,0,1,0,0,0,0,0,0,2.34,0.61,0.17,0.38,1.89,5.22,64.3,0.56,-0.05,46.1,0.39,4.141351,0.19,0.08,0.04,0.09,11.14,0.87,0.53,0.01,0.05,3659463,0,0,0,8.101,1.56,0.17,0.38,3.54,16.15,37.64,0.53,0.03,18.17,0.39,3.944858,0.32,-0.55,0.09,-0.58,11.1,0.95,0.28,0.08,0.09,-25412076,0,0,-0.533760684,0.573770492,-0.35978836,-0.938697318,-0.930835735,-0.286625194,0,-0.4,-0.926681128,0.076923077,0.109641516,-0.631578947,5.875,0.25,17.88888889,0.000897666,-0.632183908,0.566037736,1,2.2,6.318627624,0,0
0,2009,4.828,1.02,0.02,0.5,1.31,0.28,54.44,0.37,0.02,12.74,0.52,4.429709,0.04,0.02,0.09,0.06,12.13,0.33,0.76,0.04,0.28,2544162,0,0,1,0,0,0,0,1,0,4.05,0.95,0.02,0.5,2.05,0.3,51.48,0.36,-0.04,28.14,0.53,4.223742,0.14,-0.03,0.04,-0.08,12.11,0.34,0.49,0,0.11,-3315451,0,1,1,6.545,1.01,0.02,0.5,4.89,0.28,49.9,0.35,0.01,17.06,0.4,4.1826,0.37,0,0.07,0,12.09,0.29,0.2,0.04,0.23,0,0,0,0.192098765,0.073684211,-0.36097561,-0.066666667,-0.058823529,0.057498057,0.027777778,-1.5,-0.547263682,-0.018867925,0.048764105,-0.714285714,-1.666666667,1.25,-1.75,0.001651528,-0.029411765,0.551020408,4,1.545454545,-1.767365285,0,0
0,2014,4.59,1.11,0.07,0.22,-0.19,0,45.38,0.45,0.14,0.01,0.33,2.235568,1.93,0.3,0.32,1107921100,10.89,-1.62,-5.27,0.3,1196343800,11079211,0,0,0,0,0,0,0,0,1,4.566,1.15,0.07,0.22,-0.23,0,47.54,0.43,0.17,0.01,0.36,2.300098,1.86,0.38,0.41,1322545600,10.81,-1.52,-4.43,0.38,1424060800,13225456,0,0,1,4.579,1.16,0.07,0.22,1.81,0,46.68,0.43,0.16,0.01,0.38,2.217949,0.39,0.08,0.09,0.17,12.23,0.49,0.55,0.08,0.19,11553687,0,0,0.005256242,-0.034782609,-0.173913043,0,0.033333333,-0.045435423,0.046511628,-0.176470588,0,-0.083333333,-0.028055326,0.037634409,-0.210526316,-0.219512195,-0.162281361,0.007400555,0.065789474,0.189616253,-0.210526316,-0.159906796,-0.162281361,1,0
0,2011,5.824,1.07,0.05,0.41,2.61,0.46,40.85,0.44,0.05,30.24,0.7,8.803164,0.2,0.08,0.1,0.21,12.77,0.4,0.38,0.09,0.25,20092000,0,0,0,0,0,0,0,0,1,4.558,1.12,0.05,0.41,2.92,0.55,38.83,0.36,0.06,26.45,0.7,8.875728,0.27,0.07,0.14,0.16,12.7,0.45,0.34,0.1,0.31,16350380,0,0,1,6.675,1.09,0.05,0.41,2.53,0.64,41.35,0.37,0.04,22.76,0.75,9.016694,0.23,-0.05,0.12,-0.11,12.63,0.48,0.4,-0.01,0.26,-10980199,0,1,0.277753401,-0.044642857,-0.106164384,-0.163636364,-0.172839506,0.052021633,0.222222222,-0.166666667,0.143289225,0,-0.008175555,-0.259259259,0.142857143,-0.285714286,0.3125,0.005511811,-0.111111111,0.117647059,-0.1,-0.193548387,0.228839941,0,0
0,2010,1.072,0.98,0.02,0.28,2.02,0.39,635.65,0.55,-0.13,196.28,0.27,0.780916,0.12,0.6,-0.01,1.64,12.75,0.37,0.5,0.02,-0.02,144970160,0,0,0,0,0,0,0,0,0,6.849,1.01,0.02,0.28,1.04,0.43,56.62,0.48,0.01,7.65,0.33,0.906219,0.01,0.11,0.07,0.21,10.04,0.51,0.96,0.12,0.14,1692129,0,0,0,0.182,0.71,0.02,0.28,0.81,0.64,54.02,0.5,-0.08,2.87,0.37,0.991104,-0.07,0,-0.05,0,10.02,0.61,1.23,-0.07,-0.08,-13111,1,1,-0.8434808,-0.02970297,0.942307692,-0.093023256,-0.447619048,10.22659838,0.145833333,-14,24.65751634,-0.181818182,-0.138270109,11,4.454545455,-1.142857143,6.80952381,0.269920319,-0.274509804,-0.479166667,-0.833333333,-1.142857143,84.67323177,0,0
0,2018,1.527,0.94,0.15,0.25,3.29,0.44,43.28,0.46,-0.04,124.16,0.84,24.671633,0.27,0.03,-0.02,0.07,14.09,0.39,0.3,0.03,-0.06,25093842,0,0,0,0,0,0,0,0,0,0.364,0.98,0.15,0.25,2.94,0.38,44.6,0.44,-0.01,87.07,0.82,23.746372,0.22,0.07,0,0.2,14,0.36,0.34,0.05,0,59796156,0,0,0,1.533,0.94,0.15,0.25,2.49,0.43,40.37,0.44,-0.04,79.25,0.85,22.717381,0.19,0.04,-0.02,0.11,13.93,0.39,0.4,0.03,-0.06,33186811,0,0,3.195054945,-0.040816327,0.119047619,0.157894737,0.142857143,-0.029596413,0.045454545,3,0.425979097,0.024390244,0.03896431,0.227272727,-0.571428571,-2,-0.65,0.006428571,0.083333333,-0.117647059,-0.4,-6,-0.580343559,0,0
0,2014,8.055,1.02,0.02,0.36,2.69,1.07,44.3,0.37,0.02,160.84,0.47,3.058377,0.14,0.01,0.12,0.02,12.47,0.56,0.37,0.03,0.22,1941931,0,0,0,0,0,0,0,1,0,0.186,0.88,0.02,0.36,2.69,1.11,40.09,0.42,-0.14,54.19,0.46,3.054581,0.09,-0.01,0.06,-0.02,12.43,0.55,0.37,-0.02,0.11,-2197554,0,1,1,0.137,0.86,0.02,0.36,1.58,1.06,42.8,0.46,-0.19,-0.15,0.43,2.885334,0.03,-0.05,0.05,-0.09,12.44,0.54,0.63,-0.05,0.09,-8319791,0,1,42.30645161,0.159090909,0,-0.036036036,0.024390244,0.105013719,-0.119047619,-1.142857143,1.968075291,0.02173913,0.001242724,0.555555556,-2,1,-2,0.003218021,0.018181818,0,-2.5,1,-1.883678399,0,0
0,2021,7.814,1.16,0.06,0.22,0.62,0.02,53.95,0.28,0.07,0.01,0.35,9.655667,-0.15,0.11,0.14,0.25,12.4,0.41,1.62,0.1,0.35,17683549,0,0,0,0,0,0,0,1,0,5.221,1.06,0.06,0.22,0.52,0.02,51.27,0.3,0.03,0.01,0.3,6.316026,-0.21,-0.03,0.08,-0.06,12.25,0.45,1.91,0.07,0.17,-4022083,0,0,1,6.577,1.28,0.06,0.22,1.11,0.32,50.73,0.26,0.12,0.01,0.36,7.081185,0.03,0.02,0.28,0.06,12.02,0.26,0.91,0.23,1.06,1909019,0,0,0.496648152,0.094339623,0.192307692,0,-0.12345679,0.052272284,-0.066666667,1.333333333,0,0.166666667,0.52875669,-0.285714286,-4.666666667,0.75,-5.166666667,0.012244898,-0.088888889,-0.151832461,0.428571429,1.058823529,-5.39661464,0,0
0,2020,3.866,0.97,0.02,0.78,1.42,0.42,35.87,0.57,-0.01,73.63,0.8,3.70131,0.16,0.03,0.04,0.06,11.77,0.57,0.7,0.05,0.06,3043047,0,0,0,0,0,0,0,0,0,8.304,1.03,0.02,0.78,2.12,0.41,39.71,0.55,0.01,42.17,0.82,3.677005,0.17,0.04,0.08,0.11,11.37,0.4,0.47,0.05,0.21,2605696,0,0,0,7.156,1.06,0.02,0.78,1.54,0.45,39.05,0.57,0.02,48.74,0.84,3.775141,0.12,-0.58,0.09,-1.26,11.39,0.46,0.65,0.09,0.19,-35663348,0,0,-0.534441233,-0.058252427,-0.330188679,0.024390244,0.955223881,-0.096701083,0.036363636,-2,0.746027982,-0.024390244,0.006609999,-0.058823529,-0.25,-0.5,-0.454545455,0.035180299,0.425,0.489361702,0,-0.714285714,0.167844215,0,0
0,2021,5.798,1.07,0.03,0.16,1.65,0.11,52.26,0.31,0.09,-0.22,0.14,2.792192,0.05,0.06,0.13,0.36,12.08,0.17,0.61,0.05,0.79,7264434,0,0,0,0,1,0,0,0,0,4.109,0.99,0.03,0.16,1.22,0.21,45.71,0.34,-0.02,0.04,0.1,1.940351,0.01,0,0.07,-0.02,12.08,0.23,0.82,5.45e-05,0.29,-530625,0,0,0,2.278,0.96,0.03,0.16,2.06,0.31,39.58,0.36,-0.06,0.02,0.1,2.028985,0.04,-0.04,0.07,-0.15,12.13,0.26,0.49,-0.04,0.27,-5102514,0,1,0.411048917,0.080808081,0.352459016,-0.476190476,-0.310344828,0.143294684,-0.088235294,-5.5,-6.5,0.4,0.439013869,4,6,0.857142857,-19,0,-0.260869565,-0.256097561,916.4311927,1.724137931,-14.69033498,0,0
0,2020,1.54,0.93,0.17,0.33,3.62,0.75,31.01,0.53,-0.03,0,0.65,8.655048,0.49,0.07,0,0.14,13.08,0.54,0.28,0.07,-0.01,24683100,0,0,0,0,1,0,1,0,0,4.549,1.19,0.17,0.33,-0.5,0.83,34.5,0.49,0.06,0.01,0.68,9.280348,1.39,0.26,0.27,3218285000,12.09,-0.05,-2.02,0.26,3344022400,32182850,0,0,0,6.576,1.12,0.17,0.33,-0.51,0.87,34.08,0.48,0.03,0,0.68,9.044761,1.47,0.13,0.3,1194829800,11.81,-0.06,-1.97,0.16,2755767400,11948298,0,0,-0.661464058,-0.218487395,-8.24,-0.096385542,-24,-0.10115942,0.081632653,-1.5,-1,-0.044117647,-0.067378939,-0.647482014,-0.730769231,-1,-1,0.081885856,-11.8,-1.138613861,-0.730769231,-1,-0.233035607,1,1
0,2019,7.17,1.11,0.05,0.33,1.76,0.84,33.06,0.29,0.04,39.55,0.69,18.909648,0.15,0.08,0.13,0.15,13.58,0.56,0.57,0.08,0.23,46195004,0,0,0,0,0,0,0,1,0,0.915,1,0.05,0.33,1.55,1.16,35.15,0.34,0,41.45,0.66,17.142611,0.11,0.09,0.08,0.14,13.53,0.63,0.65,0.03,0.12,45589672,0,0,1,7.818,1.12,0.05,0.33,1.11,1.59,40.61,0.32,0.03,49.02,0.69,15.621627,0.03,0,0.11,0,13.55,0.72,0.9,0.06,0.15,0,0,0,6.836065574,0.11,0.135483871,-0.275862069,-0.251461988,-0.059459459,-0.147058824,4,-0.045838359,0.045454545,0.103078638,0.363636364,-0.111111111,0.625,0.071428571,0.003695492,-0.111111111,-0.123076923,1.666666667,0.916666667,0.013277832,0,0
0,2012,2.569,0.97,0.06,0.38,2.62,0.87,70.54,0.55,-0.01,46.69,0.56,5.712165,0.31,-0.01,0.04,-0.02,12.75,0.57,0.38,0.03,0.07,-2862726,1,0,0,0,0,0,0,1,0,1.557,0.95,0.06,0.38,2.69,0.81,66.94,0.53,-0.02,57.62,0.54,5.576771,0.31,0.07,0.04,0.12,12.73,0.55,0.37,0.03,0.07,15484363,1,0,1,1.063,0.93,0.06,0.38,2.49,1.05,67.27,0.48,-0.03,65.44,0.61,5.756726,0.27,-0.01,0.04,-0.02,12.69,0.6,0.4,0.02,0.06,-2288589,1,0,0.649967887,0.021052632,-0.026022305,0.074074074,0.090909091,0.053779504,0.037735849,-0.5,-0.189691079,0.037037037,0.024278207,0,-1.142857143,0,-1.166666667,0.001571092,0.036363636,0.027027027,0,0,-1.184878513,0,0
0,2016,0.081,0.47,0.02,0.31,0.58,0.32,76.42,0.83,-0.61,122.7,0.3,1.998725,-0.24,0.05,-0.2,0.08,11.29,0.56,1.74,0.04,-0.35,2570521,1,0,1,0,0,0,0,0,0,0.056,0.49,0.02,0.31,1.14,0.32,43.94,0.95,-0.68,294.1,0.37,1.667987,0.09,0.06,-0.16,0.1,11.3,0.61,0.88,0.05,-0.26,3264865,0,0,0,0.057,0.52,0.02,0.31,1.17,0.32,49.94,0.92,-0.52,64.37,0.39,1.6435,0.05,0.01,-0.27,0.03,10.56,0.32,0.85,-0.01,-0.85,278562,0,1,0.446428571,-0.040816327,-0.49122807,0,-0.183544304,0.739189804,-0.126315789,-0.102941176,-0.582794968,-0.189189189,0.198285718,-3.666666667,-0.166666667,0.25,-0.2,-0.000884956,-0.081967213,0.977272727,-0.2,0.346153846,-0.212671581,0,0
0,2017,7.252,1.01,0.04,0.37,1.94,1.05,46.76,0.42,0,0.39,0.63,19.3342,0.14,0.09,0.08,0.16,12.67,0.58,0.52,0.07,0.14,20669406,0,0,0,0,0,0,1,0,0,6.753,1.09,0.04,0.37,1.75,1.44,38.9,0.42,0.01,0.47,0.62,19.058216,0.12,0,0.12,0,12.61,0.66,0.57,0.08,0.18,120334,0,0,0,3.396,0.94,0.04,0.37,1.92,1.54,44.62,0.42,-0.01,0.5,0.63,18.626495,0.14,0.24,0.06,0.36,12.63,0.67,0.52,0.04,0.09,50994376,0,0,0.073893085,-0.073394495,0.108571429,-0.270833333,-0.274611399,0.202056555,0,-1,-0.170212766,0.016129032,0.014481104,0.166666667,9,-0.333333333,16,0.004758128,-0.121212121,-0.087719298,-0.125,-0.222222222,170.7669653,0,0
0,2010,5.874,1.21,0.09,0.26,2.31,0.14,50.13,0.33,0.09,-2.44,0.76,7.274221,0.14,0.2,0.3,0.95,11.75,0.22,0.43,0.2,1.37,17917447,0,0,0,0,1,0,0,0,0,5.813,1.27,0.09,0.26,2.28,0.52,42.32,0.33,0.09,-3.44,0.72,7.208752,0.12,0.19,0.29,0.47,11.73,0.41,0.44,0.19,0.72,16419637,0,0,0,6.596,1.33,0.09,0.26,2.57,1.4,42.74,0.31,0.07,1.31,0.75,7.206511,0.15,0.12,0.25,0.2,11.79,0.62,0.39,0.14,0.4,11413313,0,0,0.010493721,-0.047244094,0.013157895,-0.730769231,-0.594202899,0.184546314,0,0,-0.290697674,0.055555556,0.009081877,0.166666667,0.052631579,0.034482759,1.021276596,0.00170503,-0.463414634,-0.022727273,0.052631579,0.902777778,0.091220652,0,0
0,2009,8.102,1.05,0.1,0.3,1.01,0.03,52.8,0.33,0.02,7.61,0.4,6.510229,0,-0.09,0.17,-0.26,11.91,0.34,0.99,0.04,0.52,-9103738,0,0,0,0,0,0,0,1,0,5.095,1.02,0.1,0.3,1.17,0.03,55.14,0.33,0.01,13.53,0.41,6.656218,0.06,-0.07,0.15,-0.21,12.05,0.34,0.85,-0.07,0.44,-8496126,0,1,1,5.841,1.12,0.1,0.3,1.37,0.01,63.93,0.39,0.07,7.89,0.49,5.524657,0.09,-0.04,0.21,-0.16,12.03,0.26,0.73,0.09,0.79,-4970394,0,0,0.590186457,0.029411765,-0.136752137,0,-0.037735849,-0.042437432,0,1,-0.437546194,-0.024390244,-0.021932725,-1,0.285714286,0.133333333,0.238095238,-0.011618257,0,0.164705882,-1.571428571,0.181818182,0.071516359,0,0
0,2014,0.369,0.98,0.07,0.3,4.03,0.42,67.68,0.33,-0.02,0.48,0.43,5.736011,0.19,0,0.02,-0.01,12.1,0.34,0.25,0,0.06,-388425,0,1,0,0,1,0,1,0,0,0.749,0.98,0.07,0.3,4.12,0.41,78.04,0.33,-0.02,0.44,0.43,5.579044,0.2,-0.04,0.03,-0.11,12.1,0.34,0.24,0,0.07,-4618488,0,1,0,1.496,0.89,0.07,0.3,3.49,0.35,75.95,0.35,-0.08,-0.71,0.42,5.578902,0.16,-0.1,-0.03,-0.32,12.11,0.31,0.29,-0.06,-0.09,-12290061,0,1,-0.507343124,0,-0.02184466,0.024390244,0,-0.132752435,0,0,0.090909091,0,0.028135107,-0.05,-1,-0.333333333,-0.909090909,0,0,0.041666667,0,-0.142857143,-0.9158978,0,0
0,2011,0.179,1.14,0.08,0.43,3.8,0.3,-98.35,0.46,0.11,316.03,0.6,4.96631,0.3,0.12,0.18,0.37,12.31,0.32,0.26,0.11,0.58,17907003,0,0,0,0,0,1,0,0,0,1.495,1.11,0.08,0.43,2.1,0.32,-87.69,0.38,0.07,216.25,0.61,5.006252,0.15,0.1,0.17,0.29,12.17,0.35,0.48,0.09,0.5,13478382,0,0,0,0.111,1.2,0.08,0.43,1.19,0.36,-64.35,0.38,0.11,118.93,0.64,5.705167,0.02,0.22,0.23,0.63,12.01,0.35,0.84,0.22,0.65,25370345,0,0,-0.880267559,0.027027027,0.80952381,-0.0625,-0.132075472,0.121564603,0.210526316,0.571428571,0.461410405,-0.016393443,-0.007978424,1,0.2,0.058823529,0.275862069,0.011503698,-0.085714286,-0.458333333,0.222222222,0.16,0.328572154,0,0
0,2021,0.147,2.75,0.06,0.3,0.28,0.32,-9.95,0.78,-0.55,-14.63,0.16,0.854873,-1.36,-0.8,-1.24,-0.42,8.61,1.89,3.56,-1.13,-0.66,-3056471,1,1,1,1,0,0,0,0,0,0.102,13.24,0.06,0.3,0.97,0.32,36.17,0.77,-0.51,81.88,0.15,0.681561,-0.03,0.53,-0.7,0.49,8.75,1.08,1.03,-0.14,-0.65,2303807,1,1,0,0.038,3.88,0.06,0.3,-0.29,-3.28,39.87,0.71,-1.15,14.63,0.07,1.798041,4.54,-11.26,-4.99,-3.76,7.55,2.99,-3.51,-4.76,-1.67,-14941341,0,1,0.441176471,-0.792296073,-0.711340206,0,-0.847701149,-1.275089853,0.012987013,0.078431373,-1.178676111,0.066666667,0.25428685,44.33333333,-2.509433962,0.771428571,-1.857142857,-0.016,0.75,2.45631068,7.071428571,0.015384615,-2.326704451,0,0
0,2010,4.512,0.16,0.05,0.2,0.89,-5.41,41.58,0.36,0.1,12.46,0.59,14.976222,-0.03,-0.13,0.2,-0.11,12.97,1.16,1.12,0.33,0.18,-37847589,1,0,0,0,0,0,0,1,0,4.499,-2.86,0.05,0.2,1.12,-24.45,38.36,0.38,0.1,13.28,0.59,14.151023,0.03,0.11,0.21,0.11,12.99,1.03,0.89,0.51,0.2,34902474,0,0,1,6.628,0.72,0.05,0.2,0.9,-6.78,42.6,0.39,0.03,0.12,0.64,14.282227,-0.02,-0.22,0.12,-0.19,13.1,1.13,1.12,-0.2,0.1,-73056475,1,1,0.002889531,-1.055944056,-0.205357143,-0.778732106,-0.768444586,0.083941606,-0.052631579,0,-0.061746988,0,0.058313735,-2,-2.181818182,-0.047619048,-2,-0.001539646,0.126213592,0.258426966,-0.352941176,-0.1,-2.084381268,0,0
0,2018,0.168,0.57,0.06,0.26,8.39,1.34,44.65,0.54,-0.32,22.81,0.71,28.119073,0.49,-0.03,-0.12,-0.05,14.47,0.6,0.12,-0.02,-0.2,-42216991,0,1,0,0,0,0,0,0,0,3.614,0.9,0.06,0.26,8.4,1.23,36.8,0.5,-0.06,13.57,0.72,30.997126,0.48,0.02,0.01,0.04,14.49,0.58,0.12,0.04,0.01,30223353,0,0,0,3.989,0.99,0.06,0.26,4.88,1.14,30.58,0.48,-0.01,19.83,0.76,31.009754,0.44,0.03,0.03,0.06,14.45,0.59,0.2,0.04,0.06,43300002,0,0,-0.953514112,-0.366666667,-0.001190476,0.089430894,0.086330935,0.213315217,0.08,4.333333333,0.68091378,-0.013888889,-0.092849027,0.020833333,-2.5,-13,-2.25,-0.001380262,0.034482759,0,-1.5,-21,-2.396833468,0,0
0,2015,4.823,1.04,0.24,0.2,4.31,1.21,90.23,0.36,0.02,0.33,0.8,49.865018,0.26,-0.19,0.07,-0.33,14.72,0.58,0.23,0.03,0.12,-335272000,0,0,1,0,0,0,1,0,0,0.265,0.98,0.24,0.2,4.24,0.47,45.13,0.31,-0.01,13.34,0.78,46.224068,0.21,0.04,0.05,0.11,14.68,0.36,0.24,0.04,0.14,63267000,0,0,0,4.25,0.98,0.24,0.2,4.12,0.5,39.11,0.3,-0.01,7.91,0.8,42.047267,0.19,0.05,0.05,0.15,14.64,0.37,0.24,0.06,0.13,86846000,0,0,17.2,0.06122449,0.016509434,1.574468085,1.456140351,0.999335254,0.161290323,-3,-0.975262369,0.025641026,0.078767407,0.238095238,-5.75,0.4,-4,0.002724796,0.611111111,-0.041666667,-0.25,-0.142857143,-6.29931876,0,0
0,2021,0.092,0.02,0.05,0.5,2.47,1.7,48.51,0.83,-0.24,114.73,0.82,2.266102,0.37,0,-0.2,0.01,12.21,0.72,0.41,-0.02,-0.27,518000,0,1,0,0,0,0,0,1,0,0.036,-0.52,0.05,0.5,1.7,1.56,53.31,0.95,-0.41,101.77,0.8,2.148401,0.22,-0.06,-0.36,-0.08,12.23,0.73,0.59,-0.17,-0.49,-8236000,0,1,1,0.029,-0.15,0.05,0.5,2.21,0.84,49.4,0.98,-0.47,107.23,0.68,1.964954,0.31,-0.04,-0.41,-0.07,12.01,0.6,0.45,-0.18,-0.68,-4666000,0,1,1.555555556,-1.038461538,0.452941176,0.08974359,-0.050909091,-0.090039392,-0.126315789,-0.414634146,0.127345976,0.025,0.054785396,0.681818182,-1,-0.444444444,-1.125,-0.001635323,-0.01369863,-0.305084746,-0.882352941,-0.448979592,-1.062894609,0,0
0,2021,4.088,0.99,0.04,0.28,2.91,0.28,42.65,0.36,-0.02,502.71,0.74,28.739415,0.53,0.12,-0.01,0.27,14.99,0.44,0.34,0.13,-0.02,265071273,0,0,0,0,0,0,0,0,1,0.179,0.95,0.04,0.28,4.63,0.36,28.74,0.38,-0.07,450.39,0.69,26.259811,0.58,0.01,-0.02,0.03,14.66,0.38,0.22,0.03,-0.05,20117559,0,0,1,8.309,1.01,0.04,0.28,9.01,0.37,40.37,0.35,0.02,377.99,0.73,27.553863,0.63,1.35,0.02,4.13,14.55,0.33,0.11,0.08,0.07,1949065722,0,0,21.83798883,0.042105263,-0.371490281,-0.222222222,0.258064516,0.483994433,-0.052631579,-0.714285714,0.116165989,0.072463768,0.094425813,-0.086206897,11,-0.5,8,0.022510232,0.157894737,0.545454545,3.333333333,-0.6,12.1761151,0,0
0,2009,8.112,1.05,0.18,0.33,2.11,0.31,43.17,0.37,0.04,75.84,0.5,11.706742,0.18,0.08,0.1,0.21,12.79,0.36,0.47,0.08,0.28,19295059,0,0,1,0,0,0,0,0,0,8.148,1.05,0.18,0.33,1.93,0.35,44.41,0.39,0.03,68.54,0.54,11.209934,0.16,0.03,0.11,0.07,12.7,0.39,0.52,0.03,0.29,6130151,0,0,0,0.843,0.97,0.18,0.33,1.63,0.37,48.7,0.41,-0.02,40.5,0.55,11.018654,0.1,0.01,0.06,0.03,12.67,0.39,0.62,0.02,0.15,2413433,0,0,-0.004418262,0,0.093264249,-0.114285714,-0.095238095,-0.027921639,-0.051282051,0.333333333,0.106507149,-0.074074074,0.044318548,0.125,1.666666667,-0.090909091,2,0.007086614,-0.076923077,-0.096153846,1.666666667,-0.034482759,2.147566675,0,0
0,2012,4.443,1.07,0.04,0.36,19.28,0,29.4,0.42,0.16,830.88,0.4,2.841252,0.82,0.1,0.08,2.21,12.42,0.04,0.05,0.09,1.76,17068769,0,0,0,0,0,0,0,0,0,4.584,1.06,0.04,0.36,18.45,0.05,33.37,0.44,0.11,759.02,0.4,2.637705,0.81,0.07,0.06,0.8,12.35,0.09,0.05,0.07,0.73,11363022,0,0,0,4.536,1.06,0.04,0.36,16.79,0.05,27.16,0.33,0.1,643.88,0.43,2.828931,0.81,0.08,0.07,0.81,12.28,0.1,0.06,0.07,0.68,11609724,0,0,-0.030759162,0.009433962,0.04498645,-1,-0.5,-0.118969134,-0.045454545,0.454545455,0.094674712,0,0.07716822,0.012345679,0.428571429,0.333333333,1.7625,0.005668016,-0.555555556,0,0.285714286,1.410958904,0.502132883,0,0
0,2020,4.466,1.54,0.06,0.1,11.56,0.01,44.44,0.29,0.24,0.01,0.52,6.26272,0.29,-0.01,0.58,-0.38,11.72,0.03,0.09,0.58,16.51,-1132492,0,0,0,0,0,0,0,1,0,4.45,1.61,0.06,0.1,9.02,0.01,40.66,0.28,0.28,0.01,0.53,6.578951,0.25,-0.02,0.64,-0.45,11.74,0.04,0.11,0.6,14.97,-1687145,0,0,1,4.452,1.58,0.06,0.1,9.73,0.01,42.19,0.27,0.28,0.01,0.41,6.094552,0.24,-0.05,0.62,-1.42,11.75,0.03,0.1,0.58,19.26,-4044897,0,0,0.003595506,-0.043478261,0.281596452,0,-0.2,0.09296606,0.035714286,-0.142857143,0,-0.018867925,-0.048067085,0.16,-0.5,-0.09375,-0.155555556,-0.001703578,-0.25,-0.181818182,-0.033333333,0.102872411,-0.328752419,0,0
0,2012,5.807,1.27,0.07,0.26,21.66,0.32,27.62,0.42,0.32,0.11,0.4,2.430852,0.59,0.16,0.29,5.5,12.02,0.03,0.05,0.16,10.11,18136923,0,0,0,0,0,0,0,0,0,6.636,1.2,0.07,0.26,22.78,0.32,36.29,0.42,0.24,0.38,0.45,2.354198,0.54,0.06,0.23,2.54,11.84,0.02,0.04,0.06,9.37,6033615,0,0,0,6.629,1.18,0.07,0.26,36.23,0.32,34.67,0.42,0.25,0.02,0.65,5.23823,0.55,0.04,0.22,2.45,11.76,0.02,0.03,0.04,14.38,3408043,0,0,-0.124924653,0.058333333,-0.049165935,0,0,-0.23890879,0,0.333333333,-0.710526316,-0.111111111,0.032560558,0.092592593,1.666666667,0.260869565,1.165354331,0.015202703,0.5,0.25,1.666666667,0.078975454,2.0059795,0,0
0,2008,5.792,1.5,0.08,0.25,3.35,6.42,52.19,0.32,0.07,-4.89,0.39,3.739324,0.11,0.07,0.18,0.08,11.56,0.87,0.3,0.07,0.21,5005275,0,0,0,0,1,0,0,1,0,6.644,1.6,0.08,0.25,4.01,14.92,52.51,0.34,0.04,-5,0.41,3.821109,0.12,0.04,0.14,0.04,11.55,0.94,0.25,0.04,0.15,2968458,0,0,1,7.145,2.36,0.08,0.25,2.56,46.75,45.41,0.34,0.03,-10.23,0.44,3.895977,0.08,0,0.13,0,11.53,0.98,0.39,0.03,0.13,0,0,0,-0.128236002,-0.0625,-0.164588529,-0.569705094,-0.564267352,-0.006094077,-0.058823529,0.75,-0.022,-0.048780488,-0.021403472,-0.083333333,0.75,0.285714286,1,0.000865801,-0.074468085,0.2,0.75,0.4,0.686153215,0,0
0,2019,7.18,1.06,0.03,0.31,0.55,0.08,50.24,0.32,0.03,-4.93,0.81,27.542437,-0.15,-0.04,0.1,-0.09,13.55,0.39,1.83,0.09,0.26,-18684201,1,0,0,0,0,0,0,0,1,6.612,1.08,0.03,0.31,0.59,0.07,48.21,0.33,0.04,-5.04,0.8,26.719038,-0.13,-0.76,0.11,-2.16,13.55,0.35,1.71,0.1,0.31,-406041424,1,0,1,2.476,0.99,0.03,0.31,0.79,0.15,90,0.36,-0.01,-2.58,0.83,25.727462,-0.04,0.27,0.04,0.88,14.25,0.3,1.27,0.08,0.12,287457764,1,0,0.085904416,-0.018518519,-0.06779661,0.142857143,0.166666667,0.042107447,-0.03030303,-0.25,-0.021825397,0.0125,0.03081694,0.153846154,-0.947368421,-0.090909091,-0.958333333,0,0.114285714,0.070175439,-0.1,-0.161290323,-0.953984495,0,0
0,2017,0.734,0.98,0.06,0.3,1.44,0.44,37.4,0.52,-0.02,26.27,0.54,10.675995,0.05,0.08,0.03,0.21,12.97,0.38,0.69,0.09,0.08,23566321,0,0,0,0,0,0,0,1,0,4.956,1.03,0.06,0.3,1.52,0.63,38.6,0.59,0.02,36.07,0.56,11.625627,0.06,0,0.06,-0.01,12.97,0.46,0.66,0,0.13,-720216,0,0,1,4.743,1.04,0.06,0.3,1.4,0.59,41.88,0.5,0.03,23.38,0.54,11.031218,0.05,0.05,0.07,0.12,12.94,0.45,0.72,0.1,0.15,15002493,0,0,-0.851896691,-0.048543689,-0.052631579,-0.301587302,-0.270588235,-0.031088083,-0.118644068,-2,-0.271693928,-0.035714286,-0.081684369,-0.166666667,8,-0.5,-22,0,-0.173913043,0.045454545,9,-0.384615385,-33.72118503,0,0
0,2015,7.58,1.08,0.39,0.31,1.2,0.15,37.9,0.16,0.1,0.08,0.09,0.137727,0.01,0.08,0.09,0.39,10.8,0.19,0.83,0.08,0.45,2610627,0,0,0,0,1,0,0,0,0,6.623,1.16,0.39,0.31,1.41,0.19,35.3,0.12,0.17,12.08,0.08,0.151201,0.03,0.22,0.15,0.97,10.75,0.23,0.71,0.21,0.65,7179310,0,0,0,7.176,1.21,0.39,0.31,1.06,0.39,44.54,0.11,0.17,0.17,0.07,0.094538,0.01,0.26,0.16,0.72,10.59,0.36,0.95,0.26,0.45,7122268,0,0,0.144496452,-0.068965517,-0.14893617,-0.210526316,-0.2,0.073654391,0.333333333,-0.411764706,-0.993377483,0.125,-0.089113167,-0.666666667,-0.636363636,-0.4,-0.597938144,0.004651163,-0.173913043,0.169014085,-0.619047619,-0.307692308,-0.63636798,0,0
0,2018,6.65,1.11,0.01,0.41,2.73,0.39,35.77,0.46,0.08,62.28,0.6,8.379546,0.18,0.02,0.12,0.06,12.86,0.36,0.37,0.13,0.34,5894276,0,0,0,0,0,0,0,1,0,6.671,1.09,0.01,0.41,3.17,0.45,30.92,0.47,0.07,80.75,0.59,7.848277,0.2,0.08,0.11,0.22,12.86,0.38,0.32,0.15,0.29,21993609,0,0,1,6.612,1.13,0.01,0.41,3.05,0.59,32.33,0.46,0.09,84.8,0.58,7.460458,0.22,0.02,0.12,0.04,12.82,0.44,0.33,0.12,0.28,4879240,0,0,-0.003147954,0.018348624,-0.138801262,-0.133333333,-0.083333333,0.156856404,-0.021276596,0.142857143,-0.22873065,0.016949153,0.067692437,-0.1,-0.75,0.090909091,-0.727272727,0,-0.052631579,0.15625,-0.133333333,0.172413793,-0.73200051,0,0
0,2015,4.379,0.99,0.01,0.23,10.22,0.01,32.02,0.33,0,0.06,0.69,11.119542,0.31,-0.02,0.1,-0.41,11.81,0.04,0.1,0.07,2.42,-1557289,0,0,0,0,0,0,0,0,1,1.635,1,0.01,0.23,6.85,0.02,29.89,0.36,0,0.17,0.72,11.737853,0.24,-0.08,0.1,-1.47,11.84,0.06,0.15,0.08,1.87,-7888339,0,0,1,1.937,0.98,0.01,0.23,8.59,0,29.26,0.35,-0.01,1.04,0.73,12.86991,0.23,-0.01,0.07,-0.28,11.9,0.03,0.12,0.06,2.27,-964261,0,0,1.678287462,-0.01,0.491970803,-0.5,-0.333333333,0.071261291,-0.083333333,0,-0.647058824,-0.041666667,-0.052676669,0.291666667,-0.75,0,-0.721088435,-0.002533784,-0.333333333,-0.333333333,-0.125,0.294117647,-0.802583408,0,0
0,2010,3.444,1,0.03,0.31,1.94,0.25,40.33,0.35,0,63.2,0.41,7.324347,0.1,0.04,0.06,0.16,13.02,0.28,0.51,0.04,0.22,14009135,0,0,1,0,0,0,0,1,0,8.306,1.02,0.03,0.31,2.43,0.28,43.67,0.37,0.03,48.88,0.49,7.262451,0.14,0.24,0.08,0.82,12.98,0.29,0.41,0.24,0.27,72670592,0,0,1,0.077,0.59,0.03,0.31,1.22,0.47,57.5,0.53,-0.4,4.55,0.48,5.297703,0.05,-0.13,-0.14,-0.26,12.86,0.48,0.82,-0.13,-0.29,-33578233,0,1,-0.585359981,-0.019607843,-0.201646091,-0.107142857,-0.071428571,-0.076482711,-0.054054054,-1,0.292962357,-0.163265306,0.008522743,-0.285714286,-0.833333333,-0.25,-0.804878049,0.003081664,-0.034482759,0.243902439,-0.833333333,-0.185185185,-0.807224152,0,0
0,2019,7.887,1.04,0.04,0.32,1.67,0.33,47,0.51,0.04,22.95,0.33,3.867677,0.06,0,0.06,0,12.65,0.32,0.6,0.1,0.18,152904,0,0,0,0,0,0,0,1,0,5.628,1.04,0.04,0.32,1.71,0.29,36.94,0.51,0.04,23.99,0.32,4.118605,0.06,-0.01,0.06,-0.05,12.61,0.29,0.59,0.03,0.2,-2960161,0,0,1,4.189,1,0.04,0.32,2.78,0.2,37.63,0.54,0,231.15,0.37,3.924871,0.3,0.02,0.04,0.06,12.65,0.3,0.36,0.06,0.15,4049816,0,0,0.401385928,0,-0.023391813,0.137931034,0.15,0.272333514,0,0,-0.043351396,0.03125,-0.060925483,0,-1,0,-1,0.003172086,0.103448276,0.016949153,2.333333333,-0.1,-1.051653947,0,0
0,2021,4.491,1.22,0.04,0.37,2.22,-0.6,51.17,0.29,0.26,0.28,0.83,19.953804,0.18,0.44,0.54,13350875500,12.98,-1.13,0.45,0.5,16317252700,133508755,0,0,0,0,1,0,1,0,0,4.49,1.25,0.04,0.37,2.3,-0.55,47.87,0.28,0.23,0.36,0.84,19.842198,0.2,0.37,0.55,9860986500,12.85,-0.9,0.43,0.5,14558058500,98609865,0,0,0,4.498,1.29,0.04,0.37,2.46,-0.5,49.69,0.27,0.23,0.06,0.82,18.798532,0.22,0.41,0.58,9845540800,12.75,-0.7,0.41,0.53,13975608000,98455408,0,0,0.000222717,-0.024,-0.034782609,0.090909091,0.104166667,0.068936704,0.035714286,0.130434783,-0.222222222,-0.011904762,0.005624679,-0.1,0.189189189,-0.018181818,0.353908709,0.010116732,0.255555556,0.046511628,0,0.120839891,0.353908709,1,1
0,2012,5.699,1.07,0.01,0.45,5.09,2.11,40.42,0.68,0.02,129.8,0.8,0.621832,0.43,0.08,0.07,0.11,10.94,0.71,0.2,0.1,0.1,2956450,0,0,0,0,0,0,0,0,0,5.409,1.08,0.01,0.45,2.29,2.9,57.88,0.68,0.02,11.83,0.82,0.633644,0.14,-0.12,0.08,-0.16,10.87,0.77,0.44,0.03,0.1,-4569238,0,0,0,1.536,0.77,0.01,0.45,3.01,1.4,58.09,0.63,-0.08,24.39,0.71,0.576887,0.19,0,-0.02,0.01,10.8,0.62,0.33,0.01,-0.03,118697,0,0,0.053614346,-0.009259259,1.222707424,-0.272413793,-0.269230769,-0.301658604,0,0,9.972104818,-0.024390244,-0.018641382,2.071428571,-1.666666667,-0.125,-1.6875,0.006439742,-0.077922078,-0.545454545,2.333333333,0,-1.647033488,0,0
0,2019,4.632,1.05,0.03,0.55,1.79,0.05,40.4,0.63,0.03,1227.23,0.61,6.825657,0.1,0.12,0.15,0.72,12.28,0.17,0.56,0.05,0.91,17984588,0,0,0,0,0,0,0,1,0,1.513,0.77,0.03,0.55,1.18,0.05,43.94,0.64,-0.13,887.08,0.6,6.860656,0.02,0.05,-0.06,0.26,12.13,0.18,0.85,-0.18,-0.35,6150550,0,1,1,6.222,1.03,0.03,0.55,1.12,0.06,39.59,0.63,0.02,816.72,0.6,6.970136,0.02,0.04,0.15,0.22,12.09,0.19,0.89,0.03,0.77,5233421,0,0,2.061467284,0.363636364,0.516949153,0,-0.090909091,-0.080564406,-0.015625,-1.230769231,0.383449069,0.016666667,-0.005101407,4,1.4,-3.5,1.769230769,0.012366035,-0.055555556,-0.341176471,-1.277777778,-3.6,1.924061751,0,0
0,2021,0.179,1.19,0.08,0.15,3.37,-4.31,52.17,0.35,-0.1,0.04,0.1,0.587261,0.1,-0.02,0.02,-0.02,11.31,1.29,0.3,-0.05,0.02,-1111115,0,1,0,0,1,0,0,0,0,0.146,1.28,0.08,0.15,4.15,-4.77,50.85,0.32,-0.12,-1.12,0.14,0.527736,0.11,-0.06,0,-0.05,11.36,1.26,0.24,-0.07,0,-3477396,0,1,0,3.658,1.08,0.08,0.15,4.3,-5.83,48.85,0.3,-0.03,0.05,0.13,0.507252,0.11,-0.01,0.03,-0.01,11.35,1.2,0.23,-0.01,0.03,-803512,0,1,0.226027397,-0.0703125,-0.187951807,-0.096436059,-0.091836735,0.025958702,0.09375,-0.166666667,-1.035714286,-0.285714286,0.112793139,-0.090909091,-0.666666667,2,-0.6,-0.004401408,0.023809524,0.25,-0.285714286,2,-0.680474988,0,0
0,2015,4.288,5.2,0.12,0.42,1.2,-30.01,122.92,0.51,-0.05,1.09,0.25,2.509524,0.07,-0.03,-0.01,-0.03,11.34,1.02,0.83,-0.03,-0.01,-1766018,0,1,0,0,0,0,0,0,1,2.276,-31.37,0.12,0.42,0.75,74.43,72.83,0.61,-0.18,4.45,0.25,2.375058,-0.11,-0.19,-0.2,-0.19,11.44,0.99,1.34,-0.19,-0.2,-12233269,1,1,1,2.834,0.48,0.12,0.42,1.5,3.1,57.79,0.54,-0.07,14.11,0.25,2.387101,0.11,0.14,-0.05,0.17,11.46,0.81,0.67,-0.03,-0.06,9092529,0,1,0.88400703,-1.165763468,0.6,-1.403197635,-1.36633201,0.68776603,-0.163934426,-0.722222222,-0.75505618,0,0.056615881,-1.636363636,-0.842105263,-0.95,-0.842105263,-0.008741259,0.03030303,-0.380597015,-0.842105263,-0.95,-0.855638096,0,0
0,2015,3.272,0.91,0.02,0.38,1.26,2.25,54.58,0.57,-0.03,32.92,0.47,10.10388,0.04,0.07,0,0.09,12.96,0.74,0.79,-0.03,0.01,20024000,0,1,0,0,0,0,0,0,0,2.337,0.85,0.02,0.38,1.3,3.01,53.18,0.59,-0.04,38.2,0.48,10.015196,0.05,-0.13,0,-0.16,12.86,0.79,0.77,0.06,0,-33481992,0,0,0,1.797,0.98,0.02,0.38,2.32,1.25,50.35,0.58,-0.01,71.24,0.55,10.854626,0.18,0.18,0.03,0.29,12.72,0.62,0.43,0.02,0.05,41001155,0,0,0.40008558,0.070588235,-0.030769231,-0.252491694,-0.236220472,0.026325686,-0.033898305,-0.25,-0.138219895,-0.020833333,0.008854944,-0.2,-1.538461538,0,-1.5625,0.00777605,-0.063291139,0.025974026,-1.5,1,-1.598052828,0,0
0,2021,0.093,0.85,0.04,0.53,3.7,0,63.15,0.77,-0.27,447.69,0.22,1.276096,0.56,0.06,-0.09,0.29,10.81,0.21,0.27,0.05,-0.42,2090146,0,0,0,1,0,0,1,0,0,0.172,0.92,0.04,0.53,17.38,0,48.42,0.68,-0.11,270.25,0.27,1.60658,0.63,0.01,-0.03,0.32,10.54,0.04,0.06,-0.02,-0.77,349681,0,1,0,1.454,0.93,0.04,0.53,11.14,0.01,54.05,0.66,-0.1,270.02,0.26,1.562136,0.58,-0.02,-0.02,-0.24,10.55,0.06,0.09,-0.02,-0.31,-405571,0,1,-0.459302326,-0.076086957,-0.787111623,0,5.5,0.304213135,0.132352941,1.454545455,0.656577243,-0.185185185,-0.205706532,-0.111111111,5,2,-0.09375,0.025616698,4.25,3.5,-3.5,-0.454545455,4.97729359,0,0
0,2009,7.135,1.08,0.22,0.26,4.59,1.2,39.76,0.35,0.03,62.81,0.63,7.822597,0.28,0.05,0.12,0.08,12.39,0.58,0.22,0.04,0.2,7591921,0,0,0,0,0,0,0,0,0,7.076,1.01,0.22,0.26,3.35,1.38,56.81,0.41,0,54.4,0.75,7.578166,0.25,0.01,0.09,0.02,12.38,0.62,0.3,0.01,0.14,1689195,0,0,0,6.594,1.2,0.22,0.26,3.46,1.45,74.46,0.37,0.06,12.51,0.69,6.973644,0.21,0.07,0.14,0.12,12.36,0.63,0.29,0.07,0.22,11784227,0,0,0.008338044,0.069306931,0.370149254,-0.130434783,-0.162650602,-0.300123218,-0.146341463,3,0.154595588,-0.16,0.032254638,0.12,4,0.333333333,3,0.000807754,-0.064516129,-0.266666667,3,0.428571429,3.494401771,0,0
0,2018,8.315,1.09,0.12,0.37,1.97,1.3,43.86,0.46,0.01,0.59,0.38,5.698173,0.17,0.09,0.11,0.15,11.4,0.64,0.51,0.07,0.17,5856818,0,0,0,1,1,0,0,1,0,2.883,0.76,0.12,0.37,1.96,2.17,54.18,0.49,-0.03,2.63,0.37,5.70816,0.18,-0.04,0.01,-0.05,11.44,0.74,0.51,-0.02,0.01,-2545182,0,1,1,2.273,0.65,0.12,0.37,2.59,1.84,61.02,0.52,-0.06,12.8,0.33,5.167588,0.25,-0.1,-0.03,-0.14,11.44,0.7,0.39,-0.07,-0.04,-6499637,0,1,1.884148456,0.434210526,0.005102041,-0.400921659,-0.390410959,-0.19047619,-0.06122449,-1.333333333,-0.775665399,0.027027027,-0.001749601,-0.055555556,-3.25,10,-4,-0.003496503,-0.135135135,0,-4.5,16,-3.301139172,0,0
0,2021,0.045,1.48,0.06,0.3,-0.59,0.32,40.56,0.76,-0.4,-6.45,0.13,0.158042,-3333014700,-3650812100,-1432994400,-1.74,-11.15,2092522000,-1.69,-810974300,-0.68,-36508121,1,1,0,0,0,0,0,0,0,0.057,-6.35,0.06,0.3,12.83,0.32,28.43,0.84,-0.5,0,0.24,0.294448,0.92,21.37,-6.18,274.05,8.51,0.08,0.08,-5.37,-79.29,73640275,1,1,0,0.049,1.35,0.06,0.3,-1.8,-0.07,63.68,0.91,-0.51,51.47,0.13,0.153672,-7554105200,-2841902000,-2153638100,-0.89,-11.15,3187337900,-0.56,-2399407800,-0.68,-28419020,1,1,-0.210526316,-1.233070866,-1.04598597,0,-8,0.426661977,-0.095238095,-0.2,-645,-0.458333333,-0.463260066,-3622842066,-170838190.1,231876115.5,-1.006349206,-2.310223267,26156524999,-22.125,151019421.7,-0.991423887,-1.495762964,0,0
0,2010,4.607,1.19,0.08,0.32,1.32,0.33,48.36,0.37,0.05,14.56,0.54,4.167212,0.09,0.07,0.16,0.14,11.78,0.47,0.76,0.12,0.33,6033464,0,0,0,0,0,0,0,0,1,1.289,0.91,0.08,0.32,2.28,0.36,51.9,0.43,-0.03,1.32,0.51,3.901895,0.21,-0.05,0.03,-0.13,11.51,0.39,0.44,-0.17,0.08,-3546442,0,1,1,2.833,0.59,0.08,0.32,2.65,0.33,61.97,0.48,-0.13,0.15,0.49,4.19146,0.27,-0.26,-0.15,-0.71,11.56,0.37,0.38,-0.29,-0.39,-19342320,0,1,2.574088441,0.307692308,-0.421052632,-0.083333333,0.396825397,-0.068208092,-0.139534884,-2.666666667,10.03030303,0.058823529,0.06799696,-0.571428571,-2.4,4.333333333,-2.076923077,0.023457863,0.205128205,0.727272727,-1.705882353,3.125,-2.70127243,0,0
0,2013,1.473,0.49,0.02,0.42,6.66,0.79,40.73,0.69,-0.14,25.71,0.18,0.952616,0.37,0.06,-0.13,0.13,9.48,0.48,0.15,0.04,-0.27,551923,0,0,0,0,0,0,0,0,0,0.188,0.07,0.02,0.42,1.98,0.93,40.22,0.76,-0.27,66.28,0.19,0.998523,0.25,0.03,-0.24,0.05,9.66,0.62,0.51,0.04,-0.4,313285,0,0,0,0.186,-0.05,0.02,0.42,2.94,1.44,37.1,0.77,-0.3,82.79,0.21,1.013548,0.34,0.15,-0.28,0.23,9.71,0.66,0.34,0.15,-0.42,1728564,0,0,6.835106383,6,2.363636364,-0.150537634,-0.428571429,0.012680259,-0.092105263,-0.481481481,-0.612100181,-0.052631579,-0.045974905,0.48,1,-0.458333333,1.6,-0.01863354,-0.225806452,-0.705882353,0,-0.325,0.761728139,0,0
0,2016,7.182,1.04,0.04,0.37,12.92,0.11,70.83,0.44,0.1,6.31,0.17,2.666519,0.79,0.07,0.06,0.45,12.24,0.16,0.08,0.02,0.37,10348227,0,0,0,0,0,0,0,1,0,7.534,1.04,0.04,0.37,1.4,0.22,66.78,0.46,0.09,37.47,0.2,2.707468,0.03,-0.04,0.05,-0.15,12.26,0.25,0.71,0.05,0.21,-5479743,0,0,1,5.844,1.04,0.04,0.37,1.35,0.11,58.16,0.44,0.1,34.12,0.17,2.399197,0.03,0.12,0.06,0.68,12.21,0.17,0.74,0.12,0.32,16411008,0,0,-0.046721529,0,8.228571429,-0.5,-0.441176471,0.0606469,-0.043478261,0.111111111,-0.831598612,-0.15,-0.015124463,25.33333333,-2.75,0.2,-4,-0.001631321,-0.36,-0.887323944,-0.6,0.761904762,-2.888451155,0,0
0,2020,0.067,0.58,0.06,0.32,0.98,0.57,33.68,0.69,-0.14,0.65,0.44,7.263292,-0.01,-0.06,-0.13,-0.12,12.52,0.52,1.02,-0.1,-0.25,-11601053,1,1,0,0,0,0,0,0,0,0.04,0.2,0.06,0.32,1.3,0.52,52.73,0.79,-0.37,2.14,0.49,8.59743,0.06,-0.22,-0.34,-0.47,12.54,0.47,0.77,-0.38,-0.72,-43017563,0,1,0,8.122,1.03,0.06,0.32,1.14,0.44,41.23,0.55,0.02,24.19,0.48,8.125363,0.03,-0.01,0.08,-0.02,12.86,0.45,0.88,0.05,0.18,-2725777,0,0,0.675,1.9,-0.246153846,0.096153846,0.227272727,-0.361274417,-0.126582278,-0.621621622,-0.696261682,-0.102040816,-0.155178699,-1.166666667,-0.727272727,-0.617647059,-0.744680851,-0.001594896,0.106382979,0.324675325,-0.736842105,-0.652777778,-0.730318219,0,0
0,2009,1.731,1,0.17,0.44,2.26,0.04,63.08,0.35,0,-5.48,0.59,6.697443,0.09,0.01,0.05,0.12,12.19,0.11,0.44,0.01,0.5,1730372,0,0,0,0,0,0,1,0,0,7.667,1.01,0.17,0.44,2.09,0.04,57.61,0.36,0.01,1.25,0.64,7.565474,0.09,0.01,0.05,0.07,12.18,0.12,0.48,0.01,0.42,1168478,0,0,0,0.263,0.96,0.17,0.44,1.15,-0.02,44.46,0.4,-0.04,-3.46,0.63,7.082803,0.01,0.39,0.01,5.1,12.13,0.08,0.87,-0.01,0.07,50824546,0,1,-0.774227208,-0.00990099,0.081339713,0,-0.076923077,0.094948794,-0.027777778,-1,-5.384,-0.078125,-0.114735838,0,0,0,0.714285714,0.000821018,-0.083333333,-0.083333333,0,0.19047619,0.480876833,0,0
0,2013,1.448,-0.18,0.05,0.49,0.88,3.53,50.25,0.75,-0.31,8.48,0.25,1.162392,-0.03,0.03,-0.15,0.03,11.51,0.84,1.13,0.03,-0.18,1960252,0,0,1,0,0,0,0,0,0,2.273,-0.08,0.05,0.49,1.05,4.35,48,0.67,-0.22,15.33,0.25,1.204172,0.01,0.02,-0.12,0.03,11.43,0.86,0.95,0.02,-0.14,1410074,0,0,0,1.537,-0.02,0.05,0.49,1.27,5.22,38.74,0.62,-0.18,9.17,0.29,1.258798,0.07,0.02,-0.08,0.02,11.39,0.88,0.79,0.02,-0.1,1192230,0,0,-0.362956445,1.25,-0.161904762,-0.188505747,-0.135048232,0.046875,0.119402985,0.409090909,-0.446836269,0,-0.03469604,-4,0.5,0.25,0,0.006999125,-0.023255814,0.189473684,0.5,0.285714286,0.390176686,0,0
0,2010,0.014,-3.09,0.07,0.29,3.84,1.78,48.51,0.42,0,0.01,0.66,6.041378,0.33,-0.01,0.04,-0.02,12.35,0.68,0.26,-1.3,0.06,-1646814,0,1,0,0,0,0,1,0,0,0.015,-3.09,0.07,0.29,5.97,1.78,48.51,0.42,0,0.07,0.63,6.041378,0.32,0.16,0.04,0.24,12.32,0.66,0.17,-1.38,0.06,24929786,0,1,0,6.558,1.04,0.07,0.29,5.53,3.72,56.15,0.31,0.01,0.06,0.66,11.863779,0.22,0.2,0.09,0.25,12.19,0.8,0.18,0.05,0.11,27606122,0,0,-0.066666667,0,-0.35678392,0,0.091370558,0,0,0,-0.857142857,0.047619048,0,0.03125,-1.0625,0,-1.083333333,0.002435065,0.03030303,0.529411765,-0.057971014,0,-1.066058088,0,0
0,2021,4.536,1.21,0.06,0.33,4.12,0.01,38.59,0.45,0.07,0.62,0.75,6.447419,0.27,0.19,0.31,1.99,11.56,0.09,0.24,0.27,3.28,13614279,0,0,0,0,0,0,1,0,0,6.835,1.01,0.06,0.33,1.06,0.01,35.92,0.52,0,1.91,0.72,5.675579,0.02,-0.2,0.1,-0.65,11.6,0.31,0.94,0.19,0.31,-15434535,0,0,0,6.637,1.1,0.06,0.33,2.88,0.01,51.02,0.49,0.04,0.15,0.71,5.637031,0.25,0.22,0.17,1.62,11.63,0.14,0.35,0.12,1.21,17517173,0,0,-0.336356986,0.198019802,2.886792453,0,-0.777777778,0.074331849,-0.134615385,7,-0.67539267,0.041666667,0.135993174,12.5,-1.95,2.1,-4.061538462,-0.003448276,-0.709677419,-0.744680851,0.421052632,9.580645161,-1.882066029,0,0
0,2019,5.935,1.01,0.16,0.16,2.22,0.11,29.59,0.39,0.01,7.56,0.55,15.117428,0.2,0.08,0.05,0.31,13.55,0.25,0.45,0.07,0.21,40293352,0,0,0,0,0,0,0,1,0,7.133,1.06,0.16,0.16,2.47,0.13,22.59,0.38,0.05,14.26,0.54,15.590104,0.23,0.04,0.09,0.15,13.46,0.26,0.4,0.04,0.34,18497526,0,0,1,4.56,1.17,0.16,0.16,1.72,0.16,20.04,0.35,0.12,12.44,0.56,15.797506,0.16,0.18,0.15,0.54,13.51,0.33,0.58,0.18,0.46,91581640,0,0,-0.167951773,-0.047169811,-0.101214575,-0.153846154,-0.029411765,0.309871625,0.026315789,-0.8,-0.469845722,0.018518519,-0.030318977,-0.130434783,1,-0.444444444,1.066666667,0.006686478,-0.038461538,0.125,0.75,-0.382352941,1.178310332,0,0
0,2015,4.465,1.08,0.07,0.38,1.2,0.15,44.85,0.42,0.17,6.65,0.64,6.80372,0.02,0.04,0.09,0.23,13.66,0.2,0.84,0.08,0.44,26632714,0,0,0,0,0,0,0,1,0,4.497,1.06,0.07,0.38,1.24,0.14,45.73,0.44,0.12,11.55,0.62,6.543438,0.02,0.13,0.07,0.69,13.59,0.19,0.81,0.13,0.36,74576702,0,0,1,5.877,1.06,0.07,0.38,1.15,0.18,39.86,0.46,0.1,1.73,0.64,6.836651,0.01,0.13,0.07,0.56,13.46,0.23,0.87,0.1,0.33,61590319,0,0,-0.007115855,0.018867925,-0.032258065,0.071428571,0.041666667,-0.019243385,-0.045454545,0.416666667,-0.424242424,0.032258065,0.03977756,0,-0.692307692,0.285714286,-0.666666667,0.005150846,0.052631579,0.037037037,-0.384615385,0.222222222,-0.64288158,0,0
0,2020,0.046,-0.7,0.06,0.26,1.4,0.99,44.19,0.42,-0.27,63.94,0.41,4.95035,0.19,0,-0.36,0,11.68,0.74,0.72,-0.01,-0.49,-15473,0,1,1,0,0,0,0,0,0,0.072,-0.36,0.06,0.26,1.48,1.08,53.14,0.42,-0.2,34.23,0.45,4.77622,0.2,-0.07,-0.3,-0.09,11.6,0.72,0.68,-0.02,-0.41,-5144464,0,1,0,0.076,0.14,0.06,0.26,1.7,0.73,45.92,0.42,-0.17,49,0.42,4.321343,0.27,0.01,-0.23,0.01,11.56,0.64,0.59,0.01,-0.36,689015,0,0,-0.361111111,0.944444444,-0.054054054,-0.083333333,0.107279693,-0.168423033,0,0.35,0.867952089,-0.088888889,0.036457701,-0.05,-1,0.2,-1,0.006896552,0.027777778,0.058823529,-0.5,0.195121951,-0.996992301,0,0
0,2019,6.621,1.07,0.06,0.32,4.87,0.86,39.91,0.4,0.03,164.12,0.67,14.507673,0.44,0.06,0.08,0.12,13.41,0.52,0.21,0.06,0.15,30184352,0,0,0,0,0,0,0,1,0,6.647,1.09,0.06,0.32,4.03,1.02,49.05,0.4,0.04,159.41,0.62,13.634193,0.4,0.06,0.08,0.11,13.37,0.57,0.25,0.06,0.13,26779007,0,0,1,7.513,1.07,0.06,0.32,4.4,1.22,50.07,0.41,0.03,141.47,0.59,12.877808,0.4,0.04,0.06,0.07,13.29,0.6,0.23,0.04,0.1,17129938,0,0,-0.003911539,-0.018348624,0.208436725,-0.156862745,-0.172932331,-0.186340469,0,-0.25,0.029546453,0.080645161,0.064065398,0.1,0,0,0.090909091,0.002991773,-0.087719298,-0.16,0,0.153846154,0.127164723,0,0
0,2018,2.858,0.99,0.06,0.3,26.18,0.32,33.53,0.7,-0.03,507.51,0.32,0.338685,0.77,-0.01,0,-0.21,10.61,0.03,0.04,-0.01,-0.07,-178855,0,1,1,1,0,0,0,0,0,0.104,0.94,0.06,0.3,24.47,0.32,34.23,0.84,-0.12,558.93,0.39,0.400122,0.77,-0.05,-0.04,-1.52,10.62,0.03,0.04,-0.05,-1.25,-1410054,0,1,0,6.61,1.02,0.06,0.3,20.74,0.32,37.29,0.68,0.05,606.66,0.41,0.424854,0.77,0.05,0.03,1.35,10.67,0.04,0.05,0.05,0.89,1579303,0,0,26.48076923,0.053191489,0.069881488,0,0,-0.020449898,-0.166666667,-0.75,-0.091997209,-0.179487179,-0.153545669,0,-0.8,-1,-0.861842105,-0.00094162,0,0,-0.8,-0.944,-0.87315734,0,0
0,2016,4.543,1.19,0.1,0.46,-17.55,0.43,60.09,0.41,0.11,10.32,0.42,5.795354,0.32,0.12,0.22,0.43,11.73,0.29,-0.06,0.14,0.78,10672564,0,0,0,0,0,0,1,0,0,4.51,1.22,0.1,0.46,2.47,0.58,44.45,0.43,0.1,53.14,0.4,5.619047,0.21,-0.11,0.17,-0.23,11.81,0.46,0.4,0.12,0.38,-9860110,0,0,0,1.079,0.98,0.1,0.46,2.09,0.42,67.24,0.45,-0.01,80.38,0.4,5.761044,0.26,-0.09,0.06,-0.2,12.01,0.47,0.48,0.01,0.14,-10429085,0,0,0.007317073,-0.024590164,-8.105263158,-0.25862069,-0.523809524,0.351856018,-0.046511628,0.1,-0.805796011,0.05,0.031376673,0.523809524,-2.090909091,0.294117647,-2.869565217,-0.00677392,-0.369565217,-1.15,0.166666667,1.052631579,-2.082398067,0,0
0,2010,0.17,0.69,0.19,0.25,2.35,0.32,62.87,0.32,-0.21,46.5,0.5,2.737041,0.25,0.27,-0.13,1.45,11.5,0.19,0.43,-0.2,-0.7,18498050,0,1,0,0,0,0,0,0,0,0.564,0.86,0.19,0.25,2.22,0.02,74.4,0.33,-0.05,0.02,0.6,3.565488,0.28,-0.03,-0.01,-0.12,11.16,0.24,0.45,-0.1,-0.03,-1384697,0,1,0,1.736,0.93,0.19,0.25,1.6,0.02,92.02,0.32,-0.02,0.01,0.69,3.948909,0.2,0.12,0.03,0.35,11.34,0.34,0.63,-0.04,0.1,7070918,0,1,-0.69858156,-0.197674419,0.058558559,15,-0.28125,-0.154973118,-0.03030303,3.2,2324,-0.166666667,-0.232351644,-0.107142857,-10,12,-13.08333333,0.03046595,-0.208333333,-0.044444444,1,22.33333333,-14.35891534,0,0
0,2020,5.174,1.03,0.06,0.19,1.87,0.02,64.7,0.32,0.05,0,0.68,4.406006,0.11,-0.05,0.08,-0.37,12.63,0.15,0.54,0.06,0.5,-11716819,0,0,0,1,1,0,0,0,0,7.562,1.04,0.06,0.19,2.13,0.02,47.39,0.32,0.07,0,0.6,4.255991,0.11,0.02,0.08,0.14,12.66,0.12,0.47,0.04,0.68,3523624,0,0,0,7.927,1,0.06,0.19,1.66,0,49.27,0.37,0.01,0.22,0.44,3.047839,0.07,0.01,0.04,0.12,12.64,0.11,0.6,0.01,0.38,2910054,0,0,-0.315789474,-0.009615385,-0.122065728,0,0.384615385,0.365266934,0,-0.285714286,0,0.133333333,0.03524796,0,-3.5,0,-3.642857143,-0.002369668,0.25,0.14893617,0.5,-0.264705882,-4.325218298,0,0
0,2010,1.895,0.96,0.19,0.19,1.21,1.88,36.69,0.51,-0.01,17.9,0.57,10.56633,0.04,0.09,0.02,0.13,11.88,0.72,0.83,0.08,0.03,9161993,0,0,0,0,0,0,0,0,0,2.209,1,0.19,0.19,1.34,2.76,42.1,0.51,0,22.76,0.65,11.090451,0.08,-0.06,0.04,-0.07,11.79,0.8,0.75,0.09,0.05,-5131993,0,0,0,2.716,0.97,0.19,0.19,1.87,1.62,52.12,0.52,-0.01,19.93,0.63,10.892531,0.18,0,0.05,0,11.64,0.7,0.53,-0.06,0.07,-172000,0,1,-0.142145767,-0.04,-0.097014925,-0.31884058,-0.331632653,-0.128503563,0,-1,-0.213532513,-0.123076923,-0.047258763,-0.5,-2.5,-0.5,-2.857142857,0.007633588,-0.1,0.106666667,-0.111111111,-0.4,-2.785269972,0,0
0,2009,5.224,1.01,0.11,0.23,1.33,0.56,42.17,0.37,0.01,35.03,0.7,26.219699,0.04,-0.09,0.05,-0.2,14.56,0.44,0.75,-0.06,0.11,-131462000,0,1,0,0,0,0,0,0,0,4.579,1.06,0.11,0.23,1.11,0.47,37.66,0.36,0.06,30.35,0.73,26.894041,0.01,0.03,0.08,0.07,14.65,0.4,0.9,0.04,0.19,44988000,0,0,0,4.427,1.29,0.11,0.23,1.28,0.49,31.94,0.35,0.25,42.19,0.76,28.330076,0.03,0,0.21,0,14.62,0.41,0.78,0.17,0.5,0,0,0,0.14086045,-0.047169811,0.198198198,0.191489362,0.161764706,0.119755709,0.027777778,-0.833333333,0.154200988,-0.04109589,-0.02507403,3,-4,-0.375,-3.857142857,-0.006143345,0.1,-0.166666667,-2.5,-0.421052632,-3.92215702,0,0
0,2010,4.558,1.13,0.03,0.3,0.17,0,34.53,0.28,0.07,-3.48,0.58,6.140828,-0.49,0.06,0.13,0.1,12.56,0.59,5.97,0.06,0.23,11851193,1,0,0,0,0,0,1,0,0,4.513,1.24,0.03,0.3,0.37,0,41.76,0.29,0.1,-2.2,0.65,6.495379,-0.3,0.13,0.19,0.27,12.16,0.48,2.69,0.14,0.39,17491063,1,0,0,4.52,1.31,0.03,0.3,0.3,0.01,44.03,0.29,0.1,-1.36,0.67,6.666482,-0.42,0.14,0.19,0.23,12.14,0.6,3.29,0.14,0.32,17678958,1,0,0.009971194,-0.088709677,-0.540540541,0,0.554347826,-0.173132184,-0.034482759,-0.3,0.581818182,-0.107692308,-0.054585114,0.633333333,-0.538461538,-0.315789474,-0.62962963,0.032894737,0.229166667,1.219330855,-0.571428571,-0.41025641,-0.322442953,0,0
0,2010,1.87,0.99,0.1,0.35,2.31,0.44,45.66,0.35,-0.01,0.15,0.32,4.288819,0.14,-0.03,0.11,-0.09,10.96,0.38,0.43,-0.03,0.28,-1365583,0,1,0,0,0,0,0,1,0,5.873,1.1,0.1,0.35,2.73,0.53,44.14,0.35,0.04,0.12,0.33,4.397668,0.24,0.03,0.15,0.06,11.11,0.44,0.37,0.06,0.35,1237155,0,0,1,7.535,1.06,0.1,0.35,1.39,0.58,49.21,0.37,0.03,200.15,0.31,4.274598,0.16,0.02,0.07,0.03,11.48,0.63,0.72,0.02,0.11,1132525,0,0,-0.681593734,-0.1,-0.153846154,-0.169811321,-0.217948718,0.034435886,0,-1.25,0.25,-0.03030303,-0.024751527,-0.416666667,-2,-0.266666667,-2.5,-0.01350135,-0.136363636,0.162162162,-1.5,-0.2,-2.103809143,0,0
0,2019,6.659,1.07,0.07,0.26,1.82,0.79,41.11,0.35,0.05,38.51,0.35,2.411798,0.08,0,0.06,-0.01,11.84,0.5,0.55,0.06,0.11,-384814,0,0,0,1,0,0,0,1,0,4.573,1.15,0.07,0.26,2.1,0.97,44.73,0.35,0.1,65.03,0.38,2.287627,0.11,-0.03,0.09,-0.06,11.94,0.54,0.48,0.09,0.16,-3725259,0,0,1,5.869,1.08,0.07,0.26,2.13,0.84,44.67,0.38,0.06,70.67,0.38,2.175196,0.12,0.01,0.06,0.02,11.94,0.51,0.47,0.06,0.11,1288546,0,0,0.456155696,-0.069565217,-0.133333333,-0.18556701,-0.159663866,-0.080930025,0,-0.5,-0.407811779,-0.078947368,0.054279391,-0.272727273,-1,-0.333333333,-0.833333333,-0.008375209,-0.074074074,0.145833333,-0.333333333,-0.3125,-0.896701411,0,0
0,2021,3.802,0.98,0.04,0.37,5.15,1.85,494.82,0.46,-0.06,41.95,0.69,6.89728,0.23,-0.09,0,-0.14,14.92,0.67,0.19,-0.01,0.01,-194355649,0,1,0,0,0,0,0,1,0,2.93,0.98,0.04,0.37,4.14,1.44,382.53,0.46,-0.08,639.72,0.63,6.28711,0.26,0.11,0,0.18,15.04,0.63,0.24,-0.01,0,270428598,0,1,1,0.914,1,0.04,0.37,3.01,1.68,273.57,0.49,-0.01,70.89,0.64,7.863661,0.16,0,0.01,0,14.76,0.66,0.33,0,0.01,0,0,1,0.297610922,0,0.243961353,0.284722222,0.209580838,0.293545604,0,-0.25,-0.934424436,0.095238095,0.09705095,-0.115384615,-1.818181818,0,-1.777777778,-0.007978723,0.063492063,-0.208333333,0,1,-1.718694881,0,0
0,2020,2.817,0.69,0.47,0.14,5.3,0.02,46.25,0.43,-0.08,0.01,0.7,7.574212,0.53,-0.89,-0.24,-6.45,11.21,0.14,0.19,0.18,-1.73,-45757983,0,0,0,0,0,0,0,1,0,5.033,1.06,0.47,0.14,10.79,0.01,52.91,0.37,0.03,0.01,0.73,8.128203,0.71,0.13,0.1,1.48,11.86,0.09,0.09,0.29,1.12,12415284,0,0,1,0.712,0.94,0.47,0.14,15.27,0,50.9,0.4,-0.03,0.01,0.7,7.560392,0.7,-0.13,-0.01,-2.49,11.68,0.05,0.07,0.18,-0.23,-10901685,0,0,-0.440294059,-0.349056604,-0.508804449,1,0.777777778,-0.125874126,0.162162162,-3.666666667,0,-0.04109589,-0.068156639,-0.253521127,-7.846153846,-3.4,-5.358108108,-0.054806071,0.555555556,1.111111111,-0.379310345,-2.544642857,-4.685617099,0,0
0,2013,0.015,-0.6,0.06,0.3,4.45,0.16,44.25,0.42,-0.96,10.26,0.19,0.028,0.43,-0.01,-1.16,-0.03,11.24,0.24,0.22,-0.07,-4.79,-416649,0,1,1,0,0,0,0,0,0,0.037,-0.32,0.06,0.3,4.38,0.16,66.95,0.42,-0.65,8.78,0.09,0.0136,0.4,0.04,-0.95,0.15,11.25,0.24,0.23,0.09,-3.94,1987565,0,0,0,0.022,-0.46,0.06,0.3,3.66,0.16,47.8,0.42,-0.76,9.12,0.05,0.0137,0.34,0,-1.04,0,11.21,0.25,0.27,0.18,-4.19,23385,0,0,-0.594594595,0.875,0.015981735,0,0,-0.339058999,0,0.476923077,0.16856492,1.111111111,1.058823529,0.075,-1.25,0.221052632,-1.2,-0.000888889,0,-0.043478261,-1.777777778,0.215736041,-1.209627861,0,0
0,2021,4.437,1.19,0.08,0.36,1.36,1.22,9.99,0.37,0.18,214.06,0.7,26.546005,0.07,0.06,0.08,0.1,15.08,0.64,0.74,0.12,0.13,155113794,0,0,0,0,0,0,0,0,1,4.452,1.16,0.08,0.36,1.26,1.08,26.71,0.4,0.14,204.86,0.7,23.078845,0.06,0.01,0.08,0.02,14.85,0.62,0.79,0.07,0.12,26411050,0,0,1,4.465,1.23,0.08,0.36,1.37,0.61,40.13,0.38,0.19,119.71,0.73,23.846829,0.07,0.01,0.13,0.01,14.51,0.49,0.73,0.15,0.27,8914701,0,0,-0.003369272,0.025862069,0.079365079,0.12962963,0.066666667,-0.625982778,-0.075,0.285714286,0.044908718,0,0.150231088,0.166666667,5,0,4,0.015488215,0.032258065,-0.063291139,0.714285714,0.083333333,4.873064267,0,0
0,2021,5.861,1.1,0.07,0.26,2.2,0.01,231.57,0.24,0.23,0.01,0.65,9.259165,0.03,0.11,0.11,3.42,13.93,0.03,0.45,0.11,3.36,85487370,0,0,0,0,0,0,1,0,0,7.181,1.07,0.07,0.26,4.73,0.02,267.15,0.26,0.16,0.01,0.59,7.947209,0.06,0.1,0.08,2.54,13.81,0.04,0.21,0.1,2.14,66503778,0,0,0,6.58,1.1,0.07,0.26,17.77,0,226.92,0.23,0.21,0.01,0.61,8.531741,0.07,0.11,0.12,19.85,13.68,0.01,0.06,0.11,22.74,63883035,0,0,-0.18381841,0.028037383,-0.534883721,-0.5,-0.25,-0.133183605,-0.076923077,0.4375,0,0.101694915,0.165083868,-0.5,0.1,0.375,0.346456693,0.008689356,-0.25,1.142857143,0.1,0.570093458,0.285451332,0,0
0,2013,0.161,0.5,0.02,0.56,2.01,4.67,33.38,0.51,-0.06,6.07,0.17,1.291031,0.18,-0.19,-0.03,-0.22,9.82,0.85,0.5,0.02,-0.03,-2393842,0,0,0,1,1,0,0,0,0,4.495,1.61,0.02,0.56,4.26,2.11,52.39,0.43,0.14,38.88,0.19,1.402115,0.39,0.33,0.2,0.46,9.98,0.72,0.23,0.21,0.28,4959705,0,0,0,5.802,0.33,0.02,0.56,1.93,-13.73,24.85,0.42,0.03,49.87,0.23,1.35703,0.16,-0.02,0.08,-0.02,9.65,1.07,0.52,0.05,0.08,-223047,0,0,-0.964182425,-0.689440994,-0.528169014,1.213270142,1.311023622,-0.362855507,0.186046512,-1.428571429,-0.843878601,-0.105263158,-0.079226026,-0.538461538,-1.575757576,-1.15,-1.47826087,-0.016032064,0.180555556,1.173913043,-0.904761905,-1.107142857,-1.482658142,0,0
0,2010,7.86,1.09,0.06,0.3,2.28,0.56,50.86,0.36,0.06,32.45,0.43,5.337331,0.14,0.11,0.09,0.25,12.49,0.42,0.44,0.07,0.21,19726182,0,0,0,0,0,0,0,0,0,4.878,1.01,0.06,0.3,0.73,0.17,53.92,0.38,0,-37.42,0.43,5.14811,-0.05,0.04,0.06,0.13,12.07,0.29,1.37,0.01,0.21,4551396,0,0,0,4.946,1.06,0.06,0.3,1.6,0.14,60.93,0.37,0.03,0.28,0.41,4.967944,0.1,0.05,0.12,0.17,12,0.28,0.63,0.05,0.43,5435935,0,0,0.611316113,0.079207921,2.123287671,2.294117647,0.804878049,-0.056750742,-0.052631579,6,-1.867183324,0,0.036755431,-3.8,1.75,0.5,0.923076923,0.034797017,0.448275862,-0.678832117,6,0,3.334094858,0,0
0,2021,7.224,1.04,0.07,0.3,4.67,3.26,59.5,0.45,0.02,27.49,0.4,8.829107,0.42,0.07,0.04,0.09,13.43,0.79,0.21,0.09,0.04,33465958,0,0,0,0,0,0,0,1,0,8.165,1.03,0.07,0.3,6.06,5.08,42.18,0.45,0.01,35.17,0.34,6.928167,0.41,-0.7,0.03,-0.82,13.33,0.85,0.17,0.15,0.03,-298628501,0,0,1,3.524,1,0.07,0.3,10.24,0.32,41.53,0.45,-0.01,29.44,0.41,6.05114,0.49,0.03,0.02,0.48,13.22,0.05,0.1,0.03,0.47,9661950,0,0,-0.11524801,0.009708738,-0.229372937,-0.358267717,-0.320855615,0.410621147,0,1,-0.218367927,0.176470588,0.27437849,0.024390244,-1.1,0.333333333,-1.109756098,0.007501875,-0.070588235,0.235294118,-0.4,0.333333333,-1.112065519,0,0
0,2018,2.368,0.92,0.37,0.31,2.45,0.53,51.8,0.36,-0.04,69.35,0.3,2.092121,0.25,0.02,0.01,0.04,11.54,0.46,0.41,0.02,0.03,1219722,0,0,0,0,0,0,0,0,1,1.541,0.88,0.37,0.31,2.91,0.56,56.54,0.39,-0.07,101.74,0.34,2.100325,0.32,0.03,0,0.07,11.52,0.46,0.34,0.03,0,2142094,0,0,1,1.324,0.98,0.37,0.31,2.15,0.6,52.43,0.38,-0.01,138.78,0.36,2.294651,0.27,0.05,0.05,0.1,11.57,0.52,0.47,0.04,0.1,3695361,0,0,0.536664504,0.045454545,-0.158075601,-0.053571429,-0.034482759,-0.083834453,-0.076923077,-0.428571429,-0.318360527,-0.117647059,-0.003906062,-0.21875,-0.333333333,1,-0.428571429,0.001736111,0,0.205882353,-0.333333333,3,-0.430593615,0,0
0,2015,4.496,1.45,0.34,0.25,2.13,0.37,53.29,0.27,0.36,42.88,0.59,14.558845,0.12,0.03,0.32,0.08,13.3,0.35,0.47,0.07,0.91,11093342,0,0,0,0,0,0,0,1,0,4.506,1.48,0.34,0.25,2.07,0.4,58.15,0.26,0.39,35.85,0.62,14.501862,0.13,0.02,0.33,0.06,13.28,0.37,0.48,0.07,0.88,8313744,0,0,1,4.528,1.38,0.34,0.25,1.73,0.38,55.62,0.32,0.31,32.58,0.55,11.808667,0.1,0.1,0.27,0.27,13.26,0.37,0.58,0.08,0.71,40560581,0,0,-0.002219263,-0.02027027,0.028985507,-0.075,-0.068965517,-0.083576956,0.038461538,-0.076923077,0.19609484,-0.048387097,0.003929357,-0.076923077,0.5,-0.03030303,0.333333333,0.001506024,-0.054054054,-0.020833333,0,0.034090909,0.334337694,0,0
0,2009,4.568,2.09,0.06,0.3,6.47,0.71,47.44,0.17,0.25,55.68,0.43,0.166841,0.52,0.22,0.65,0.47,8.87,0.47,0.15,0.58,1.39,1093098,0,0,0,0,1,0,0,0,0,5.818,2.13,0.06,0.3,1.59,0.31,48.61,0.21,0.22,25.8,0.34,0.15407,0.21,-0.06,0.65,-0.11,8.4,0.5,0.63,0.56,1.28,-175735,0,0,0,4.523,2.15,0.06,0.3,3.32,0.21,50.7,0.21,0.27,35.1,0.29,0.179841,0.46,0.2,0.88,0.59,8.21,0.34,0.3,0.79,2.6,508125,0,0,-0.214850464,-0.018779343,3.06918239,1.290322581,-0.12745098,-0.024069122,-0.19047619,0.136363636,1.158139535,0.264705882,0.082890894,1.476190476,-4.666666667,0,-5.272727273,0.055952381,-0.06,-0.761904762,0.035714286,0.0859375,-7.220149657,0,0
0,2011,4.25,0.83,0.25,0.19,0.24,0,48.69,0.52,-0.07,0.03,0.52,5.164687,-0.2,-0.24,-0.06,-0.89,11.4,0.26,4.19,-0.06,-0.23,-14611169,0,1,0,0,0,0,0,0,1,1.781,0.95,0.25,0.19,1.16,0,47.22,0.4,-0.03,0.13,0.53,5.183989,0.03,0.01,0.01,0.07,11.57,0.18,0.86,0.01,0.06,981025,0,0,1,0.682,0.91,0.25,0.19,1.15,0,53.55,0.44,-0.05,0.01,0.56,5.202593,0.02,-0.02,-0.01,-0.16,11.51,0.15,0.87,-0.01,-0.06,-1662891,0,1,1.386299832,-0.126315789,-0.793103448,0,0.565217391,0.031130877,0.3,1.333333333,-0.769230769,-0.018867925,-0.003723388,-7.666666667,-25,-7,-13.71428571,-0.014693172,0.444444444,3.872093023,-7,-4.833333333,-15.89377845,0,0
0,2009,5.794,1.46,0.06,0.3,2.72,0.6,39.21,0.29,0.2,-2.81,0.66,5.109886,0.12,-0.01,0.34,-0.01,11.79,0.42,0.37,0.28,0.81,-488188,1,0,0,0,1,0,1,0,0,5.425,1.07,0.06,0.3,3.06,0.69,51.37,0.36,0.03,-5.38,0.62,4.947027,0.13,-1.43,0.11,-3.2,11.84,0.45,0.33,0.05,0.24,-138633823,1,0,0,6.663,1.08,0.06,0.3,3.48,-0.53,47.24,0.34,0.13,4.9,0.63,4.847985,0.15,0.13,0.21,1279817500,11.84,-0.99,0.29,0.16,2029898900,12798175,1,0,0.068018433,0.364485981,-0.111111111,-0.130434783,-0.098765432,-0.236714035,-0.194444444,5.666666667,-0.477695167,0.064516129,0.03292058,-0.076923077,-0.993006993,2.090909091,-0.996875,-0.004222973,-0.066666667,0.121212121,4.6,2.375,-0.996478579,0,1
0,2008,1.452,1.38,0.05,0.47,1.04,-2.65,54.01,0.51,-0.1,31.71,0.49,5.377179,0.02,-0.13,-0.08,-0.09,11.35,1.36,0.96,0.03,-0.06,-7428104,0,0,0,0,0,0,0,0,0,0.187,1.62,0.05,0.47,0.87,-3.25,59.99,0.5,-0.12,31.17,0.47,5.223088,-0.06,0.05,-0.08,0.04,11.36,1.23,1.16,0,-0.06,2856965,1,1,0,0.165,1.52,0.05,0.47,1.06,-3.24,51.83,0.5,-0.13,39.84,0.45,5.272674,0.02,0,-0.07,0,11.35,1.28,0.95,-0.05,-0.06,0,0,1,6.764705882,-0.148148148,0.195402299,-0.184615385,-0.289473684,-0.099683281,0.02,-0.166666667,0.01732435,0.042553191,0.029501896,-1.333333333,-3.6,0,-3.25,-0.000880282,0.105691057,-0.172413793,3,0,-3.59999825,0,0
0,2018,2.898,0.29,0.03,0.23,1.91,4.15,74.06,0.42,-0.06,0.46,0.61,29.595262,0.22,-0.08,-0.07,-0.09,13.76,0.85,0.52,-0.08,-0.08,-50813817,0,1,0,0,0,0,0,0,0,4.612,1.11,0.03,0.23,1.72,0.21,62.42,0.42,0.02,0,0.76,11.798307,0.23,9.12e-06,0.12,2.06e-05,12.85,0.44,0.58,9.12e-06,0.27,2418,0,0,0,4.459,2.23,0.03,0.23,2.36,0.21,56.14,0.42,0.29,0,0.79,9.58802,0.28,-2.15,0.86,-6.18,12.69,0.35,0.42,-2.15,2.48,-485871212,0,1,-0.371639202,-0.738738739,0.110465116,18.76190476,6.329113924,0.186478693,0,-4,46,-0.197368421,1.508432947,-0.043478261,-8772.929825,-1.583333333,-4369.932039,0.070817121,0.931818182,-0.103448276,-8772.929825,-1.296296296,-21015.81266,0,0
0,2020,4.447,1.72,0.46,0.11,2.76,0.14,65.08,0.18,0.33,151.97,0.23,0.341882,0.44,0.14,0.5,0.41,10.79,0.34,0.36,0.6,1.46,4727726,0,0,0,0,1,0,0,0,0,4.441,1.94,0.46,0.11,2.78,0.2,56.46,0.16,0.32,65.79,0.28,0.408886,0.37,0.11,0.65,0.32,10.55,0.34,0.36,0.69,1.92,2847699,0,0,0,4.437,1.98,0.46,0.11,2.63,0.31,49.06,0.17,0.3,55.87,0.27,0.35162,0.33,0.17,0.63,0.44,10.45,0.39,0.38,0.7,1.61,4100640,0,0,0.001351047,-0.113402062,-0.007194245,-0.3,0,0.15267446,0.125,0.03125,1.309925521,-0.178571429,-0.163869636,0.189189189,0.272727273,-0.230769231,0.28125,0.022748815,0,0,-0.130434783,-0.239583333,0.660191614,0,0
0,2020,2.349,0.91,0.02,0.45,2.32,1.04,31.17,0.47,-0.06,226.85,0.31,2.601304,0.24,0.06,0.01,0.11,12.36,0.6,0.43,0.06,0.01,10540371,0,0,0,0,0,0,0,0,1,3.869,0.94,0.02,0.45,2.99,1.3,34.74,0.46,-0.03,118.94,0.39,2.555619,0.21,0.04,0.02,0.06,12.21,0.61,0.33,0.04,0.04,5288414,0,0,1,2.291,0.84,0.02,0.45,3.12,1.26,38.52,0.48,-0.09,102.99,0.48,2.842518,0.22,-0.06,-0.01,-0.1,12.08,0.6,0.32,0.02,-0.02,-7697243,0,0,-0.392866374,-0.031914894,-0.224080268,-0.2,-0.038216561,-0.102763385,0.02173913,1,0.907264167,-0.205128205,0.017876295,0.142857143,0.5,-0.5,0.833333333,0.012285012,-0.016393443,0.303030303,0.5,-0.75,0.993106251,0,0
0,2018,2.328,1.12,0.15,0.29,0.9,-2.98,33.74,0.45,-0.03,27.58,0.68,4.051054,-0.03,0.26,0.04,0.19,11.52,1.36,1.11,0.02,0.03,18315894,0,0,0,0,0,0,0,0,0,0.181,1.13,0.15,0.29,0.75,-2.04,31.02,0.56,-0.07,32.49,0.33,3.773989,-0.08,0.3,0.02,0.18,11.47,1.65,1.34,-0.04,0.01,20182461,0,1,0,0.083,1.23,0.15,0.29,0.87,-1.69,38.54,0.66,-0.22,24.11,0.28,4.044147,-0.04,-0.23,-0.13,-0.11,11.39,2.03,1.15,-0.19,-0.07,-14173309,0,1,11.86187845,-0.008849558,0.2,0.460784314,0.494117647,0.087685364,-0.196428571,-0.571428571,-0.151123423,1.060606061,0.073414363,-0.625,-0.133333333,1,0.055555556,0.004359198,-0.175757576,-0.171641791,-1.5,2,-0.092484608,0,0
0,2017,0.161,0.86,0.01,0.26,2.78,2.58,39.35,0.42,-0.07,158.22,0.37,3.883167,0.21,-0.02,0.03,-0.02,12.5,0.75,0.36,0,0.04,-3303956,0,1,1,0,0,0,0,0,1,0.12,0.82,0.01,0.26,3.89,2.44,38.7,0.4,-0.09,139.65,0.32,3.764189,0.23,-0.03,0.02,-0.04,12.49,0.73,0.26,-0.02,0.03,-4829127,0,1,1,2.357,0.83,0.01,0.26,5.39,1.68,44.31,0.42,-0.1,89.73,0.34,4.080551,0.24,0.04,-0.01,0.06,12.3,0.65,0.19,0.02,-0.01,6003428,0,0,0.341666667,0.048780488,-0.285347044,0.057377049,0.120879121,0.016795866,0.05,-0.222222222,0.132975295,0.15625,0.031607871,-0.086956522,-0.333333333,0.5,-0.5,0.000800641,0.02739726,0.384615385,-1,0.333333333,-0.315827478,0,0
0,2018,6.767,1.04,0.16,0.37,0.76,0.32,51.1,0.32,0.01,30.67,0.28,2.802129,-0.12,-0.16,0.08,-0.33,10.63,0.49,1.31,-0.16,0.17,-4623639,1,1,0,0,0,0,0,0,1,4.565,1.47,0.16,0.37,1.04,0,47.82,0.29,0.18,64.68,0.29,2.896957,0.02,0.15,0.33,0.35,10.79,0.43,0.96,0.15,0.75,5196754,0,0,1,7.133,1.22,0.16,0.37,0.71,0.32,32,0.31,0.07,68.25,0.3,2.852088,-0.17,0.02,0.15,0.03,10.76,0.57,1.42,0.02,0.26,590390,1,0,0.482365827,-0.292517007,-0.269230769,32,0.25974026,0.068590548,0.103448276,-0.944444444,-0.525819419,-0.034482759,-0.032733658,-7,-2.066666667,-0.757575758,-1.942857143,-0.014828545,0.139534884,0.364583333,-2.066666667,-0.773333333,-1.889716735,0,0
0,2009,1.544,0.92,0.28,0.42,2.9,0.59,53.41,0.43,-0.06,95.97,0.5,2.10689,0.23,0.02,0.05,0.04,12.07,0.45,0.34,0.02,0.11,2307861,1,0,0,1,0,0,1,0,0,2.319,0.93,0.28,0.42,3.11,0.64,66.01,0.44,-0.06,84.97,0.46,1.837535,0.22,0.01,0.04,0.03,12.05,0.45,0.32,0.01,0.1,1375877,1,0,0,4.283,0.98,0.28,0.42,2.79,0.68,63.44,0.44,-0.02,76.71,0.52,1.743095,0.18,0,0.04,0,12.04,0.46,0.36,0.04,0.09,0,1,0,-0.334195774,-0.010752688,-0.067524116,-0.078125,-0.036144578,-0.19088017,-0.022727273,0,0.129457456,0.086956522,0.146584963,0.045454545,1,0.25,0.333333333,0.001659751,0,0.0625,1,0.1,0.677374504,0,0
0,2015,2.905,0.94,0.03,0.44,2.29,0.92,44.72,0.59,-0.06,65.24,0.36,1.896025,0.1,-0.01,0.03,-0.03,12.28,0.52,0.44,-0.02,0.06,-2253660,0,1,0,0,0,0,0,0,0,1.448,0.94,0.03,0.44,2.54,0.92,41.1,0.6,-0.06,87.26,0.3,1.708084,0.11,-0.01,0.02,-0.02,12.31,0.52,0.39,-0.01,0.04,-1486948,0,1,0,3.638,0.98,0.03,0.44,1.93,0.92,46.8,0.61,-0.02,83.95,0.31,1.631215,0.08,0.02,0.01,0.04,12.34,0.52,0.52,0.01,0.01,3004560,0,0,1.00621547,0,-0.098425197,0,0.018867925,0.088077859,-0.016666667,0,-0.252349301,0.2,0.110030303,-0.090909091,0,0.5,0.5,-0.002437043,0,0.128205128,1,0.5,0.515627984,0,0
0,2021,4.473,1.09,0.06,0.39,2.22,-0.86,45.19,0.3,0.22,0.1,0.27,3.594267,0.23,0.43,0.59,2550217600,11.35,-4.78,0.45,0.45,3508531200,25502176,0,0,0,0,1,0,0,0,0,4.503,1.06,0.06,0.39,0.77,-0.9,40.09,0.32,0.14,0.79,0.26,3.542094,-0.11,0.23,0.41,1403012800,11.37,-4.23,1.29,0.32,2482689800,14030128,1,0,0,5.782,1.05,0.06,0.39,3.01,-0.8,54.79,0.32,0.11,0.07,0.32,4.187161,0.28,0.18,0.31,1280164000,11.53,-3.27,0.33,0.24,2182389400,12801640,0,0,-0.006662225,0.028301887,1.883116883,-0.044444444,0.024691358,0.127213769,-0.0625,0.571428571,-0.873417722,0.038461538,0.014729423,-3.090909091,0.869565217,0.43902439,0.817672369,-0.001759015,0.130023641,-0.651162791,0.40625,0.413197573,0.817672369,1,1
0,2020,1.483,0.96,0.04,0.2,1.94,0.84,39.37,0.33,-0.05,127.22,0.49,38.333673,0.13,-0.01,0.01,-0.01,15.1,0.53,0.52,0.03,0.02,-18977463,0,0,0,0,0,0,0,1,0,4.589,1.06,0.04,0.2,2.15,0.72,47.51,0.32,0.07,55.33,0.59,36.415117,0.11,0.04,0.06,0.09,15,0.47,0.46,0.04,0.12,99148594,0,0,1,0.109,0.77,0.04,0.2,1.85,0.7,35.64,0.32,-0.26,38.81,0.6,33.694022,0.07,0.05,-0.09,0.11,14.89,0.46,0.54,0.05,-0.2,104706155,0,0,-0.676835912,-0.094339623,-0.097674419,0.166666667,0.269662921,-0.171332351,0.03125,-1.714285714,1.299295138,-0.169491525,0.052685702,0.181818182,-1.25,-0.833333333,-1.111111111,0.006666667,0.127659574,0.130434783,-0.25,-0.833333333,-1.191404257,0,0
0,2009,5.871,1.19,0.12,0.15,2.07,0.03,42.72,0.37,0.13,-4.24,0.75,22.546987,0.11,0.2,0.25,1.56,12.93,0.13,0.48,0.18,1.94,57645397,0,0,0,0,1,0,0,0,0,5.814,1.29,0.12,0.15,0.98,0.15,54.62,0.36,0.16,33.24,0.74,18.50318,-0.01,0,0.26,0,13.03,0.4,1.02,0.2,0.65,242867,1,0,0,6.653,1.16,0.12,0.15,2.89,0.28,65.15,0.32,0.13,19.8,0.73,9.575525,0.17,0.35,0.24,1.22,12.86,0.29,0.35,0.13,0.84,93678864,0,0,0.009803922,-0.07751938,1.112244898,-0.8,-0.772727273,-0.217868912,0.027777778,-0.1875,-1.12755716,0.013513514,0.218546596,-12,20,-0.038461538,156,-0.007674597,-0.675,-0.529411765,-0.1,1.984615385,236.3537656,0,0
0,2012,6.669,1.08,0.06,0.3,-1.57,0.32,34,0.39,0.06,0,0.05,0.657642,0.29,0.18,0.14,393160300,10.37,-0.11,-0.64,0.16,319483700,3931603,0,0,0,0,0,0,0,0,0,7.876,1.06,0.06,0.3,8.35,0.32,33.44,0.39,0.04,0,0.08,0.753473,0.14,0.16,0.11,8.05,10.32,0.02,0.12,0.16,5.44,3340119,0,0,0,3.124,0.99,0.06,0.3,0.95,0.32,32.33,0.31,-0.01,0,0.11,0.699107,-0.01,0.11,0.04,0.61,10.32,0.17,1.05,0.1,0.24,2247582,1,0,-0.153250381,0.018867925,-1.188023952,0,-6,0.016746411,0,0.5,0,-0.375,-0.127185712,1.071428571,0.125,0.272727273,48839787.82,0.004844961,-6.5,-6.333333333,0,58728620.32,0.177084709,0,0
0,2021,3.271,1.28,0.15,0.4,-6.12,0,53.92,0.3,-0.12,0.01,0.28,0.819591,-9402076100,-158167700,-38933200,-0.12,-11.15,1326590400,-0.16,-158168100,-0.03,-1581677,1,1,0,0,0,0,0,0,0,2.356,1.44,0.15,0.4,-6.22,0,56.49,0.32,-0.2,0.01,0.22,0.562875,-8825130900,209751500,-384500000,0.17,-11.15,1225655600,-0.16,209751700,-0.31,2097515,1,0,0,4.051,1.2,0.15,0.4,-3.65,0,55.21,0.31,-0.1,0,0.25,0.57608,-2061198800,0,-192829000,0,-11.15,445501600,-0.27,-382659000,-0.43,0,1,1,0.388370119,-0.111111111,-0.01607717,0,-0.024691358,-0.045494778,-0.0625,-0.4,0,0.272727273,0.456079947,0.065375257,-1.754071842,-0.898743303,-1.705882353,0,0.082351682,0,-1.75407303,-0.903225806,-1.754071842,0,0
0,2013,4.521,1.11,0.07,0.19,3.24,0.87,48.51,0.42,0.05,124.24,0.64,21.123185,0.32,0.2,0.1,0.37,13.57,0.54,0.31,0.06,0.18,108753986,0,0,0,0,0,1,0,0,0,6.671,1.2,0.07,0.19,3.21,2.14,41.05,0.42,0.06,133.26,0.63,20.869127,0.33,0.08,0.1,0.11,13.53,0.73,0.31,0.08,0.14,43210386,0,0,0,4.545,1.64,0.07,0.19,3.03,3.19,34.09,0.35,0.12,129.43,0.63,20.476742,0.32,0.06,0.17,0.08,13.47,0.8,0.33,0.14,0.22,30566112,0,0,-0.322290511,-0.075,0.009345794,-0.593457944,-0.56133829,0.181729598,0,-0.166666667,-0.067687228,0.015873016,0.012173868,-0.03030303,1.5,0,2.363636364,0.002956393,-0.260273973,0,-0.25,0.285714286,1.516848287,0,0
0,2014,4.815,1.05,0.06,0.31,2.91,0.08,103.54,0.47,0.03,1.08,0.49,1.878545,0.29,0.1,0.1,0.48,10.92,0.21,0.34,0.12,0.45,3951575,0,0,0,0,0,0,0,1,0,7.551,1.15,0.06,0.31,2.37,0.21,98.51,0.46,0.07,1.04,0.54,2.173883,0.26,0.2,0.13,0.6,10.95,0.33,0.42,0.11,0.4,7851886,0,0,1,6.647,1.18,0.06,0.31,2.18,0.71,83.3,0.48,0.06,0.32,0.55,2.051459,0.19,0.14,0.12,0.27,10.9,0.51,0.46,0.1,0.24,5169378,0,0,-0.362336114,-0.086956522,0.227848101,-0.619047619,-0.46,0.051060806,0.02173913,-0.571428571,0.038461538,-0.092592593,-0.135857358,0.115384615,-0.5,-0.230769231,-0.2,-0.002739726,-0.363636364,-0.19047619,0.090909091,0.125,-0.496735561,0,0
0,2014,0.046,0.27,0.12,0.31,2.44,0,42.72,0.4,-0.25,0.68,0.42,13.57998,0.23,-0.36,-0.44,-2.24,11.87,0.16,0.41,-0.59,-2.73,-36092525,0,1,0,0,0,0,0,0,0,0.079,0.71,0.12,0.31,2.44,0,44.09,0.42,-0.15,0.47,0.44,13.572152,0.16,0.01,-0.14,0.08,12.17,0.11,0.41,-0.23,-1.22,1163403,0,1,0,1.532,0.86,0.12,0.31,2.57,0,67.03,0.4,-0.07,5.11,0.47,13.971076,0.24,0.99,0,6.31,12.22,0.16,0.39,-0.13,0.02,138674988,0,1,-0.417721519,-0.61971831,0,0,0.461538462,-0.031072806,-0.047619048,0.666666667,0.446808511,-0.045454545,0.000576769,0.4375,-37,2.142857143,-29,-0.024650781,0.454545455,0,1.565217391,1.237704918,-32.02323528,0,0
0,2012,2.83,0.77,0.08,0.26,1.38,0.63,66.01,0.53,-0.12,23.46,0.5,5.544091,0.08,0,-0.07,-0.01,11.56,0.51,0.73,-0.01,-0.14,-288333,0,1,0,0,0,0,0,0,0,2.287,0.74,0.08,0.26,1.41,0.66,59.14,0.52,-0.13,23.91,0.49,5.334101,0.07,-0.05,-0.08,-0.09,11.56,0.5,0.71,-0.05,-0.16,-3310670,0,1,0,2.849,0.83,0.08,0.26,1.76,0.61,59.85,0.5,-0.1,29.07,0.5,5.339277,0.11,-0.01,-0.05,-0.02,11.59,0.47,0.57,-0.01,-0.1,-859744,0,1,0.237428946,0.040540541,-0.021276596,-0.045454545,0.009803922,0.116165032,0.019230769,-0.076923077,-0.018820577,0.020408163,0.039367459,0.142857143,-1,-0.125,-0.888888889,0,0.02,0.028169014,-0.8,-0.125,-0.912907961,0,0
0,2018,7.324,1.03,0.14,0.35,1.57,0.32,303.42,0.46,0.02,29.92,0.22,1.316577,0.2,0.01,0.06,0.02,10.74,0.34,0.64,0.01,0.16,212973,0,0,0,1,0,0,0,0,0,1.581,0.94,0.14,0.35,2.29,0.32,117.46,0.59,-0.05,5.7,0.17,1.311775,0.24,-0.07,-0.01,-0.4,10.51,0.19,0.44,-0.07,-0.07,-1900421,0,1,0,0.991,0.92,0.14,0.35,4.47,0.32,131.94,0.6,-0.08,18.44,0.16,1.596356,0.37,-0.06,-0.04,-0.58,10.51,0.11,0.22,-0.06,-0.36,-1583829,0,1,3.632511069,0.095744681,-0.31441048,0,1.260869565,1.583177252,-0.220338983,-1.4,4.249122807,0.294117647,0.003660689,-0.166666667,-1.142857143,-7,-1.05,0.02188392,0.789473684,0.454545455,-1.142857143,-3.285714286,-1.112066221,0,0
0,2018,4.529,1.2,0.03,0.33,5.6,0.6,39.96,0.42,0.08,55.48,0.65,12.30325,0.65,0.04,0.14,0.08,12.9,0.46,0.18,0.14,0.29,9908625,0,0,0,0,0,0,0,0,0,4.492,1.27,0.03,0.33,-1.32,0.66,40.4,0.42,0.11,62.28,0.63,11.455376,1.14,0.08,0.3,0.78,12.31,0.1,-0.76,0.27,3,12114722,0,0,0,4.467,1.33,0.03,0.33,4.66,0.64,36.79,0.42,0.13,63.72,0.64,10.840455,0.63,0.04,0.21,0.07,12.8,0.5,0.21,0.16,0.42,9129727,0,0,0.008236866,-0.05511811,-5.242424242,-0.090909091,6.818181818,-0.010891089,0,-0.272727273,-0.109184329,0.031746032,0.074015379,-0.429824561,-0.5,-0.533333333,-0.897435897,0.047928513,3.6,-1.236842105,-0.481481481,-0.903333333,-0.182100505,0,0
0,2016,0.092,0.91,0.05,0.23,1.74,-0.55,41.61,0.57,-0.12,-0.92,0.59,10.807543,0.11,0.05,-0.08,712116800,12.32,-0.89,0.58,0.05,-1186897800,7121168,0,0,0,0,0,0,1,0,0,0.126,0.93,0.05,0.23,1.76,-0.54,38.63,0.56,-0.08,-0.7,0.71,10.747883,0.1,0.08,-0.02,1140769900,12.29,-0.89,0.57,0.07,-291719200,11407699,0,0,0,0.112,0.92,0.05,0.23,1.81,-0.49,40.13,0.55,-0.1,-1.45,0.68,10.472887,0.11,0.11,-0.04,1799544400,12.35,-0.71,0.55,0.11,-574835500,17995444,0,0,-0.26984127,-0.021505376,-0.011363636,0.018518519,0,0.077142118,0.017857143,0.5,0.314285714,-0.169014085,0.005550861,0.1,-0.375,3,-0.375757723,0.002441009,0,0.01754386,-0.285714286,3.068631067,-0.375757723,1,1
0,2019,4.465,1.23,0.03,0.24,2.2,-0.63,43.09,0.27,0.26,0.05,0.67,11.958675,0.16,0.44,0.63,5471627900,12.1,-1.37,0.46,0.55,7893944300,54716279,1,0,0,0,1,0,1,0,0,4.492,1.2,0.03,0.24,2.29,-0.58,45.55,0.28,0.22,0.02,0.62,10.42773,0.16,0.28,0.51,3259547400,12.02,-1.08,0.44,0.43,5921412800,32595474,1,0,0,4.515,1.19,0.03,0.24,2.16,-0.54,42.91,0.29,0.19,0.03,0.57,9.430871,0.15,0.23,0.46,2497998700,11.97,-0.9,0.46,0.38,5051709200,24979987,1,0,-0.006010686,0.025,-0.03930131,0.086206897,0.115384615,-0.054006586,-0.035714286,0.181818182,1.5,0.080645161,0.146814791,0,0.571428571,0.235294118,0.67864652,0.006655574,0.268518519,0.045454545,0.279069767,0.33311839,0.67864652,1,1
0,2008,8.11,1.04,0.09,0.27,2.04,0.37,37.18,0.37,0.03,45.03,0.69,10.590366,0.12,-0.06,0.08,-0.17,12.47,0.35,0.49,-0.05,0.23,-10564051,0,1,1,1,0,0,0,1,0,7.602,1.05,0.09,0.27,1.99,0.33,40.07,0.36,0.04,45.95,0.7,10.562081,0.12,0.03,0.1,0.09,12.53,0.34,0.5,0.04,0.29,5569287,0,0,1,7.129,1.08,0.09,0.27,1.83,0.32,43,0.34,0.06,62.28,0.63,9.558925,0.11,0,0.12,0,12.5,0.35,0.55,0.08,0.36,0,0,0,0.06682452,-0.00952381,0.025125628,0.121212121,0.078431373,-0.072123783,0.027777778,-0.25,-0.020021763,-0.014285714,0.002677976,0,-3,-0.2,-2.888888889,-0.004788508,0.029411765,-0.02,-2.25,-0.206896552,-2.896840834,0,0
0,2021,2.589,0.99,0.13,0.3,1.44,0.38,56.6,0.38,-0.01,36.11,0.69,12.172311,0.11,0.13,0.01,0.29,14.15,0.45,0.69,0.13,0.02,125763284,0,0,0,0,0,0,0,1,0,2.842,0.91,0.13,0.3,1.74,0.52,60.47,0.46,-0.13,28.56,0.62,11.613284,0.14,0.02,-0.03,0.04,13.91,0.47,0.57,0.01,-0.06,12832087,0,0,1,2.833,0.97,0.13,0.3,0.82,0.41,63.18,0.42,-0.04,21.6,0.51,11.695812,-0.03,0.01,0,0.04,13.76,0.4,1.22,0.05,0,9882000,1,0,-0.089021816,0.087912088,-0.172413793,-0.269230769,-0.068181818,-0.063998677,-0.173913043,-0.923076923,0.264355742,0.112903226,0.048136858,-0.214285714,5.5,-1.333333333,6.25,0.017253774,-0.042553191,0.210526316,12,-1.333333333,8.800688228,0,0
0,2013,1.482,0.66,0.02,0.3,0.86,0.15,41.73,0.68,-0.16,5.03,0.44,4.211792,-0.04,-0.01,-0.15,-0.03,11.29,0.41,1.16,-0.09,-0.38,-632905,1,1,0,0,0,0,1,0,0,1.473,0.89,0.02,0.3,1.92,0.61,41.74,0.59,-0.05,9.27,0.41,3.689062,0.1,-0.14,-0.01,-0.32,11.37,0.45,0.52,0.03,-0.03,-8765930,0,0,0,0.088,0.82,0.02,0.3,2.34,0.31,41.19,0.71,-0.13,34,0.39,3.327671,0.15,0.18,-0.09,0.57,11.4,0.32,0.43,-0.03,-0.28,11350867,0,1,0.00610998,-0.258426966,-0.552083333,-0.754098361,-0.148148148,-0.000239578,0.152542373,2.2,-0.457389428,0.073170732,0.141697266,-1.4,-0.928571429,14,-0.90625,-0.00703606,-0.088888889,1.230769231,-4,11.66666667,-0.927799446,0,0
0,2013,0.084,0.62,0.06,0.3,4.15,0.32,85.67,0.93,-0.59,18.96,0.31,0.87861,0.27,0.01,-0.26,0.09,9.41,0.09,0.24,0.06,-2.97,65368,0,0,1,0,0,0,0,0,0,0.163,0.8,0.06,0.3,3.75,0,66.2,0.77,-0.25,33.24,0.27,0.87897,0.21,0.01,-0.1,0.14,9.39,0.08,0.27,0,-1.29,89022,0,0,0,1.451,0.85,0.06,0.3,4.72,0.01,61.51,0.7,-0.18,35.5,0.3,0.86724,0.22,0.05,-0.06,0.7,9.36,0.07,0.21,0.05,-0.84,372235,0,0,-0.484662577,-0.225,0.106666667,32,0.111111111,0.294108761,0.207792208,1.36,-0.429602888,0.148148148,-0.00040957,0.285714286,0,1.6,-0.357142857,0.002129925,0.125,-0.111111111,6,1.302325581,-0.2657096,0,0
0,2015,4.557,1.35,0.02,0.26,2.34,0.01,49.72,0.3,0.21,0.01,0.58,5.913374,0.17,0.25,0.38,1.92,11.92,0.13,0.43,0.31,2.88,26326043,0,0,0,0,0,0,0,0,0,4.579,1.42,0.02,0.26,2.45,0.42,52.52,0.31,0.21,0.02,0.55,5.554791,0.15,-0.01,0.35,-0.02,11.89,0.37,0.41,0.27,0.96,-663464,0,0,0,4.574,1.36,0.02,0.26,2.32,0.45,53.21,0.29,0.21,0.01,0.55,5.015078,0.12,-0.01,0.29,-0.01,11.91,0.37,0.43,0.23,0.8,-564763,0,0,-0.004804542,-0.049295775,-0.044897959,-0.976190476,-0.74137931,-0.053313024,-0.032258065,0,-0.5,0.054545455,0.064553824,0.133333333,-26,0.085714286,-97,0.002523129,-0.648648649,0.048780488,0.148148148,2,-40.67968571,0,0
0,2012,5.813,1.29,0.07,0.27,2.65,0.15,53.69,0.27,0.18,0.01,0.48,5.851271,0.14,0.26,0.23,1.28,12.08,0.2,0.38,0.23,1.14,32387511,0,0,0,0,0,0,1,0,0,6.582,1.32,0.07,0.27,2.9,0.81,54.34,0.28,0.14,0.01,0.52,6.360038,0.15,-0.03,0.19,-0.06,12.13,0.49,0.34,0.17,0.4,-3497958,0,0,0,7.149,1.22,0.07,0.27,2.45,0.77,56.41,0.29,0.1,-0.09,0.54,6.366805,0.13,0.05,0.2,0.1,12.17,0.49,0.41,0.12,0.41,6467993,0,0,-0.116833789,-0.022727273,-0.086206897,-0.814814815,-0.729166667,-0.011961722,-0.035714286,0.285714286,0,-0.076923077,-0.079994333,-0.066666667,-9.666666667,0.210526316,-22.33333333,-0.004122012,-0.591836735,0.117647059,0.352941176,1.85,-10.25897652,0,0
0,2019,1.53,0.56,0.1,0.19,2.15,0.63,77.62,0.45,-0.21,51.38,0.71,25.49478,0.25,0.48,-0.13,0.91,13.73,0.52,0.47,-0.01,-0.24,303451368,0,1,1,0,0,0,1,0,0,0.017,-0.6,0.1,0.19,2.55,0.32,10.24,0.46,-0.17,41.8,0.68,24.657887,0.26,-0.46,-0.08,-0.93,13.69,0.5,0.39,0.04,-0.16,-286542280,0,0,0,0.095,0.64,0.1,0.19,2.09,0.66,56.65,0.47,-0.16,37.15,0.69,24.82387,0.21,0.01,-0.09,0.01,13.65,0.51,0.48,0.01,-0.18,3445723,0,0,89,-1.933333333,-0.156862745,0.96875,0.1,6.580078125,-0.02173913,0.235294118,0.229186603,0.044117647,0.033940175,-0.038461538,-2.043478261,0.625,-1.978494624,0.002921841,0.04,0.205128205,-1.25,0.5,-2.059010796,0,0
0,2009,7.199,1.26,0.05,0.26,1.88,1.38,41.34,0.38,0.06,0.77,0.73,7.99299,0.1,-0.23,0.11,-0.36,12.42,0.63,0.53,-0.04,0.17,-39356732,0,1,0,0,0,0,0,1,0,4.601,1.07,0.05,0.26,1.76,0.41,44.61,0.38,0.03,0.6,0.72,7.723274,0.1,0.01,0.06,0.04,12.39,0.38,0.57,0.06,0.15,2449000,0,0,1,7.589,1.11,0.05,0.26,1.91,0.38,39.93,0.37,0.05,27.03,0.67,7.697543,0.14,0,0.1,0,12.38,0.39,0.52,0.1,0.25,0,0,0,0.564659857,0.177570093,0.068181818,2.365853659,1.725806452,-0.07330195,0,1,0.283333333,0.013888889,0.034922495,0,-24,0.833333333,-10,0.002421308,0.657894737,-0.070175439,-1.666666667,0.133333333,-17.07053165,0,0
0,2011,1.494,0.96,0.07,0.38,0.95,0.07,39.49,0.46,-0.04,7.63,0.49,6.813118,-0.01,0,-0.04,0.01,13.31,0.19,1.06,0,-0.18,481024,0,0,1,0,0,0,0,0,0,2.824,0.97,0.07,0.38,0.93,0.07,42.95,0.47,-0.03,9.5,0.49,7.029524,-0.01,0.01,-0.02,0.03,13.33,0.21,1.07,0.01,-0.11,2548394,0,0,0,2.557,1,0.07,0.38,1.13,0.07,48.92,0.48,0,12,0.56,7.924893,0.02,0.03,0,0.17,13.31,0.2,0.88,0.03,-0.02,14012401,0,0,-0.470963173,-0.010309278,0.021505376,0,-0.076923077,-0.080558789,-0.021276596,0.333333333,-0.196842105,0,-0.030785299,0,-1,1,-0.666666667,-0.001500375,-0.095238095,-0.009345794,-1,0.636363636,-0.811244258,0,0
0,2021,8.056,1.01,0.2,0.32,1.15,0.32,47.69,0.45,0.02,23.89,0.54,7.32705,0.01,0.08,0.03,0.24,14.04,0.32,0.87,0.05,0.11,66622360,0,0,0,0,0,0,0,0,1,0.077,0.87,0.2,0.32,1.65,0.47,65.77,0.61,-0.23,41.61,0.5,6.069837,0.05,0.04,-0.05,0.11,14.01,0.37,0.61,0.04,-0.14,34525118,0,0,1,2.319,0.91,0.2,0.32,1.15,0.46,61.57,0.58,-0.14,9.68,0.49,6.78322,0.01,0.06,-0.02,0.16,13.94,0.38,0.87,0.05,-0.06,48427542,0,0,103.6233766,0.16091954,-0.303030303,-0.319148936,-0.233333333,-0.27489737,-0.262295082,-1.086956522,-0.425859168,0.08,0.207124672,-0.8,1,-1.6,1.181818182,0.002141328,-0.135135135,0.426229508,0.25,-1.785714286,0.929677981,0,0
0,2013,2.312,0.9,0.07,0.32,1.57,0.36,56.61,0.53,-0.05,26.96,0.45,3.181911,0.14,0,0.04,0.01,11.04,0.45,0.64,0,0.09,194157,0,0,0,0,0,0,0,1,0,2.369,0.91,0.07,0.32,1.98,0.54,58.76,0.53,-0.04,35.3,0.48,3.260884,0.19,0,0.06,0,11.09,0.48,0.5,0,0.12,49395,0,0,1,1.185,0.98,0.07,0.32,3.42,0.73,48.38,0.46,-0.01,21.81,0.53,3.400725,0.25,0.01,0.09,0.03,11.09,0.48,0.29,0.02,0.19,675433,0,0,-0.024060785,-0.010989011,-0.207070707,-0.333333333,-0.119565217,-0.036589517,0,0.25,-0.236260623,-0.0625,-0.024218279,-0.263157895,0,-0.333333333,1,-0.004508566,-0.0625,0.28,0,-0.25,2.930701488,0,0
0,2012,4.465,1.34,0.07,0.27,1,-0.49,45.35,0.29,0.26,0.09,0.64,9.734046,0,0.31,0.54,4406495000,12.24,-0.39,1,0.3,7773416800,44064950,1,0,0,0,1,0,0,1,0,4.483,1.35,0.07,0.27,-4.5,0,45.2,0.29,0.22,0.49,0.63,9.79858,0.35,0.25,0.44,3707425700,12.26,-0.06,-0.22,0.25,6530600300,37074257,0,0,1,4.493,1.39,0.07,0.27,1.19,-0.01,42.49,0.27,0.19,0.75,0.62,9.667482,0.04,0.2,0.37,0.98,12.28,0.2,0.84,0.2,1.83,29794239,0,0,-0.004015168,-0.007407407,-1.222222222,-49,3.666666667,0.003318584,0,0.181818182,-0.816326531,0.015873016,-0.006586056,-1,0.24,0.227272727,0.18855922,-0.001631321,5.5,-5.545454545,0.2,0.190306625,0.18855922,1,0
0,2020,0.083,0.87,0.09,0.35,1.63,0.57,31.08,0.48,-0.1,150.16,0.69,16.690034,0.13,0.99,0,1.98,13.76,0.5,0.61,0.98,0,649360952,0,0,0,0,0,0,0,1,0,0.091,1.14,0.09,0.35,0.84,-2.27,35.97,0.47,-0.11,28.16,0.6,17.699677,-0.03,-0.36,0.02,-0.22,13.5,1.63,1.19,-0.04,0.01,-182462000,1,1,1,0.112,1.28,0.09,0.35,2.82,-4.81,37.05,0.48,-0.09,11.41,0.6,17.75466,0.31,-0.03,0.03,-0.02,13.7,1.22,0.35,-0.05,0.02,-17637000,0,1,-0.087912088,-0.236842105,0.94047619,-1.251101322,-1.382239382,-0.135946622,0.021276596,-0.090909091,4.332386364,0.15,-0.057043018,-5.333333333,-3.75,-1,-10,0.019259259,-0.693251534,-0.487394958,-25.5,-1,-4.55888323,0,0
0,2008,7.208,1.04,0.03,0.36,2.48,-0.42,70.73,0.35,0.06,-0.46,0.72,11.554239,0.14,0.08,0.14,1482750400,12.45,-0.55,0.4,0.08,2509844800,14827504,0,0,0,0,1,0,1,0,0,4.566,1.1,0.03,0.36,2.47,-0.43,61.97,0.33,0.15,-1.67,0.69,11.268263,0.13,0.11,0.24,1779246000,12.37,-0.59,0.4,0.19,3918425000,17792460,0,0,0,5.804,1.07,0.03,0.36,2.51,-0.47,62.91,0.33,0.1,-0.34,0.66,10.896734,0.14,0,0.19,0,12.24,-0.7,0.4,0.15,2698146200,0,0,0,0.578624617,-0.054545455,0.004048583,-0.023255814,-0.027027027,0.141358722,0.060606061,-0.6,-0.724550898,0.043478261,0.025378889,0.076923077,-0.272727273,-0.416666667,-0.16664115,0.006467259,-0.06779661,0,-0.578947368,-0.359476116,-0.16664115,1,1
0,2019,5.544,1.04,0.06,0.22,0.77,0.02,43.54,0.35,0.01,0.49,0.61,27.999954,-0.11,-0.05,0.05,-0.1,13.37,0.5,1.3,0.06,0.09,-21887036,1,0,0,0,0,0,1,0,0,3.884,0.93,0.06,0.22,0.83,0.03,43.43,0.36,-0.02,0.27,0.63,27.744634,-0.07,0.06,-0.01,0.13,13.33,0.43,1.21,0.02,-0.02,23789085,1,0,0,8.345,1.06,0.06,0.22,0.66,0.04,39.09,0.35,0.02,-2.01,0.64,29.177044,-0.16,-0.9,0.06,-1.78,13.36,0.5,1.51,0.08,0.12,-398541556,1,0,0.427394439,0.11827957,-0.072289157,-0.333333333,0.342105263,0.002532811,-0.027777778,-1.5,0.814814815,-0.031746032,0.0092025,0.571428571,-1.833333333,-6,-1.769230769,0.00300075,0.162790698,0.074380165,2,-5.5,-1.920045306,0,0
0,2014,3.903,0.87,0.01,0.45,2.84,0.31,70.78,0.67,-0.06,38.51,0.23,0.904778,0.36,0.06,0.02,0.15,10.17,0.38,0.35,0.04,0.06,1030734,0,0,1,0,0,0,1,0,0,2.863,0.8,0.01,0.45,2.74,0.39,51.17,0.67,-0.11,49.69,0.22,0.993905,0.33,0.17,-0.01,0.4,10.13,0.42,0.37,0.17,-0.02,2916305,0,0,0,0.156,0.45,0.01,0.45,2.51,0.54,45.46,0.74,-0.25,56.87,0.2,0.788266,0.31,0.05,-0.16,0.1,9.91,0.48,0.4,0.05,-0.32,680294,0,0,0.363255327,0.0875,0.03649635,-0.205128205,-0.138888889,0.383232363,0,-0.454545455,-0.224994969,0.045454545,-0.08967356,0.090909091,-0.647058824,-3,-0.625,0.003948667,-0.095238095,-0.054054054,-0.764705882,-4,-0.646561659,0,0
0,2010,7.662,1.01,0.05,0.32,2.13,0,65.02,0.4,0.01,6.41,0.67,25.625544,0.11,0.09,0.04,0.91,14.08,0.1,0.47,0.06,0.43,79737896,0,0,0,1,0,0,1,0,0,6.033,1.02,0.05,0.32,1.81,0,56.3,0.39,0.02,6.4,0.68,26.350861,0.09,0.08,0.05,0.72,13.99,0.11,0.55,0.07,0.5,64843514,0,0,0,8.31,1.06,0.05,0.32,1.87,0,56.37,0.37,0.05,6.35,0.68,26.412526,0.09,0.11,0.09,0.98,13.9,0.11,0.53,0.11,0.8,81261778,0,0,0.270014918,-0.009803922,0.17679558,0,-0.083333333,0.154884547,0.025641026,-0.5,0.0015625,-0.014705882,-0.027525362,0.222222222,0.125,-0.2,0.263888889,0.006433167,-0.090909091,-0.145454545,-0.142857143,-0.14,0.229697329,0,0
0,2020,8.305,4.17,0.01,0.51,1.92,16.72,61.56,0.36,0.06,112.37,0.41,3.988682,0.38,0.13,0.3,0.13,11.7,0.97,0.52,0.13,0.31,10518740,0,0,0,0,1,0,0,0,0,7.096,0.78,0.01,0.51,0.69,-1.83,57.39,0.38,0.01,0.05,0.46,3.845221,-0.26,0.07,0.38,0.06,11.01,1.18,1.45,0.07,0.32,2853035,1,0,0,6.31,0.77,0.01,0.51,0.79,-1.31,62.57,0.36,0.02,-1.94,0.44,6.079398,-0.19,0.09,0.36,0.07,10.78,1.32,1.27,0.08,0.27,2872670,1,0,0.170377678,4.346153846,1.782608696,-10.13661202,-5.560062402,0.072660742,-0.052631579,5,2246.4,-0.108695652,0.037308909,-2.461538462,0.857142857,-0.210526316,1.166666667,0.0626703,-0.177966102,-0.64137931,0.857142857,-0.03125,2.686859783,0,0
0,2019,7.536,1.12,0.1,0.18,1.25,0.54,46.25,0.51,0.06,-0.76,0.53,5.693464,0.04,0.07,0.14,0.15,12.38,0.46,0.8,0.07,0.3,11690269,0,0,0,0,1,0,0,0,0,6.668,1.16,0.1,0.18,1.46,0.84,47.3,0.5,0.07,-0.76,0.5,5.253215,0.07,0.08,0.14,0.15,12.39,0.54,0.69,0.08,0.26,13294892,0,0,0,5.798,1.35,0.1,0.18,1.54,1.4,49.41,0.48,0.12,-1.91,0.45,4.797444,0.09,0.05,0.18,0.08,12.5,0.66,0.65,0.05,0.27,9589850,0,0,0.130173965,-0.034482759,-0.143835616,-0.357142857,-0.267241379,-0.022198732,0.02,-0.142857143,0,0.06,0.083805631,-0.428571429,-0.125,0,0,-0.000807103,-0.148148148,0.15942029,-0.125,0.153846154,-0.1206947,0,0
0,2018,6.679,1.01,0.01,0.42,1.79,1.91,45.83,0.36,0.01,55.97,0.58,3.987201,0.1,0.05,0.07,0.07,12.44,0.7,0.56,0.05,0.1,9235061,0,0,0,0,0,0,0,0,1,3.646,0.93,0.01,0.42,3.45,1.08,46.69,0.37,-0.02,61.7,0.54,3.540055,0.28,0.03,0.05,0.05,11.9,0.57,0.29,0.03,0.09,3164145,0,0,1,5.327,1.04,0.01,0.42,3.86,1.19,56.77,0.35,0.01,49.18,0.5,3.555742,0.29,0.09,0.1,0.15,11.86,0.59,0.26,0.08,0.17,8593200,0,0,0.831870543,0.086021505,-0.48115942,0.768518519,0.733333333,-0.018419362,-0.027027027,-1.5,-0.09286872,0.074074074,0.126310467,-0.642857143,0.666666667,0.4,0.4,0.045378151,0.228070175,0.931034483,0.666666667,0.111111111,1.918659227,0,0
0,2015,5.875,-9.12,0,0.36,1.48,-17.96,45.34,0.27,0.12,22.14,0.22,1.038966,0.2,-0.77,0.46,-0.75,9.91,1.03,0.68,0.27,0.44,-10843815,0,0,0,0,1,0,0,0,0,7.178,1.3,0,0.36,0.73,1.89,47.17,0.32,0.1,9.23,0.13,1.045809,-0.06,0.04,0.17,0.05,10.93,0.73,1.37,0.09,0.23,1458490,1,0,0,4.476,1.46,0,0.36,0.67,2,39.72,0.3,0.13,15.61,0.16,1.231892,-0.08,0.09,0.22,0.12,10.83,0.75,1.49,0.14,0.3,3015914,1,0,-0.181526888,-8.015384615,1.02739726,-10.5026455,-12.20437956,-0.038795845,-0.15625,0.2,1.398699892,0.692307692,-0.00654326,-4.333333333,-20.25,1.705882353,-16,-0.093321134,0.410958904,-0.503649635,2,0.913043478,-8.43496013,0,0
0,2020,4.978,1.04,0.17,0.19,49.23,0.32,47.52,0.51,0.04,0.03,0.7,11.329101,0.17,0.05,0.14,14.64,12.82,0,0.02,0.05,41.16,13173109,0,0,0,0,0,0,0,0,0,7.536,1.11,0.17,0.19,-32.01,0.32,43.33,0.49,0.09,0.03,0.82,12.369373,0.17,0.13,0.21,3056289600,12.75,-0.01,-0.03,0.13,5094600400,30562896,0,0,0,8.328,1.07,0.17,0.19,-2.36,0.32,44.52,0.51,0.06,0.03,0.76,10.957237,0.26,0.09,0.18,1742694800,12.55,-0.08,-0.42,0.09,3606318600,17426948,0,0,-0.339437367,-0.063063063,-2.537956888,0,-1,0.096699746,0.040816327,-0.555555556,0,-0.146341463,-0.084100625,0,-0.615384615,-0.333333333,-0.999999995,0.005490196,-1,-1.666666667,-0.615384615,-0.999999992,-0.568983613,1,1
0,2017,1.746,0.97,0.02,0.4,2.08,0.44,46.76,0.45,-0.02,78.28,0.62,11.016247,0.22,-0.01,0.05,-0.03,12.72,0.45,0.48,-0.01,0.11,-3093251,1,1,0,0,0,0,0,1,0,0.571,0.96,0.02,0.4,3.07,0.58,47,0.44,-0.02,81.34,0.59,10.018545,0.25,0.04,0.03,0.09,12.75,0.45,0.33,0.04,0.07,9293450,1,0,1,1.013,0.97,0.02,0.4,3.09,0.66,47.63,0.42,-0.02,76.53,0.63,9.829908,0.25,0.1,0.03,0.22,12.72,0.47,0.32,0.1,0.07,23806268,1,0,2.057793345,0.010416667,-0.32247557,-0.24137931,0,-0.005106383,0.022727273,0,-0.037619867,0.050847458,0.099585519,-0.12,-1.25,0.666666667,-1.333333333,-0.002352941,0,0.454545455,-1.25,0.571428571,-1.332842055,0,0
0,2016,5.813,1.36,0.06,0.24,2.13,-0.16,52.93,0.35,0.16,0.06,0.62,9.060599,0.2,0.24,0.41,12.3,11.79,0.02,0.47,0.37,21.25,21862440,0,0,0,0,1,0,0,0,0,5.809,1.4,0.06,0.24,1.98,0.06,51.34,0.37,0.16,0.05,0.62,9.027035,0.17,0.21,0.38,0.96,11.73,0.22,0.51,0.32,1.72,18189339,0,0,0,7.129,1.27,0.06,0.24,2.09,0.4,52.63,0.4,0.1,0.07,0.54,7.799456,0.15,0.15,0.24,0.38,11.66,0.39,0.48,0.17,0.61,11860893,0,0,0.000688587,-0.028571429,0.075757576,-3.666666667,-0.928571429,0.030970004,-0.054054054,0,0.2,0,0.003718164,0.176470588,0.142857143,0.078947368,11.8125,0.00511509,-0.909090909,-0.078431373,0.15625,11.35465116,0.201937025,0,0
0,2020,4.61,1.14,0.11,0.29,1.77,0.01,75.02,0.35,0.09,0.08,0.45,7.977843,0.22,-0.08,0.12,-0.27,12.78,0.3,0.56,0.15,0.41,-20280789,0,0,0,0,1,0,1,0,0,7.832,1.19,0.11,0.29,2.74,0.02,77.08,0.33,0.14,0.08,0.47,8.729568,0.3,0.07,0.18,0.35,12.75,0.19,0.37,0.18,0.96,15812275,0,0,0,7.547,1.23,0.11,0.29,2.32,0.02,65.37,0.33,0.16,0.1,0.45,8.439439,0.24,-0.01,0.21,-0.08,12.67,0.19,0.43,0.21,1.11,-3285762,0,0,-0.411389173,-0.042016807,-0.354014599,-0.5,0.869565217,-0.02672548,0.060606061,-0.357142857,0,-0.042553191,-0.086112509,-0.266666667,-2.142857143,-0.333333333,-1.771428571,0.002352941,0.578947368,0.513513514,-0.166666667,-0.572916667,-2.282597792,0,0
0,2013,4.547,1.27,0.04,0.26,1.44,2.18,28.43,0.28,0.06,39.23,0.73,31.022325,0.06,0.15,0.1,0.2,13.84,0.73,0.7,0.14,0.13,105650876,0,0,0,1,0,0,0,1,0,5.839,1.34,0.04,0.26,1.3,4.58,29.2,0.28,0.03,48.1,0.77,29.661979,0.05,-0.02,0.08,-0.03,13.69,0.85,0.77,0.13,0.09,-13172763,0,0,1,4.512,1.5,0.04,0.26,1.29,3.89,24.99,0.26,0.06,43.87,0.78,27.904557,0.04,-0.17,0.11,-0.21,13.66,0.83,0.78,0.2,0.14,-103189352,0,0,-0.221270766,-0.052238806,0.107692308,-0.524017467,-0.542168675,-0.026369863,0,1,-0.184407484,-0.051948052,0.045861606,0.2,-8.5,0.25,-7.666666667,0.010956903,-0.141176471,-0.090909091,0.076923077,0.444444444,-9.020403616,0,0
0,2011,4.689,1.14,0.05,0.32,2.22,1.55,56.51,0.4,0.06,5.85,0.59,12.146187,0.16,0.09,0.1,0.14,14.14,0.66,0.45,0.07,0.16,90876959,0,0,0,0,0,0,0,1,0,6.583,1.58,0.05,0.32,1.93,2.17,43.16,0.31,0.16,28.79,0.68,12.042049,0.1,0.09,0.2,0.12,14,0.72,0.52,0.09,0.28,73787149,0,0,1,5.837,1.98,0.05,0.32,2.37,3.35,43.6,0.3,0.19,73.11,0.71,11.847804,0.15,0.13,0.25,0.16,13.95,0.8,0.42,0.11,0.31,101205673,0,0,-0.28771077,-0.278481013,0.150259067,-0.285714286,-0.239215686,0.30931418,0.290322581,-0.625,-0.796804446,-0.132352941,0.008647864,0.6,0,-0.5,0.166666667,0.01,-0.083333333,-0.134615385,-0.222222222,-0.428571429,0.231609572,0,0
0,2009,7.31,1.01,0.06,0.31,2.12,0.41,28.97,0.33,0.01,56.63,0.6,7.020671,0.07,0.07,0.03,0.22,12.96,0.33,0.47,0.05,0.08,21072941,0,0,0,0,0,0,0,0,0,8.453,1.05,0.06,0.31,2.38,0.16,43.84,0.31,0.06,40.34,0.64,7.214414,0.11,0,0.06,0,12.68,0.21,0.42,0.04,0.3,0,0,0,0,8.455,1.05,0.06,0.31,2.38,0.16,43.36,0.31,0.06,40.01,0.65,7.195693,0.11,0.09,0.06,0.44,12.68,0.21,0.42,0.1,0.31,20681736,0,0,-0.135218266,-0.038095238,-0.109243697,1.5625,0.814814815,-0.339187956,0.064516129,-0.833333333,0.403817551,-0.0625,-0.026854988,-0.363636364,7,-0.5,22,0.022082019,0.571428571,0.119047619,0.25,-0.733333333,2107294100,0,0
0,2009,4.44,1.26,0.04,0.45,-0.27,0.24,39.93,0.27,0.24,1.65,0.63,8.183152,1.13,0.38,0.44,4842722900,12.12,-0.53,-3.69,0.4,5566252700,48427229,0,0,0,0,0,0,0,0,0,4.45,1.26,0.04,0.45,-0.5,0.31,39.97,0.28,0.2,3.08,0.55,7.934963,0.68,0.32,0.34,4215831400,12.15,-0.11,-2.01,0.35,4455053500,42158314,0,0,0,4.46,1.34,0.04,0.45,-0.99,0.46,41.95,0.3,0.18,2.16,0.67,8.874039,0.5,0,0.34,0,12.07,0.14,-1.01,0.31,2.4,0,0,0,-0.002247191,0,-0.46,-0.225806452,2.5,-0.001000751,-0.035714286,0.2,-0.464285714,0.145454545,0.031277903,0.661764706,0.1875,0.294117647,0.148699376,-0.002469136,3.818181818,0.835820896,0.142857143,0.249424435,0.148699376,1,0
0,2018,4.45,1.23,0.22,0.3,6.66,-0.52,56.93,0.29,0.27,60.26,0.5,10.499529,0.44,1.83,0.55,40857533900,12.68,-0.9,0.15,0.48,12198719400,408575339,0,0,0,0,0,0,1,0,0,0.144,5.42,0.22,0.3,-8.08,-0.19,-114.25,0.32,0.22,5.06,0.49,10.25457,-3.94,-9.91,4.04,-32.96,10.43,0.3,-0.12,3.32,13.45,-232438849,0,0,0,4.478,1.27,0.22,0.3,5.4,-0.28,63.79,0.35,0.2,11.46,0.5,10.935652,0.37,0.38,0.46,7573819900,12.55,-0.26,0.19,0.41,8965744500,75738199,0,0,29.90277778,-0.773062731,-1.824257426,1.736842105,-2.093023256,-1.498293217,-0.09375,0.227272727,10.90909091,0.020408163,0.023887789,-1.111675127,-1.184661958,-0.863861386,-1239609646,0.215723873,-4,-2.25,-0.855421687,906967984.1,-2.757775607,0,1
0,2019,3.595,0.85,0.03,0.22,2.71,0.01,69.82,0.46,-0.08,0,0.34,9.698568,0.28,-0.04,-0.05,-0.23,12.33,0.17,0.37,-0.11,-0.27,-6351108,0,1,0,0,1,0,0,0,0,3.01,0.98,0.03,0.22,3.96,0,83.74,0.45,-0.01,0,0.34,9.631756,0.36,-0.02,0.03,-0.16,12.33,0.13,0.25,-0.01,0.27,-3136402,0,1,0,4.649,1.07,0.03,0.22,4.62,0.01,92.48,0.42,0.04,0,0.35,10.071975,0.38,0.15,0.12,1.38,12.33,0.11,0.22,0.08,1.05,24386513,0,0,0.194352159,-0.132653061,-0.315656566,1,0.4,-0.166228803,0.022222222,7,0,0,0.006936638,-0.222222222,1,-2.666666667,0.4375,0,0.307692308,0.48,10,-2,1.024966187,0,0
0,2015,1.258,0.3,0.06,0.3,1.16,2.59,51.67,0.33,-0.03,7.97,0.2,0.288888,0.09,-0.04,0.03,-0.04,9.39,0.87,0.86,-0.04,0.04,-314462,0,1,0,0,1,0,0,0,0,0.275,0.35,0.06,0.3,0.61,0.02,40.12,0.35,-0.04,5.89,0.22,0.3154,-0.32,-0.03,0.01,-0.04,9.28,0.81,1.65,-0.03,0.01,-242829,0,1,0,4.244,0.38,0.06,0.3,0.65,0.41,44.04,0.37,-0.06,3.33,0.19,0.298094,-0.24,0.02,-0.04,0.02,9.27,0.78,1.54,0.02,-0.05,120588,0,0,3.574545455,-0.142857143,0.901639344,128.5,0.540229885,0.287886341,-0.057142857,-0.25,0.353140917,-0.090909091,-0.084058339,-1.28125,0.333333333,2,0,0.011853448,0.074074074,-0.478787879,0.333333333,3,0.294993596,0,0
0,2015,1.752,0.98,0.04,0.35,1.94,0.89,45.34,0.61,-0.01,46.04,0.45,6.730757,0.12,-0.01,0.04,-0.02,12.74,0.54,0.52,0.03,0.08,-2723259,0,0,0,0,0,0,0,1,0,1.316,0.98,0.04,0.35,2.11,0.83,40.68,0.62,-0.01,57.07,0.48,6.941872,0.13,-0.02,0.04,-0.04,12.72,0.52,0.47,0.04,0.09,-4314818,0,0,1,4.131,0.95,0.04,0.35,1.88,0.73,61.23,0.64,-0.03,39.46,0.42,6.119657,0.12,0.11,0.02,0.22,12.72,0.5,0.53,0.03,0.05,25232206,0,0,0.331306991,0,-0.08056872,0.072289157,0.083333333,0.114552606,-0.016129032,0,-0.193271421,-0.0625,-0.030411826,-0.076923077,-0.5,0,-0.5,0.001572327,0.038461538,0.106382979,-0.25,-0.111111111,-0.368858895,0,0
0,2014,0.027,1.48,0.05,0.29,-3.78,0.33,29.62,0.7,-0.3,85.06,0.53,9.782428,0.59,-1.52,-0.22,-22956459100,12.29,-0.34,-0.26,-0.03,-3379933200,-229564591,0,1,0,0,0,0,0,0,0,0.032,0.72,0.05,0.29,4.6,0.08,26.64,0.7,-0.23,107.75,0.5,9.145372,0.37,0.12,-0.14,0.73,12.34,0.16,0.22,0.12,-0.83,19040823,0,0,0,0.057,0.76,0.05,0.29,3.59,0.27,33.45,0.6,-0.16,109.78,0.54,9.163989,0.34,-0.24,-0.08,-0.77,12.36,0.32,0.28,-0.09,-0.25,-39632820,0,1,-0.15625,1.055555556,-1.82173913,3.125,-2.315789474,0.111861862,0,0.304347826,-0.210580046,0.06,0.069658839,0.594594595,-13.66666667,0.571428571,-31447204248,-0.004051864,-3.125,-2.181818182,-1.25,4072208674,-13.05644268,0,0
0,2020,4.563,1.09,0.03,0.21,-0.06,-0.9,-18.9,0.36,0.18,-0.9,0.53,3.11894,-0.5,0.59,0.59,1730271600,10.65,-4.2,-17.06,0.59,1720535300,17302716,1,0,0,0,1,0,0,1,0,4.536,1.14,0.03,0.21,1.12,-0.76,41.86,0.35,0.24,1.93,0.46,3.345844,0.03,0.45,0.53,1907704700,11.02,-2.17,0.9,0.45,2243929100,19077047,0,0,1,4.566,1.11,0.03,0.21,0.36,-0.79,32.19,0.32,0.15,0.96,0.45,3.182247,-0.22,0.37,0.46,1371566300,10.87,-2.16,2.75,0.37,1677706500,13715663,1,0,0.005952381,-0.043859649,-1.053571429,0.184210526,0.191176471,-1.451505017,0.028571429,-0.25,-1.466321244,0.152173913,-0.06781667,-17.66666667,0.311111111,0.113207547,-0.093008682,-0.033575318,0.935483871,-19.95555556,0.311111111,-0.233248813,-0.093008682,1,1
0,2012,3.293,1.25,0.34,0.14,1.05,-1.46,65.68,0.64,-0.16,-18.65,0.82,4.090105,0.02,-0.3,-0.17,-0.12,11.16,2.45,0.95,-0.3,-0.07,-14758100,0,1,0,0,0,0,0,0,0,3.287,1.31,0.34,0.14,1,-1.54,67.64,0.65,-0.16,-25.25,0.66,4.511082,0,-0.34,-0.21,-0.15,11.08,2.25,1,-0.34,-0.09,-15169340,0,1,0,3.272,1.43,0.34,0.14,1.34,-1.77,71.09,0.54,-0.16,-17.47,0.65,4.905287,0.11,-0.34,-0.22,-0.18,11.11,1.89,0.74,-0.33,-0.12,-15591312,0,1,0.001825373,-0.045801527,0.05,-0.051948052,-0.061111111,-0.028976937,-0.015384615,0,-0.261386139,0.242424242,-0.093320627,2,-0.117647059,-0.19047619,-0.2,0.007220217,0.088888889,-0.05,-0.117647059,-0.222222222,-0.027109947,0,0
0,2018,0.547,1.17,0.03,0.36,1.77,-10.35,39.92,0.4,-0.02,0,0.6,8.026497,0.06,0.02,0.03,0.01,12.4,1.1,0.57,-0.01,0.03,2689013,1,1,0,0,1,0,1,0,0,3.304,1.45,0.03,0.36,1.37,-8.26,39.8,0.43,-0.06,0.02,0.61,8.148598,0.04,-0.04,-0.01,-0.03,12.33,1.12,0.73,-0.05,-0.01,-5860010,1,1,0,8.167,0.96,0.03,0.36,1.45,-10.85,41.11,0.39,0,0.02,0.57,7.490605,0.04,0.04,0.05,0.04,12.27,1.09,0.69,0.02,0.04,5848655,1,0,-0.834443099,-0.193103448,0.291970803,0.253026634,0.227122381,0.003015075,-0.069767442,-0.666666667,-1,-0.016393443,-0.014984295,0.5,-1.5,-4,-1.333333333,0.00567721,-0.017857143,-0.219178082,-0.8,-4,-1.458875156,0,0
0,2011,0.52,0.96,0.38,0.16,4.64,0.19,53.3,0.54,-0.04,146.18,0.76,25.022007,0.36,0.17,0.01,0.71,14.29,0.24,0.22,0.08,0.05,192638943,0,0,0,0,0,0,0,1,0,0.285,0.94,0.38,0.16,3.56,0.26,53.11,0.42,-0.04,103.59,0.76,25.938312,0.3,0.04,0.02,0.13,14.11,0.3,0.28,0.04,0.05,36945484,0,0,1,1.215,0.96,0.38,0.16,3.93,0.3,58.73,0.41,-0.03,126.79,0.73,26.563886,0.38,0.03,0.04,0.1,14.09,0.33,0.25,0.04,0.12,29585469,0,0,0.824561404,0.021276596,0.303370787,-0.269230769,-0.255813953,0.003577481,0.285714286,0,0.411140071,0,-0.035326316,0.2,3.25,-0.5,4.461538462,0.01275691,-0.2,-0.214285714,1,0,4.214140462,0,0
0,2012,7.748,1.22,0.06,0.3,1.85,2.09,57.68,0.19,0.02,0.38,0.22,0.15646,0.23,-0.03,0.17,-0.04,9.39,0.76,0.54,0.07,0.22,-239946,0,0,0,0,1,0,0,0,0,8.303,1.48,0.06,0.3,0.93,0.33,77.54,0.2,0.04,-2.68,0.24,0.242948,-0.04,0.05,0.23,0.07,9.42,0.74,1.07,0.17,0.31,455827,1,0,0,7.484,1.09,0.06,0.3,2.64,2.76,61.15,0.17,0.01,11.21,0.22,0.185172,0.37,-0.01,0.11,-0.02,9.41,0.79,0.38,0.07,0.13,-123885,0,0,-0.06684331,-0.175675676,0.989247312,5.333333333,0.12195122,-0.256125871,-0.05,-0.5,-1.141791045,-0.083333333,-0.355993875,-6.75,-1.6,-0.260869565,-1.571428571,-0.003184713,0.027027027,-0.495327103,-0.588235294,-0.290322581,-1.526397076,0,0
0,2008,2.34,0.7,0.29,0.26,0.88,1.91,55.19,0.48,-0.05,11.22,0.66,6.655158,-0.04,-0.15,0,-0.2,11.7,0.77,1.14,-0.01,0,-12997360,0,1,0,0,0,0,0,1,0,1.512,0.76,0.29,0.26,1.02,1.2,63.19,0.5,-0.08,4.28,0.64,6.789258,0.01,0.14,-0.02,0.22,11.82,0.66,0.98,0.08,-0.03,13654796,0,0,1,0.12,0.23,0.29,0.26,1.11,2.45,56,0.49,-0.15,4.45,0.64,6.631771,0.03,0,-0.1,0,11.7,0.77,0.9,-0.11,-0.13,0,0,1,0.547619048,-0.078947368,-0.137254902,0.591666667,0.729166667,-0.12660231,-0.04,-0.375,1.621495327,0.03125,-0.01975179,-5,-2.071428571,-1,-1.909090909,-0.010152284,0.166666667,0.163265306,-1.125,-1,-1.951853107,0,0
0,2016,6.674,1.26,0.01,0.41,0.18,0.07,40.23,0.32,0.05,-4.49,0.24,4.789866,-0.66,0.06,0.08,0.07,12.01,0.82,5.43,0.06,0.09,6683315,1,0,0,1,0,0,1,0,0,7.569,1.28,0.01,0.41,0.19,0.13,38.39,0.28,0.03,7.23,0.25,4.916424,-0.71,-1.73,0.06,-1.95,12.06,0.89,5.33,0.04,0.07,-208567999,1,0,0,6.591,1.09,0.01,0.41,2.63,-0.59,45.88,0.32,0.16,-2.51,0.26,5.082564,0.13,0.15,0.23,1510343900,11.87,-1.23,0.38,0.21,2264448000,15103439,0,0,-0.118245475,-0.015625,-0.052631579,-0.461538462,-0.406976744,0.047929148,0.142857143,0.666666667,-1.621023513,-0.04,-0.025741881,-0.070422535,-1.034682081,0.333333333,-1.035897436,-0.004145937,-0.078651685,0.018761726,0.5,0.285714286,-1.032043818,0,1
0,2012,4.5,1.22,0.02,0.55,25.5,0,46.76,0.31,0.28,576.48,0.47,3.502394,0.9,0.13,0.25,3.43,11.67,0.04,0.04,0.13,6.62,10467431,0,0,0,1,0,0,0,1,0,4.495,1.24,0.02,0.55,22.83,0.32,41.3,0.31,0.28,529.88,0.44,3.358632,0.88,0.15,0.27,3.61,11.52,0.04,0.04,0.15,6.65,10211142,0,0,1,4.493,1.26,0.02,0.55,22.95,0.32,43.29,0.27,0.28,475.55,0.42,2.937787,0.87,0.14,0.31,3.64,11.36,0.04,0.04,0.14,7.77,8586271,0,0,0.001112347,-0.016129032,0.11695138,-1,0,0.13220339,0,0,0.08794444,0.068181818,0.042803737,0.022727273,-0.133333333,-0.074074074,-0.049861496,0.013020833,0,0,-0.133333333,-0.004511278,0.025098956,0,0
0,2012,2.864,1.15,0.06,0.39,1.13,-3.61,38.32,0.56,-0.02,0.71,0.35,2.901858,0.04,-0.25,0.03,-0.2,10.93,1.26,0.88,-0.25,0.03,-9801456,0,1,0,1,0,0,0,0,0,7.588,-8.38,0.06,0.39,1.48,-206.4,36.82,0.52,0.02,4.04,0.37,3.185874,0.13,0.16,0.13,0.16,10.73,1,0.68,0.16,0.13,5054281,0,0,0,0.218,1.11,0.06,0.39,1.33,-5.64,35.15,0.38,-0.01,8.88,0.39,3.347576,0.09,-0.24,0.09,-0.21,10.75,1.16,0.75,-0.02,0.08,-7788324,0,1,-0.62256194,-1.137231504,-0.236486486,-0.98250969,-0.982577532,0.040738729,0.076923077,-2,-0.824257426,-0.054054054,-0.089148535,-0.692307692,-2.5625,-0.769230769,-2.25,0.018639329,0.26,0.294117647,-2.5625,-0.769230769,-2.93923844,0,0
0,2018,0.069,0.8,0.06,0.3,5.98,0.94,30.59,0.65,-0.12,176.39,0.49,1.738352,0.41,0.05,-0.04,0.09,10.13,0.53,0.17,0.05,-0.07,839122,0,0,0,0,0,0,0,0,0,0.057,0.76,0.06,0.3,6.6,1.27,36.97,0.63,-0.18,213.9,0.47,1.182093,0.37,-0.04,-0.04,-0.07,10.16,0.59,0.15,-0.04,-0.07,-770355,0,1,0,0.028,0.79,0.06,0.3,7.26,1.16,19.43,0.58,-0.19,242.11,0.4,1.058506,0.39,-0.05,-0.04,-0.09,10.21,0.57,0.14,-0.05,-0.07,-945981,0,1,0.210526316,0.052631579,-0.093939394,-0.25984252,-0.223776224,-0.172572356,0.031746032,-0.333333333,-0.175362319,0.042553191,0.470571266,0.108108108,-2.25,0,-2.285714286,-0.002952756,-0.101694915,0.133333333,-2.25,0,-2.089266637,0,0
0,2015,0.12,-0.66,0.02,0.46,1.34,0.32,64.02,0.44,-0.15,4.15,0.22,3.457633,0.23,-1.52,-0.51,-2.23,9.56,0.68,0.75,-0.41,-0.75,-15030701,0,1,0,0,0,0,1,0,0,0.089,0.36,0.02,0.46,2.71,0.23,69.79,0.51,-0.36,79.01,0.22,2.975063,0.4,-0.16,-0.31,-0.41,10.64,0.38,0.37,-0.38,-0.83,-4524835,0,1,0,0.178,0.74,0.02,0.46,3.09,0.12,88.07,0.54,-0.18,102.26,0.24,2.867273,0.45,-0.11,-0.09,-0.37,10.75,0.3,0.32,-0.11,-0.31,-3634097,0,1,0.348314607,-2.833333333,-0.505535055,0.391304348,2.55,-0.082676601,-0.137254902,-0.583333333,-0.947475003,0,0.162204968,-0.425,8.5,0.64516129,4.43902439,-0.101503759,0.789473684,1.027027027,0.078947368,-0.096385542,2.321823006,0,0
0,2017,0.042,1.97,0.08,0.4,0.38,-1.12,55.25,0.81,-0.36,6.72,0.57,5.499008,-0.57,-0.15,-0.46,-0.09,11.86,1.57,2.6,-0.15,-0.3,-14434000,1,1,0,0,0,1,0,0,0,0.053,2.03,0.08,0.4,0.48,-0.85,53.76,0.77,-0.28,2.23,0.56,5.560294,-0.57,-0.04,-0.48,-0.03,11.49,1.61,2.08,-0.04,-0.3,-3047000,1,1,0,0.046,2.23,0.08,0.4,0.53,-0.78,54.65,0.81,-0.33,3.22,0.6,5.92195,-0.53,-0.33,-0.65,-0.21,11.39,1.63,1.88,-0.32,-0.4,-20609000,1,1,-0.20754717,-0.02955665,-0.208333333,0.317647059,0.045627376,0.027715774,0.051948052,0.285714286,2.013452915,0.017857143,-0.011022079,0,2.75,-0.041666667,2,0.032201915,-0.02484472,0.25,2.75,0,3.737118477,0,0
0,2015,7.038,1.03,0.01,0.44,4.22,1.21,89.76,0.42,0.02,152.25,0.59,4.849462,0.44,0.11,0.14,0.18,12.86,0.61,0.24,0.1,0.23,29301770,0,0,1,1,0,0,0,0,0,1.616,0.93,0.01,0.44,3.49,1.68,80.13,0.44,-0.03,128.93,0.41,4.794303,0.35,0.02,0.11,0.04,12.74,0.68,0.29,0.04,0.16,5909380,0,0,0,8.019,1.02,0.01,0.44,4.46,1.52,90.57,0.44,0.01,149.48,0.33,5.139351,0.42,0.11,0.14,0.17,12.57,0.65,0.22,0.11,0.21,21755154,0,0,3.35519802,0.107526882,0.209169054,-0.279761905,-0.268867925,0.120179708,-0.045454545,-1.666666667,0.180873342,0.43902439,0.011505113,0.257142857,4.5,0.272727273,3.5,0.009419152,-0.102941176,-0.172413793,1.5,0.4375,3.958518491,0,0
0,2011,7.857,1.1,0.11,0.45,3.11,0.11,52.87,0.49,0.06,30.86,0.42,4.610106,0.28,0.02,0.15,0.08,11.67,0.21,0.32,0.12,0.7,1352482,0,0,0,0,0,0,0,0,0,7.163,1.17,0.11,0.45,2.99,0.15,66.86,0.34,0.1,8.64,0.54,5.121357,0.23,0.07,0.21,0.29,11.67,0.23,0.33,0.17,0.92,5298083,0,0,0,8.107,1.1,0.11,0.45,1.89,0.17,65.24,0.36,0.06,8.55,0.53,4.568311,0.15,-0.01,0.16,-0.03,11.66,0.29,0.53,0.1,0.54,-801090,0,0,0.096886779,-0.05982906,0.040133779,-0.266666667,-0.1,-0.209243195,0.441176471,-0.4,2.571759259,-0.222222222,-0.099827253,0.217391304,-0.714285714,-0.285714286,-0.724137931,0,-0.086956522,-0.03030303,-0.294117647,-0.239130435,-0.744722384,0,0
0,2013,0.092,0.71,0.03,0.35,1.46,0.5,40.32,0.57,-0.12,33.75,0.46,10.485807,0.1,0.33,-0.11,0.69,12.72,0.48,0.68,-0.06,-0.24,76668754,0,1,0,0,1,0,0,0,0,7.441,1.02,0.03,0.35,1.82,3.56,42.01,0.69,0,52.19,0.45,8.44169,0.14,-0.16,0.06,-0.19,12.75,0.82,0.55,-0.16,0.08,-37504645,0,1,0,5.843,1.2,0.03,0.35,1.81,1.53,47.75,0.68,0.07,48.99,0.47,8.678439,0.14,0.03,0.13,0.05,12.79,0.67,0.55,0.03,0.2,8027854,0,0,-0.98763607,-0.303921569,-0.197802198,-0.859550562,-0.793721973,-0.040228517,-0.173913043,-12,-0.353324392,0.022222222,0.242145471,-0.285714286,-3.0625,-2.833333333,-4.631578947,-0.002352941,-0.414634146,0.236363636,-0.625,-4,-3.044246893,0,0
0,2020,0.094,1.07,0.14,0.68,0.07,0.32,-127.29,0.42,0.37,-3.29,0.7,2.499566,17166432200,2003557700,1405591000,2003557700,-11.15,-18409500500,14.81,2003558000,1405591000,20035577,0,0,0,1,1,0,0,0,0,4.437,1.12,0.14,0.68,-0.06,0.32,66.86,0.42,0.41,-2.48,0.82,3.059671,10.36,1.31,1.36,1923763800,9.95,-9.78,-17.01,1.31,1994809300,19237638,0,0,0,4.433,1.13,0.14,0.68,-0.06,0.32,63.48,0.42,0.42,-2.97,1,2.996389,9.42,1.45,1.37,2030314000,9.91,-8.88,-16.7,1.33,1926465100,20303140,0,0,-0.978814514,-0.044642857,-2.166666667,0,0.142857143,-2.903828896,0,-0.097560976,0.326612903,-0.146341463,-0.183060532,1656991524,1529433358,1033522793,0.041478013,-2.120603015,1882362013,-1.870664315,1529433587,-0.295375753,0.041478013,1,1
0,2017,0.038,0.06,0.08,0.14,1.3,0.02,133.49,0.78,-0.97,1,0.7,37.837963,0.07,-0.67,-0.65,-2.82,14.22,0.24,0.77,-0.67,-2.74,-695216109,0,1,0,0,0,0,0,0,0,7.867,1.03,0.08,0.14,-0.4,0.01,66.71,0.38,0.03,1.17,0.73,38.167229,1.29,0.11,0.17,8960883100,13.94,-0.89,-2.52,0.11,13526266600,89608831,0,0,0,5.813,1.07,0.08,0.14,-0.29,0.15,57.68,0.36,0.07,1.75,0.74,35.628748,1.57,0.19,0.23,13444811700,13.86,-0.93,-3.48,0.19,16523412700,134448117,0,0,-0.995169696,-0.941747573,-4.25,1,-1.659574468,1.001049318,1.052631579,-33.33333333,-0.145299145,-0.04109589,-0.00862693,-0.945736434,-7.090909091,-4.823529412,-1,0.020086083,-1.269662921,-1.305555556,-7.090909091,-1,-8.758343695,1,1
0,2016,4.534,1.07,0.07,0.14,-0.1,0.32,47.89,0.32,0.14,0.02,0.32,3.536623,2.46,0.25,0.24,1884072900,11.57,-2.24,-10,0.25,1805886600,18840729,0,0,0,0,0,0,0,0,1,4.532,1.08,0.07,0.14,-0.1,0.32,79.59,0.31,0.16,0.02,0.34,3.763828,4.03,0.41,0.39,1939683500,11.13,-3.66,-10.05,0.41,1829359400,19396835,0,0,1,4.53,1.08,0.07,0.14,-0.1,0.32,48.42,0.31,0.15,0.02,0.34,3.729901,4.43,4.11,0.42,16431787700,10.96,-4.04,-10.46,0.46,1681364300,164317877,0,0,0.000441306,-0.009259259,0,0,-0.126582278,-0.398291243,0.032258065,-0.125,0,-0.058823529,-0.060365405,-0.389578164,-0.390243902,-0.384615385,-0.028669935,0.039532794,-0.387978142,-0.004975124,-0.390243902,-0.012831158,-0.028669935,1,1
0,2011,8.027,1.02,0.08,0.27,2.42,2.02,86.17,0.52,0.01,0.01,0.61,16.707905,0.13,0.02,0.07,0.02,13.23,0.7,0.41,0.02,0.1,6507405,1,0,1,0,0,0,0,1,0,4.818,1.1,0.08,0.27,2.57,2.18,104.12,0.39,0.03,0.01,0.73,17.377092,0.16,0.02,0.12,0.03,13.24,0.72,0.39,0.04,0.16,7074446,1,0,1,5.037,1.1,0.08,0.27,2.96,2.39,111.43,0.4,0.03,0.01,0.67,16.114345,0.19,0.01,0.11,0.01,13.23,0.73,0.34,0.04,0.15,2804594,1,0,0.666044002,-0.072727273,-0.058365759,-0.073394495,-0.08627451,-0.172397234,0.333333333,-0.666666667,0,-0.164383562,-0.038509723,-0.1875,0,-0.416666667,-0.333333333,-0.000755287,-0.027777778,0.051282051,-0.5,-0.375,-0.080153414,0,0
0,2013,4.512,1.22,0.01,0.44,5.16,0.11,43.03,0.33,0.14,72.65,0.34,1.047196,0.31,0.14,0.22,0.89,10.16,0.16,0.19,0.19,1.38,2596967,0,0,0,0,0,0,0,1,0,4.585,1.33,0.01,0.44,4.13,0.14,41.87,0.33,0.17,53.45,0.4,1.181895,0.31,-0.16,0.33,-0.77,10.02,0.21,0.24,0.26,1.58,-2526502,0,0,1,6.61,1.19,0.01,0.44,2.9,0.21,49.45,0.3,0.12,66.67,0.45,0.98871,0.24,0.04,0.19,0.14,10.3,0.28,0.34,0.14,0.67,797386,0,0,-0.015921483,-0.082706767,0.249394673,-0.214285714,-0.230769231,0.027704801,0,-0.176470588,0.359214219,-0.15,-0.113968669,0,-1.875,-0.333333333,-2.155844156,0.013972056,-0.238095238,-0.208333333,-0.269230769,-0.126582278,-2.02789034,0,0
0,2008,8.133,1.04,0.05,0.15,-1.88,0.32,61.2,0.39,0.03,-3.72,0.79,10.325927,0.34,0.05,0.13,758691700,12.22,-0.12,-0.53,0.05,1843965800,7586917,0,0,0,0,1,0,1,0,0,4.135,0.97,0.05,0.15,-0.93,0.32,62.22,0.4,-0.03,-2.16,0.78,9.567225,0.61,0.01,0.01,145666500,12,-0.31,-1.08,-0.04,161633800,1456665,0,1,0,4.156,1,0.05,0.15,-0.53,0.32,62.15,0.37,0,-3.91,0.84,9.181493,1.02,0,0.16,0,11.76,-0.67,-1.9,0.01,1416474800,0,0,0,0.966868198,0.072164948,1.021505376,0,-0.541666667,-0.016393443,-0.025,-2,0.722222222,0.012820513,0.079302201,-0.442622951,4,12,4.208415799,0.018333333,-0.612903226,-0.509259259,-2.25,10.40829331,4.208415799,1,1
0,2021,4.496,-3.7,0.04,0.42,0.58,-18.05,30.91,0.35,0.13,0,0.85,6.886114,-0.12,0.02,0.39,0.02,12.11,1.04,1.71,0.21,0.37,3071850,1,0,0,0,0,0,0,1,0,4.531,-0.24,0.04,0.42,0.39,-11.4,21.59,0.38,0.07,0,0.75,6.213747,-0.19,-0.03,0.28,-0.03,12.1,1.07,2.57,0.18,0.26,-4066327,1,0,1,4.456,-4.79,0.04,0.42,1.5,-26.63,26.54,0.34,0.16,0,0.75,5.501257,0.04,0.04,0.4,0.04,12.07,1.04,0.67,0.21,0.39,4775842,0,0,-0.007724564,14.41666667,0.487179487,0.583333333,0.551442911,0.431681334,-0.078947368,0.857142857,0,0.133333333,0.108206369,-0.368421053,-1.666666667,0.392857143,-1.666666667,0.000826446,-0.028037383,-0.33463035,0.166666667,0.423076923,-1.755436048,0,0
0,2012,5.704,1.01,0.02,0.39,2.78,0.36,53.17,0.52,0.01,111.6,0.43,5.627707,0.22,0.02,0.05,0.06,12.64,0.35,0.36,0.02,0.14,4335352,0,0,0,0,0,0,0,1,0,0.546,0.99,0.02,0.39,2.73,0.38,46.03,0.54,-0.01,123.52,0.48,4.351655,0.21,0.08,0.04,0.21,12.62,0.36,0.37,0.03,0.11,16094405,0,0,1,7.693,1,0.02,0.39,2.12,0.45,47.15,0.43,0,93.51,0.48,5.905201,0.15,0.05,0.07,0.11,12.55,0.4,0.47,0.03,0.16,8922887,0,0,9.446886447,0.02020202,0.018315018,-0.052631579,-0.035087719,0.155116229,-0.037037037,-2,-0.096502591,-0.104166667,0.293233724,0.047619048,-0.75,0.25,-0.714285714,0.001584786,-0.027777778,-0.027027027,-0.333333333,0.272727273,-0.730629868,0,0
0,2015,0.147,0.62,0.07,0.19,1.33,2.85,49.13,0.62,-0.09,28.3,0.79,14.663578,0.08,0,-0.04,0,13.7,0.81,0.75,0.01,-0.05,859596,0,0,1,0,0,0,0,1,0,0.15,0.71,0.07,0.19,1.2,2.79,39.35,0.62,-0.07,7.05,0.78,14.030657,0.04,0,-0.03,0,13.63,0.79,0.84,0.01,-0.03,1002702,0,0,1,0.126,0.68,0.07,0.19,1.38,2.83,40.82,0.64,-0.09,8.64,0.78,13.67305,0.07,0.01,-0.04,0.02,13.6,0.79,0.73,0.02,-0.05,7990663,0,0,-0.02,-0.126760563,0.108333333,0.021505376,0.083116883,0.248538755,0,0.285714286,3.014184397,0.012820513,0.045109862,1,0,0.333333333,0,0.00513573,0.025316456,-0.107142857,0,0.666666667,-0.14272037,0,0
0,2014,0.078,1.53,0.01,0.11,-1.15,-0.28,24.98,0.62,-0.51,0.03,0.08,0.79202,-1738820200,-684459400,-649246400,-0.58,-11.15,1185811600,-0.87,-684956300,-0.55,-6844594,1,1,0,1,0,0,0,0,0,0.04,1.77,0.01,0.11,4.24,-0.57,25.61,0.59,-0.31,0.1,0.11,0.852338,124479800,-483659400,-415565600,-1.14,-11.15,424442800,0.24,-483659400,-0.98,-4836594,0,1,0,0.193,2.32,0.01,0.11,5.21,-1.96,27.53,0.49,-0.12,3.46,0.14,1.001123,0.8,-5.11,-0.68,-2.77,8.12,1.84,0.19,-0.85,-0.37,-11925786,0,1,0.95,-0.13559322,-1.271226415,-0.50877193,0.403225806,-0.024599766,0.050847458,0.64516129,-0.7,-0.272727273,-0.0707677,-14.96869372,0.415168195,0.562319884,-0.49122807,0,1.793807788,-4.625,0.416195571,-0.43877551,0.415168195,0,0
0,2012,8.314,1.07,0.06,0.3,3.56,0.16,123.5,0.52,0.05,48.76,0.16,0.634648,0.38,0.43,0.08,1.6,10.45,0.27,0.28,0.22,0.29,10354155,0,0,0,0,0,0,0,0,0,4.562,1.39,0.06,0.3,3.08,0.2,46.73,0.51,0.1,52.72,0.14,0.745862,0.45,0.06,0.3,0.18,9.69,0.35,0.32,0.05,0.87,718450,0,0,0,4.902,1.16,0.06,0.3,2.28,0.24,130.95,0.38,0.03,-46.26,0.16,0.892417,0.38,0.14,0.13,0.32,9.73,0.44,0.44,0.14,0.3,1627453,0,0,0.822446295,-0.230215827,0.155844156,-0.2,-0.314814815,1.642841857,0.019607843,-0.5,-0.075113809,0.142857143,-0.149108012,-0.155555556,6.166666667,-0.733333333,7.888888889,0.078431373,-0.228571429,-0.125,3.4,-0.666666667,13.41179623,0,0
0,2019,7.915,1.03,0.06,0.3,1.33,0.34,44.75,0.37,0.01,-2.35,0.62,8.391683,0.07,-0.02,0.07,-0.05,13.06,0.4,0.75,0.04,0.18,-6420553,0,0,0,0,0,0,0,0,1,0.48,0.98,0.06,0.3,1.38,0.34,57.24,0.36,-0.01,0.15,0.6,8.190472,0.08,0.09,0.03,0.23,13.09,0.4,0.73,0,0.08,30783899,0,0,1,3.926,1,0.06,0.3,1.04,0.4,42.26,0.38,0,0.18,0.58,8.105312,0.01,0.48,0.09,1.07,13.01,0.45,0.96,0,0.19,148812130,0,0,15.48958333,0.051020408,-0.036231884,0,0,-0.218204053,0.027777778,-2,-16.66666667,0.033333333,0.024566472,-0.125,-1.222222222,1.333333333,-1.217391304,-0.002291826,0,0.02739726,4,1.25,-1.208568544,0,0
0,2009,3.267,0.95,0,0.4,4.04,0,42.81,0.51,-0.09,76.93,0.2,2.139983,0.17,-0.02,-0.01,-0.27,11.06,0.06,0.25,-0.02,-0.22,-710515,0,1,0,1,0,0,0,0,0,1.119,0.99,0,0.4,5.77,0,45.18,0.46,-0.02,94.81,0.24,2.447393,0.24,-0.03,0.02,-0.62,11.07,0.05,0.17,0.02,0.4,-1456379,0,0,0,4.628,1.01,0,0.4,5.8,0,78.59,0.44,0.02,83.69,0.24,2.416032,0.25,0,0.05,0,11.1,0.06,0.17,0.04,0.85,0,0,0,1.919571046,-0.04040404,-0.29982669,0,0,-0.052456839,0.108695652,3.5,-0.188587702,-0.166666667,-0.125607126,-0.291666667,-0.333333333,-1.5,-0.564516129,-0.000903342,0.2,0.470588235,-2,-1.55,-0.512135921,0,0
0,2016,3.842,0.7,0.21,0.32,2.76,1.58,41.19,0.64,-0.11,107.91,0.65,14.368231,0.31,-0.05,-0.03,-0.07,13.13,0.68,0.36,0,-0.04,-16185068,0,0,0,0,0,0,0,0,0,2.054,0.93,0.21,0.32,3.1,1.4,40.86,0.57,-0.03,135.7,0.67,50.101288,0.36,-0.11,0.04,-0.16,13.19,0.65,0.32,0.05,0.06,-39526963,0,0,0,1.419,0.93,0.21,0.32,3.68,1.03,39.38,0.63,-0.04,151.54,0.68,14.497708,0.38,-0.08,0.03,-0.13,13.25,0.58,0.27,0.03,0.05,-30651820,0,0,0.870496592,-0.247311828,-0.109677419,0.128571429,0.126984127,0.008076358,0.122807018,2.666666667,-0.204789978,-0.029850746,-0.713216335,-0.138888889,-0.545454545,-1.75,-0.5625,-0.004548901,0.046153846,0.125,-1,-1.666666667,-0.59053095,0,0
0,2011,3.863,0.94,0.09,0.2,1.68,0.86,59.04,0.36,-0.02,6.59,0.7,24.340787,0.09,0,0.01,0.01,14.19,0.54,0.59,0,0.02,4926991,0,0,0,0,0,0,1,0,0,1.76,0.98,0.09,0.2,1.59,0.82,52.06,0.35,-0.01,9.94,0.66,23.158556,0.08,0.03,0.03,0.05,14.15,0.52,0.63,0.05,0.06,27702010,0,0,0,8.275,1.05,0.09,0.2,1.63,0.79,53.98,0.36,0.02,14,0.7,23.256324,0.09,0.11,0.05,0.21,14.09,0.52,0.61,0.08,0.1,102001754,0,0,1.194886364,-0.040816327,0.056603774,0.048780488,0.055045872,0.134076066,0.028571429,1,-0.337022133,0.060606061,0.051049426,0.125,-1,-0.666666667,-0.8,0.002826855,0.038461538,-0.063492063,-1,-0.666666667,-0.822143195,0,0
0,2010,5.474,1.09,0.06,0.41,2.83,1.41,58.05,0.43,0.03,61.84,0.71,4.911467,0.21,0.04,0.08,0.06,12.5,0.63,0.35,0.03,0.12,7088773,1,0,0,1,0,0,0,1,0,6.602,1.13,0.06,0.41,1.92,1.44,58.01,0.41,0.05,44.69,0.68,4.52296,0.13,0.04,0.1,0.06,12.44,0.65,0.52,0.04,0.15,7022131,1,0,1,2.895,0.9,0.06,0.41,1.63,1.6,61.82,0.47,-0.04,36.92,0.72,4.720609,0.1,-0.08,0.03,-0.11,12.4,0.68,0.61,-0.08,0.04,-13090097,1,1,-0.170857316,-0.03539823,0.473958333,-0.020833333,-0.069892473,0.000689536,0.048780488,-0.4,0.383754755,0.044117647,0.085896625,0.615384615,0,-0.2,0,0.004823151,-0.030769231,-0.326923077,-0.25,-0.2,0.009490282,0,0
0,2021,4.774,1.02,0.07,0.16,1.73,0.01,47.32,0.32,0.06,0.01,0.47,4.021646,0.04,0.01,0.03,0.25,13.11,0.06,0.58,0.03,0.46,5135547,0,0,0,0,0,0,0,1,0,4.827,1.02,0.07,0.16,1.22,0.01,44.63,0.35,0.06,0.02,0.38,3.75578,0.02,0.03,0.02,0.29,13.13,0.09,0.82,0.02,0.26,9030355,0,0,1,7.16,1.05,0.07,0.16,1.11,0,49.91,0.3,0.16,0.02,0.41,3.96518,0.01,0,0.06,0.03,13.11,0.09,0.9,0.05,0.6,1099186,0,0,-0.010979905,0,0.418032787,0,-0.4,0.060273359,-0.085714286,0,-0.5,0.236842105,0.070788491,1,-0.666666667,0.5,-0.137931034,-0.001523229,-0.333333333,-0.292682927,0.5,0.769230769,-0.431301759,0,0
0,2009,3.262,0.95,0.11,0.21,0.49,0.32,60.93,0.36,-0.06,5.16,0.33,4.591608,-0.2,0.06,0.02,0.14,12.57,0.4,2.03,-0.02,0.06,11530145,1,1,0,0,0,0,0,1,0,2.281,0.9,0.11,0.21,0.42,0.32,67.49,0.36,-0.11,5.99,0.36,4.81481,-0.25,-0.11,0,-0.26,12.52,0.43,2.39,-0.11,0,-21527636,1,1,1,0.405,0.98,0.11,0.21,0.5,0.32,63.31,0.35,-0.03,9.4,0.31,4.629217,-0.2,0.03,0.02,0.08,12.64,0.39,1.99,0.03,0.06,6963895,1,0,0.430074529,0.055555556,0.166666667,0,-0.106666667,-0.097199585,0,-0.454545455,-0.138564274,-0.083333333,-0.046357385,-0.2,-1.545454545,2,-1.538461538,0.00399361,-0.069767442,-0.150627615,-0.818181818,6,-1.53559736,0,0
0,2020,0.146,0.63,0.11,0.22,2.3,0.04,62.62,0.35,-0.12,-9.34,0.71,28.25425,0.3,-0.1,-0.15,-0.37,13.4,0.26,0.44,0.05,-0.58,-43711641,0,0,0,0,0,0,0,0,0,2.05,0.92,0.11,0.22,8.3,0.04,78.72,0.42,-0.03,-6.46,0.74,29.469901,0.41,-0.05,0.01,-0.58,13.31,0.09,0.12,-0.15,0.07,-22996288,0,1,0,3.206,0.96,0.11,0.22,11.03,0.04,77.43,0.42,-0.02,-5.87,0.71,28.708495,0.44,0.08,0.03,1.03,13.36,0.08,0.09,-0.08,0.34,37359545,0,1,-0.928780488,-0.315217391,-0.722891566,0,2.5,-0.204522358,-0.166666667,3,0.445820433,-0.040540541,-0.041250597,-0.268292683,1,-16,-0.362068966,0.006761833,1.888888889,2.666666667,-1.333333333,-9.285714286,0.900812905,0,0
0,2019,0.037,-0.96,0.03,0.46,1.77,0.04,56.87,0.62,-1.21,32.29,0.37,1.006774,0.23,0.08,-1.29,0.24,9.89,0.32,0.56,0.07,-4.01,1054431,0,0,1,1,0,0,0,0,0,0.028,-2.24,0.03,0.46,1.51,0.17,52.25,0.74,-1.94,9.47,0.4,1.086578,0.18,-0.07,-1.76,-0.15,9.97,0.44,0.66,-0.07,-3.96,-997871,0,1,0,0.15,-1.48,0.03,0.46,1.6,0.16,48.51,0.67,-1.63,35.69,0.45,1.116876,0.21,0,-1.34,0.01,10.09,0.44,0.62,-0.01,-3.01,38513,0,1,0.321428571,-0.571428571,0.17218543,-0.764705882,-0.4125,0.088421053,-0.162162162,-0.37628866,2.409714889,-0.075,-0.073445257,0.277777778,-2.142857143,-0.267045455,-2.6,-0.008024072,-0.272727273,-0.151515152,-2,0.012626263,-2.056680673,0,0
0,2017,1.525,0.72,0.05,0.48,3,1.55,70.82,0.55,-0.1,19.5,0.42,1.402679,0.18,-0.31,-0.02,-0.48,10.96,0.64,0.33,-0.08,-0.03,-12442025,0,1,0,1,0,0,0,0,0,3.52,1,0.05,0.48,2.91,0.44,66.22,0.55,0,23.52,0.38,1.202242,0.16,0.01,0,0.04,11,0.36,0.34,0.01,0.01,544404,0,0,0,4.422,2.22,0.05,0.48,3.26,0.37,83.98,0.64,1.05,-495.89,0.35,0.985682,0.19,0.01,0.8,0.04,10.96,0.32,0.31,0.81,2.46,564187,0,0,-0.566761364,-0.28,0.030927835,2.522727273,2.232142857,0.069465418,0,-10,-0.170918367,0.105263158,0.166719346,0.125,-32,-2,-13,-0.003636364,0.777777778,-0.029411765,-9,-4,-23.85439673,0,0
0,2020,4.284,1.19,0,0.57,0.3,-0.98,63.97,0.49,-0.12,16.69,0.52,1.132068,-0.72,-0.06,-0.05,-0.03,10.3,1.76,3.39,-0.06,-0.03,-1204490,1,1,0,0,1,0,0,0,1,1.008,1.1,0,0.57,0.29,-1.07,54.42,0.46,-0.06,19.17,0.54,0.845354,-0.68,-0.07,0.01,-0.04,10.34,1.67,3.49,-0.03,0.01,-1467226,1,1,1,0.392,1.18,0,0.57,0.31,-1.2,47.65,0.47,-0.09,22.54,0.56,0.897432,-0.62,-0.06,-0.01,-0.04,10.4,1.57,3.28,-0.06,-0.01,-1302097,1,1,3.25,0.081818182,0.034482759,-0.08411215,-0.064516129,0.175486953,0.065217391,1,-0.129368805,-0.037037037,0.339164421,0.058823529,-0.142857143,-6,-0.25,-0.003868472,0.053892216,-0.028653295,1,-4,-0.179069891,0,0
0,2009,2.845,-0.27,0.03,0.39,3.49,30.02,60.81,0.35,-0.04,15.2,0.46,4.962097,0.18,0,0.03,0,11.79,0.97,0.29,0,0.03,89075,0,0,0,0,1,1,0,0,0,0.203,0.14,0.03,0.39,4.12,33.2,81.89,0.36,-0.02,4.18,0.46,4.961024,0.22,-0.52,0.04,-0.53,11.85,0.97,0.24,0.03,0.04,-50346891,0,0,0,0.045,0.47,0.03,0.39,2.8,0.5,44.32,0.39,-0.27,31.63,0.77,5.423244,0.21,0,-0.2,0,11.78,0.41,0.36,-0.17,-0.48,0,0,1,13.01477833,-2.928571429,-0.152912621,-0.095783133,-0.093680089,-0.257418488,-0.027777778,1,2.636363636,0,0.000216286,-0.181818182,-1,-0.25,-1,-0.005063291,0,0.208333333,-1,-0.25,-1.001769225,0,0
0,2013,8.347,1.41,0.11,0.26,1.51,0.08,47.56,0.43,0.08,1.29,0.2,1.761735,0.18,0.07,0.39,0.17,9.99,0.4,0.66,0.28,0.99,1033003,0,0,0,0,0,0,1,0,0,6.643,1.77,0.11,0.26,1.38,0.1,32.93,0.46,0.12,0.57,0.22,1.775182,0.13,-0.19,0.74,-0.48,9.87,0.4,0.72,0.7,1.87,-2548102,0,0,0,7.867,1.47,0.11,0.26,1.83,0.09,53.04,0.47,0.1,0.5,0.27,2.024239,0.24,0.17,0.45,0.5,10.06,0.34,0.55,0.36,1.31,2786243,0,0,0.256510613,-0.203389831,0.094202899,-0.2,0,0.444275736,-0.065217391,-0.333333333,1.263157895,-0.090909091,-0.007574998,0.384615385,-1.368421053,-0.472972973,-1.354166667,0.012158055,0,-0.083333333,-0.6,-0.470588235,-1.405400961,0,0
0,2018,5.292,1.42,0.01,0.32,6.87,0.32,55.52,0.44,0.05,0.02,0.47,5.257396,1.02,-6.33,0.45,-36.33,10.21,0.17,0.15,0.4,2.59,-120143829,0,0,0,0,0,0,0,0,0,4.451,1.22,0.01,0.32,-0.27,0,47.17,0.37,0.24,-4.64,0.46,4.826391,1.28,0.34,0.51,2318076500,11.48,-1.01,-3.72,0.46,3437104393,23180765,0,0,0,4.454,1.26,0.01,0.32,-0.44,0,48.58,0.36,0.25,0.1,0.45,4.599413,0.87,0.43,0.48,3041037800,11.52,-0.61,-2.26,0.43,3400352200,30410378,0,0,0.188946304,0.163934426,-26.44444444,32,-1.42,0.177019292,0.189189189,-0.791666667,-1.004310345,0.02173913,0.089301716,-0.203125,-19.61764706,-0.117647059,-1.000000016,-0.110627178,-1.168316832,-1.040322581,-0.130434783,-0.999999999,-6.182910443,1,1
0,2020,4.045,2.2,0.01,0.36,0.84,-9.58,25.55,0.52,-0.15,12.38,0.54,11.203477,-0.02,-0.43,-0.02,-0.39,12.66,1.1,1.19,0.01,-0.02,-92872189,1,0,0,0,0,0,1,0,0,7.628,1.03,0.01,0.36,0.43,0.16,67.13,0.38,0.01,-0.2,0.48,11.094802,-0.32,0.02,0.08,0.04,12.5,0.62,2.35,0.02,0.13,4035872,1,0,0,1.919,0.93,0.01,0.36,0.38,0.11,63.51,0.42,-0.03,-2.5,0.55,11.933113,-0.36,-0.01,0.04,-0.02,12.44,0.62,2.65,-0.02,0.06,-1661889,1,1,-0.469716833,1.13592233,0.953488372,-60.875,-7.864197531,-0.619395203,0.368421053,-16,-62.9,0.125,0.009795127,-0.9375,-22.5,-1.25,-10.75,0.0128,0.774193548,-0.493617021,-0.5,-1.153846154,-24.01167852,0,0
0,2013,0.083,0.85,0.02,0.34,3.34,1.04,38.37,0.52,-0.13,55.62,0.58,7.594745,0.17,0.02,-0.04,0.04,13.21,0.54,0.3,-0.01,-0.08,8090763,0,1,0,0,0,0,0,0,0,0.169,0.88,0.02,0.34,2.45,0.97,58.57,0.52,-0.1,30.08,0.62,8.713064,0.14,0.01,-0.03,0.02,13.16,0.54,0.41,-0.01,-0.06,4618540,0,1,0,3.268,0.91,0.02,0.34,2.24,0.8,67.07,0.48,-0.07,32.34,0.66,8.825246,0.13,-0.07,-0.02,-0.14,13.05,0.5,0.45,-0.03,-0.04,-22125192,0,1,-0.50887574,-0.034090909,0.363265306,0.072164948,0.016949153,-0.344886461,0,0.3,0.849069149,-0.064516129,-0.128349683,0.214285714,1,0.333333333,1,0.003799392,0,-0.268292683,0,0.333333333,0.751801002,0,0
0,2020,0.68,0.98,0.08,0.44,2.41,0.1,50.37,0.42,-0.03,75.09,0.6,12.649637,0.13,0.06,0.01,0.36,13.86,0.17,0.42,0.06,0.08,45487764,0,0,1,0,0,0,0,1,0,1.233,1,0.08,0.44,2.18,0.1,47.84,0.4,0,80.26,0.62,11.965527,0.13,0.02,0.03,0.1,13.8,0.19,0.46,0.02,0.16,13624204,0,0,1,7.726,1.01,0.08,0.44,2.49,0.11,58.33,0.39,0.01,97.24,0.6,11.74212,0.17,0.06,0.04,0.28,13.79,0.2,0.4,0.06,0.18,37174480,0,0,-0.448499594,-0.02,0.105504587,0,-0.125,0.052884615,0.05,-3,-0.064415649,-0.032258065,0.057173412,0,2,-0.666666667,2.6,0.004347826,-0.105263158,-0.086956522,2,-0.5,2.338746543,0,0
0,2014,4.493,1.13,0.06,0.22,2.69,-0.65,55.2,0.31,0.22,0.53,0.69,20.910723,0.19,0.34,0.41,13656123100,13.27,-1.5,0.37,0.35,16361946100,136561231,0,0,0,0,1,0,0,0,1,4.493,1.12,0.06,0.22,2.29,-0.6,49.76,0.32,0.19,0.56,0.66,19.704239,0.14,0.56,0.35,22185584000,13.25,-1.21,0.44,0.29,13720302100,221855840,0,0,1,4.491,1.14,0.06,0.22,2.18,-0.49,48.53,0.35,0.18,0.03,0.69,19.975249,0.13,0.27,0.33,9962792700,13.19,-0.75,0.46,0.27,12080633700,99627927,0,0,0,0.008928571,0.174672489,0.083333333,0.090909091,0.109324759,-0.03125,0.157894737,-0.053571429,0.045454545,0.061229667,0.357142857,-0.392857143,0.171428571,-0.384459607,0.001509434,0.239669421,-0.159090909,0.206896552,0.192535411,-0.384459607,1,1
0,2021,6.592,1.05,0,0.23,4.26,0.31,52.61,0.44,0.06,293.43,0.56,18.793867,0.41,-0.1,0.08,-0.29,14.14,0.33,0.23,0.09,0.25,-91914205,0,0,0,0,0,0,0,0,1,0.297,0.99,0,0.23,3.99,0.22,52.09,0.48,-0.02,293.87,0.52,16.833514,0.35,0.05,0.04,0.18,14.19,0.27,0.25,0.05,0.14,50185923,0,0,1,5.841,1.05,0,0.23,5.43,0.22,46.25,0.44,0.06,287.28,0.6,17.926191,0.4,0.11,0.08,0.41,14.1,0.25,0.18,0.1,0.33,97237222,0,0,21.1952862,0.060606061,0.067669173,0.409090909,0.315789474,0.009982722,-0.083333333,-4,-0.001497261,0.076923077,0.116455364,0.171428571,-3,1,-2.611111111,-0.003523608,0.222222222,-0.08,0.8,0.785714286,-2.831473838,0,0
0,2015,2.324,0.88,0.03,0.34,3.17,0.41,54.52,0.34,-0.09,86.75,0.76,12.108356,0.3,-0.02,-0.02,-0.05,13.08,0.39,0.32,-0.01,-0.05,-6729039,0,1,0,0,0,0,0,0,0,1.468,0.77,0.03,0.34,-1.65,0.44,65.08,0.39,-0.19,59.54,0.69,12.11961,0.64,-0.11,-0.13,-0.81,12.77,0.14,-0.6,-0.11,-0.93,-26823052,0,1,0,3.869,0.94,0.03,0.34,2.21,0.39,58.13,0.37,-0.05,22.68,0.73,13.308457,0.12,-0.21,0.02,-0.61,13.18,0.35,0.45,0.02,0.05,-78991309,0,0,0.583106267,0.142857143,-2.921212121,-0.068181818,3,-0.162261832,-0.128205128,-0.526315789,0.457003695,0.101449275,-0.000928578,-0.53125,-0.818181818,-0.846153846,-0.938271605,0.024275646,1.785714286,-1.533333333,-0.909090909,-0.946236559,-0.749132239,0,0
0,2011,4.478,1.3,0.04,0.43,3.39,0.6,59.15,0.36,0.19,51.24,0.48,6.187804,0.2,0.03,0.21,0.06,11.74,0.43,0.29,0.21,0.5,2299317,0,0,0,1,0,0,1,0,0,6.618,1.07,0.04,0.43,7.45,0.65,46.67,0.26,0.04,57.04,0.51,6.262708,0.62,0.05,0.08,0.12,11.74,0.45,0.13,0.05,0.19,4692735,0,0,0,5.821,1.1,0.04,0.43,5.28,0.71,46.23,0.25,0.05,39.43,0.55,6.69143,0.55,0.05,0.1,0.11,11.71,0.49,0.19,0.07,0.2,4661082,0,0,-0.323360532,0.214953271,-0.544966443,-0.076923077,-0.097560976,0.267409471,0.384615385,3.75,-0.101683029,-0.058823529,-0.011960321,-0.677419355,-0.4,1.625,-0.5,0,-0.044444444,1.230769231,3.2,1.631578947,-0.510026243,0,0
0,2020,0.1,1.63,0.03,0.44,0.28,-0.37,42.69,0.59,-0.12,2.46,0.55,2.588885,-0.92,-0.13,-0.14,-0.09,10.13,1.43,3.61,-0.13,-0.1,-2339097,1,1,0,0,0,0,0,0,0,1.283,1.43,0.03,0.44,-3.94,-0.03,35.44,0.44,-0.06,0.83,0.56,2.837579,-2163550600,-75004300,-9256100,-0.17,-11.15,454237100,-0.25,-72894000,-0.02,-750043,1,1,0,1.537,1.26,0.03,0.44,1.44,0.32,32.74,0.5,-0.03,6.51,0.48,2.623935,164900000,27393300,109909000,0.07,-11.15,371700000,0.69,25283000,0.3,273933,0,0,-0.922057677,0.13986014,-1.07106599,11.33333333,2.772727273,0.204571106,0.340909091,1,1.963855422,-0.017857143,-0.087643022,-1,-0.999999998,-0.999999985,-0.470588235,-1.908520179,-0.999999997,-15.44,-0.999999998,4,2.118617199,0,0
0,2014,2.315,0.89,0.03,0.17,5.69,0.01,37.87,0.53,-0.12,126.15,0.73,21.765279,0.45,0.08,-0.05,0.73,13.57,0.11,0.18,0.06,-0.46,42192030,0,0,1,0,0,0,0,0,0,0.167,0.76,0.03,0.17,5.37,0.01,44.12,0.59,-0.28,101.67,0.7,20.349351,0.37,0.05,-0.16,0.51,13.47,0.1,0.19,0.06,-1.72,23944488,0,0,0,0.149,0.92,0.03,0.17,7.15,0.07,49.97,0.5,-0.09,116.53,0.67,18.883967,0.41,0.07,-0.02,0.58,13.45,0.13,0.14,0.07,-0.13,35761648,0,0,12.86227545,0.171052632,0.059590317,0,0.090909091,-0.141659112,-0.101694915,-0.571428571,0.240778991,0.042857143,0.069580991,0.216216216,0.6,-0.6875,0.431372549,0.007423905,0.1,-0.052631579,0,-0.73255814,0.762076934,0,0
0,2020,5.942,1.28,0.05,0.38,1.34,1.76,55.93,0.4,0.07,5.86,0.59,2.809015,0.13,0.14,0.11,0.18,11.77,0.77,0.75,0.14,0.14,12438523,0,0,0,0,1,0,0,0,1,4.81,2.22,0.05,0.38,1.15,5.1,53.84,0.32,0.11,16.17,0.63,2.90264,0.09,-0.39,0.11,-0.41,12.11,0.94,0.87,0.08,0.11,-48863890,0,0,1,4.774,1.23,0.05,0.38,0.8,0.75,52.7,0.35,0.15,17.75,0.65,2.954453,-0.04,0.11,0.17,0.2,12.09,0.54,1.26,0.11,0.31,13545717,1,0,0.235343035,-0.423423423,0.165217391,-0.654901961,-0.766850069,0.038818722,0.25,-0.363636364,-0.637600495,-0.063492063,-0.032255119,0.444444444,-1.358974359,0,-1.43902439,-0.02807597,-0.180851064,-0.137931034,0.75,0.272727273,-1.254554498,0,0
0,2013,0.029,0.21,0.19,0.13,1.23,0.24,48.41,0.7,-0.46,46.72,0.68,27.599682,0.08,0.17,-0.33,0.36,13.63,0.47,0.82,0.03,-0.7,99438716,0,0,1,0,0,1,0,0,0,0.025,-0.13,0.19,0.13,0.97,0.56,41.3,0.7,-0.45,33.11,0.68,26.497568,-0.01,0.06,-0.34,0.1,13.56,0.62,1.03,0.05,-0.55,33742866,0,0,0,0.022,-0.5,0.19,0.13,0.82,0.7,46.25,0.75,-0.59,43.81,0.64,25.754284,-0.07,-0.02,-0.42,-0.04,13.46,0.65,1.22,-0.05,-0.64,-11970019,0,1,0.16,-2.615384615,0.268041237,-0.571428571,-0.451219512,0.172154964,0,0.022222222,0.411054062,0,0.041593025,-9,1.833333333,-0.029411765,2.6,0.005162242,-0.241935484,-0.203883495,-0.4,0.272727273,1.946955247,0,0
0,2017,0.034,0.89,0.11,0.53,1.15,0.03,39.73,0.69,-0.32,-28.53,0.26,1.329986,0.01,0.15,-0.08,1.4,12.14,0.11,0.87,-0.1,-0.75,19589495,0,1,0,0,0,0,0,0,0,0.079,0.92,0.11,0.53,3.67,0.04,53.3,0.62,-0.18,11.77,0.28,1.705179,0.13,0.29,-0.05,3.5,11.93,0.08,0.27,-0.07,-0.61,30611505,0,1,0,0.108,0.92,0.11,0.53,2.13,0.05,54.94,0.61,-0.14,0.94,0.29,1.707816,0.08,0.05,-0.05,0.41,11.58,0.11,0.47,0.01,-0.4,3520904,0,0,-0.569620253,-0.032608696,-0.686648501,-0.25,0.333333333,-0.254596623,0.112903226,0.777777778,-3.423959218,-0.071428571,-0.220031445,-0.923076923,-0.482758621,0.6,-0.6,0.017602682,0.375,2.222222222,0.428571429,0.229508197,-0.360061029,0,0
0,2020,1.515,0.72,0.12,0.42,1.37,0.02,48.66,0.42,-0.18,307.44,0.44,2.759174,0.21,-0.01,-0.1,-0.01,10.92,0.56,0.73,-0.01,-0.17,-268753,0,1,1,1,0,0,1,0,0,4.28,0.9,0.12,0.42,2.41,0.32,51.82,0.42,-0.06,46.67,0.45,3.046045,0.25,-0.01,-0.05,-0.05,10.3,0.18,0.41,-0.01,-0.26,-171335,0,1,0,1.872,0.96,0.12,0.42,2.42,0.32,62.48,0.42,-0.03,37.7,0.54,3.325568,0.25,0.03,0.02,0.19,10.31,0.18,0.41,0.03,0.09,723744,0,0,-0.646028037,-0.2,-0.43153527,-0.9375,4.909090909,-0.060980316,0,2,5.587529462,-0.022222222,-0.094178188,-0.16,0,1,-0.8,0.060194175,2.111111111,0.780487805,0,-0.346153846,0.568582018,0,0
0,2009,1.453,0.79,0.01,0.26,3.57,0.91,52.18,0.53,-0.07,78.11,0.42,1.809255,0.41,0.06,-0.02,0.11,10.08,0.56,0.28,-0.05,-0.04,1008735,0,1,0,0,1,0,0,0,0,8.099,1.08,0.01,0.26,2.84,1.12,58.98,0.47,0.02,33.47,0.44,2.001361,0.29,0.03,0.13,0.05,10.04,0.6,0.35,0.06,0.22,448118,0,0,0,1.492,0.74,0.01,0.26,1.77,1.21,58.8,0.5,-0.07,26.36,0.46,2.096057,0.2,-0.02,0.02,-0.04,10.14,0.67,0.56,-0.05,0.03,-419095,0,1,-0.820595135,-0.268518519,0.257042254,-0.1875,-0.163398693,-0.11529332,0.127659574,-4.5,1.3337317,-0.045454545,-0.09598768,0.413793103,1,-1.153846154,1.2,0.003984064,-0.066666667,-0.2,-1.833333333,-1.181818182,1.251047715,0,0
0,2020,8.093,1.03,0.18,0.43,1.6,0.13,57.77,0.42,0.06,47.84,0.41,3.994009,0.06,0.03,0.04,0.17,12.78,0.2,0.63,0.03,0.22,8127839,0,0,0,0,0,0,0,0,1,6.577,1.08,0.18,0.43,1.88,0.09,57.61,0.42,0.14,37.98,0.41,4.421974,0.07,0.08,0.09,0.53,12.7,0.16,0.53,0.08,0.58,19025498,0,0,1,6.63,1.07,0.18,0.43,2.27,0.11,56,0.42,0.11,22.52,0.45,4.655846,0.08,-0.02,0.08,-0.15,12.59,0.15,0.44,-0.03,0.51,-4652854,0,1,0.230500228,-0.046296296,-0.14893617,0.444444444,0.263157895,0.002777296,0,-0.571428571,0.259610321,0,-0.096781437,-0.142857143,-0.625,-0.555555556,-0.679245283,0.006299213,0.25,0.188679245,-0.625,-0.620689655,-0.572792313,0,0
0,2009,1.463,-0.49,0.11,0.11,0.72,8.46,32.98,0.59,-0.07,46.18,0.88,23.837583,-0.13,0.06,-0.01,0.06,13.23,0.94,1.39,0.05,-0.01,23152478,1,0,0,0,0,0,1,0,0,1.509,39.41,0.11,0.11,0.8,-212.43,31.86,0.63,-0.07,65.32,0.87,23.259456,-0.1,-0.12,-0.01,-0.12,13.19,1,1.25,-0.12,-0.01,-44959219,1,1,0,2.286,0.52,0.11,0.11,0.95,3.35,29.78,0.6,-0.05,88.4,0.88,22.665013,-0.02,0.05,0.02,0.05,13.14,0.88,1.05,0.04,0.02,16585090,1,0,-0.030483764,-1.012433393,-0.1,-1.039824883,-1.038178227,0.035153798,-0.063492063,0,-0.293018983,0.011494253,0.024855568,0.3,-1.5,0,-1.5,0.0030326,-0.06,0.112,-1.416666667,0,-1.514966196,0,0
0,2021,0.15,-0.35,0.35,0.08,0.91,0.27,44.47,0.64,-0.2,-0.26,0.41,2.422972,-0.05,-0.04,-0.48,-0.06,10.83,0.62,1.1,-0.05,-0.78,-1414505,1,1,0,0,0,0,0,1,0,0.06,-1.92,0.35,0.08,1.46,0.24,38.77,0.63,-0.43,-0.22,0.55,2.792552,0.18,-0.12,-1.41,-0.23,10.66,0.5,0.68,-0.12,-2.8,-3493589,0,1,1,0.052,-2.3,0.35,0.08,1.25,0.2,44.5,0.64,-0.6,-0.26,0.56,2.734912,0.1,-0.26,-1.64,-0.52,10.85,0.49,0.8,-0.26,-3.32,-9147671,0,1,1.5,-0.817708333,-0.376712329,0.125,0.617647059,0.147020892,0.015873016,-0.534883721,0.181818182,-0.254545455,-0.132344895,-1.277777778,-0.666666667,-0.659574468,-0.739130435,0.015947467,0.24,0.617647059,-0.583333333,-0.721428571,-0.595114079,0,0
0,2009,0.115,0.75,0.03,0.33,1.64,0.12,51.62,0.48,-0.12,27.03,0.65,8.668948,0.13,0.13,-0.07,0.45,12.38,0.29,0.61,0.07,-0.24,22082933,0,0,0,0,0,0,0,0,0,0.05,0.48,0.03,0.33,1.05,0.15,40.1,0.48,-0.22,9.25,0.74,8.962455,0.01,-0.33,-0.23,-0.94,12.25,0.35,0.95,-0.04,-0.68,-47693202,0,1,0,0.103,0.81,0.03,0.33,1.51,0.34,51.36,0.46,-0.14,22.93,0.72,8.480907,0.08,0,-0.06,0,12.71,0.38,0.66,0.06,-0.16,0,0,0,1.3,0.5625,0.561904762,-0.2,-0.20754717,0.287281796,0,-0.454545455,1.922162162,-0.121621622,-0.032748505,12,-1.393939394,-0.695652174,-1.478723404,0.010612245,-0.171428571,-0.357894737,-2.75,-0.647058824,-1.463020558,0,0
0,2010,4.543,1.07,0.16,0.49,1.66,0,52.11,0.37,0.1,21.66,0.25,1.270842,0.06,0.12,0.1,1.33,11.47,0.09,0.6,0.12,1.05,8024637,0,0,0,0,0,0,0,1,0,4.586,1.06,0.16,0.49,2.69,0.01,54.38,0.39,0.08,40.29,0.3,1.979841,0.13,-0.06,0.1,-0.67,11.32,0.08,0.37,0,1.2,-3222529,0,1,1,5.875,1.04,0.16,0.49,2.21,0.02,58.21,0.37,0.05,28.39,0.3,1.985026,0.1,0.03,0.08,0.31,11.4,0.1,0.45,0.04,0.77,1898670,0,0,-0.009376363,0.009433962,-0.382899628,-1,0.111111111,-0.041743288,-0.051282051,0.25,-0.462397617,-0.166666667,-0.35810906,-0.538461538,-3,0,-2.985074627,0.013250883,0.125,0.621621622,12,-0.125,-3.490167505,0,0
0,2016,7.146,1.87,0.06,0.34,2.14,0.02,36.77,0.21,0.13,12.19,0.22,0.960263,0.43,-0.08,0.69,-0.21,9.92,0.39,0.47,-0.08,1.79,-1137386,0,1,0,0,1,0,0,0,0,7.168,1.73,0.06,0.34,2.07,0.03,40.99,0.19,0.12,4.14,0.23,0.937982,0.38,-0.01,0.62,-0.02,10.03,0.38,0.48,-0.02,1.63,-121054,0,1,0,8.059,1.46,0.06,0.34,1.9,0.02,44.21,0.25,0.08,4.58,0.27,0.996477,0.34,0.06,0.74,0.15,10.06,0.39,0.53,0.32,1.89,935668,0,0,-0.003069196,0.080924855,0.033816425,-0.333333333,0.032786885,-0.102951939,0.105263158,0.083333333,1.944444444,-0.043478261,0.023754187,0.131578947,7,0.112903226,9.5,-0.010967099,0.026315789,-0.020833333,3,0.098159509,8.395691179,0,0
0,2011,3.272,0.84,0.05,0.22,8.07,0.06,48.19,0.48,-0.12,0,0.47,9.446042,0.51,-0.12,-0.09,-0.97,12.45,0.12,0.12,-0.12,-0.76,-21249310,1,1,0,0,1,0,1,0,0,0.143,0.89,0.05,0.22,13.32,0.09,49.55,0.41,-0.1,0.01,0.49,9.656927,0.55,-0.05,-0.04,-0.42,12.58,0.12,0.08,-0.06,-0.36,-10695206,1,1,0,0.577,0.95,0.05,0.22,8,0.06,58.23,0.39,-0.04,0.02,0.54,10.156862,0.5,-0.08,0.01,-0.62,12.64,0.12,0.13,-0.03,0.05,-16404795,1,1,21.88111888,-0.056179775,-0.394144144,-0.333333333,0,-0.027447023,0.170731707,0.2,-1,-0.040816327,-0.021837692,-0.072727273,1.4,1.25,1.30952381,-0.010333863,0,0.5,1,1.111111111,0.986806986,0,0
0,2010,0.195,0.84,0.07,0.3,0.97,2.73,45.64,0.36,-0.06,3.07,0.71,6.740844,0,0.61,0.09,0.8,12.81,0.76,1.03,-0.01,0.11,155041941,1,1,0,0,0,0,0,1,0,0.057,1.31,0.07,0.3,-2.64,-2.42,52.57,0.42,-0.25,-268.47,0.5,5.276813,-0.64,-0.99,-0.04,-0.63,12.35,1.58,-0.38,-0.2,-0.03,-159555387,1,1,1,0.063,0.76,0.07,0.3,0.67,2.5,40.55,0.46,-0.18,-298.78,0.3,4.524961,0.27,0.77,-0.08,1.59,12.12,0.48,1.49,-0.14,-0.17,97721788,0,1,2.421052632,-0.358778626,-1.367424242,-2.128099174,-2.161764706,-0.131824234,-0.142857143,-0.76,-1.01143517,0.42,0.277446065,-1,-1.616161616,-3.25,-2.26984127,0.037246964,-0.518987342,-3.710526316,-0.95,-4.666666667,-1.971712356,0,0
0,2014,5.397,1.02,0.03,0.44,3.23,0.25,48.17,0.55,0.03,71.7,0.29,3.398318,0.26,0.07,0.06,0.23,12.43,0.29,0.31,0.06,0.2,11885274,0,0,0,0,0,0,0,1,0,2.285,0.96,0.03,0.44,2.47,0.31,66.43,0.58,-0.06,57.91,0.33,3.864604,0.14,0.04,0.02,0.14,12.35,0.31,0.4,0.03,0.06,7216462,0,0,1,6.802,1,0.03,0.44,2.31,0.32,72.08,0.59,0.01,68.58,0.38,3.926989,0.12,-0.04,0.05,-0.13,12.29,0.31,0.43,0.07,0.16,-6089725,0,0,1.361925602,0.0625,0.307692308,-0.193548387,-0.088888889,-0.274875809,-0.051724138,-1.5,0.23812813,-0.121212121,-0.12065557,0.857142857,0.75,2,0.642857143,0.006477733,-0.064516129,-0.225,1,2.333333333,0.646966893,0,0
0,2010,0.128,0.75,0.09,0.26,1.56,0.41,56.29,0.47,-0.29,-1.16,0.38,1.422374,0.04,-0.29,-0.11,-0.83,10.92,0.35,0.64,-0.16,-0.32,-11123729,0,1,0,1,1,0,0,0,0,0.119,0.75,0.09,0.26,1.5,0,64.39,0.56,-0.51,-2.1,0.34,1.323215,0.05,-0.07,-0.2,-0.76,10.96,0.09,0.67,-0.23,-2.13,-2856677,0,1,0,0.168,0.74,0.09,0.26,1.99,0,65.27,0.54,-0.53,40.71,0.33,1.137831,0.1,-0.03,-0.18,-0.35,11.04,0.1,0.5,-0.24,-1.8,-1497253,0,1,0.075630252,0,0.04,41,4.3,-0.125795931,-0.160714286,-0.431372549,-0.447619048,0.117647059,0.074937935,-0.2,3.142857143,-0.45,0.092105263,-0.003649635,2.888888889,-0.044776119,-0.304347826,-0.849765258,2.893940057,0,0
0,2016,1.046,1,0.1,0.2,70.51,0.32,53.27,0.36,0,0.01,0.75,40.394842,0.66,0,0.05,0,14.04,0.01,0.01,0.02,4.88,0,0,0,0,0,0,0,1,0,0,4.168,0.99,0.1,0.2,-787.31,0.32,44.82,0.36,-0.01,0.01,0.75,39.016316,0.69,0,0.04,0,14.03,0,0,0.01,3822941200,0,0,0,0,7.692,1.01,0.1,0.2,-29.15,0.32,49.28,0.37,0.01,0.01,0.76,38.243166,0.7,5.92e-09,0.06,500,14.01,-0.02,-0.03,0.03,5330264600,5,0,0,-0.749040307,0.01010101,-1.089558116,0,1,0.188531905,0,-1,0,0,0.035332039,-0.043478261,0,0.25,0,0.000712758,1,1,1,-0.999999999,0,1,1
0,2010,1.531,30.22,0.04,0.17,0.82,-204.04,47.3,0.53,-0.06,15.63,0.65,7.175278,-0.07,0.01,0.01,0.01,11.29,1,1.23,0.01,0.01,659541,1,0,0,0,0,0,1,0,0,2.326,5.58,0.04,0.17,0.75,-42.62,49.09,0.53,-0.05,11.85,0.58,6.80655,-0.1,0,0.01,0,11.31,1.01,1.34,0.03,0.01,159897,1,0,0,0.198,7.71,0.04,0.17,0.71,-35.43,50.08,0.53,-0.09,1.38,0.65,7.605551,-0.11,-0.12,-0.06,-0.12,11.27,1.02,1.41,0,-0.06,-6407476,1,0,-0.341788478,4.415770609,0.093333333,3.787423745,3.855525297,-0.036463638,0,0.2,0.318987342,0.120689655,0.054172525,-0.3,1,0,1,-0.001768347,-0.00990099,-0.082089552,-0.666666667,0,3.124786581,0,0
0,2012,1.991,0.97,0.05,0.31,2.44,0.04,43.75,0.58,-0.01,1292.2,0.61,16.618641,0.26,0.07,0.08,0.34,13.08,0.21,0.41,0.07,0.39,23479949,0,0,0,0,0,0,0,0,1,8.35,1.08,0.05,0.31,1.89,0.04,41.98,0.56,0.04,1171,0.66,16.608053,0.19,0.08,0.16,0.33,13.03,0.24,0.53,0.07,0.68,25140093,0,0,1,8.088,1.09,0.05,0.31,1.79,0.04,37.76,0.46,0.04,1025.59,0.66,15.824376,0.14,0.09,0.18,0.42,12.88,0.21,0.56,0.08,0.87,23769786,0,0,-0.761556886,-0.101851852,0.291005291,0,-0.15625,0.042162935,0.035714286,-1.25,0.103501281,-0.075757576,0.000637522,0.368421053,-0.125,-0.5,0.03030303,0.003837299,-0.125,-0.226415094,0,-0.426470588,-0.066035714,0,0
0,2013,0.542,1.33,0.12,0.23,0.38,-0.45,50.22,0.29,-0.02,-3.69,0.5,11.87117,-0.65,0.03,0.03,0.03,11.86,1.11,2.6,0.03,0.02,3001155,0,0,0,0,1,0,0,0,0,0.837,1.22,0.12,0.23,0.4,-0.38,47.6,0.29,-0.01,-8.42,0.53,12.282937,-0.66,0.05,0.1,0.04,11.77,1.15,2.5,0.05,0.08,4429543,0,0,0,5.534,0.87,0.12,0.23,0.41,-0.34,49.97,0.29,0.01,-1.05,0.61,12.820288,-0.66,0,0.19,0,11.88,1.18,2.43,0.09,0.16,143874,0,0,-0.352449223,0.090163934,-0.05,0.184210526,0.35071708,0.055042017,0,1,-0.56175772,-0.056603774,-0.033523497,-0.015151515,-0.4,-0.7,-0.25,0.007646559,-0.034782609,0.04,-0.4,-0.75,-0.32246848,0,0
0,2020,1.679,0.84,0.16,0.43,0.35,-3.63,45.03,0.51,-0.01,-0.67,0.32,3.874883,-0.81,-0.42,0.07,-0.46,10.93,0.91,2.89,0.05,0.07,-16242376,1,0,0,0,1,0,0,0,0,0.362,0.93,0.16,0.43,0.64,-0.36,52.32,0.49,-0.01,-5.97,0.38,4.832854,-0.25,-0.4,0.06,-0.8,10.94,0.5,1.57,0.02,0.12,-15698015,1,0,0,0.613,0.95,0.16,0.43,1.92,-0.07,46.73,0.43,-0.02,-4.68,0.39,5.034072,0.19,0.13,0.06,0.93,10.99,0.14,0.52,0.01,0.45,5502527,1,0,3.638121547,-0.096774194,-0.453125,9.083333333,9.242424242,-0.139334862,0.040816327,0,-0.887772194,-0.157894737,-0.198220555,2.24,0.05,0.166666667,-0.425,-0.000914077,0.82,0.840764331,1.5,-0.416666667,0.034677059,0,0
0,2015,4.749,1.04,0.06,0.3,2.89,0.05,29.32,0.18,0.03,2.3,0.23,0.096932,0.12,-0.18,0.23,-1.71,9.83,0.11,0.35,0.09,2.21,-2350071,0,0,0,0,0,0,0,0,0,0.151,0.76,0.06,0.3,2.2,0.11,42.71,0.24,-0.27,2.74,0.13,0.100477,0.08,0.03,-0.03,0.17,10.08,0.16,0.45,-0.14,-0.2,454635,0,1,0,0.07,0.43,0.06,0.3,3.2,0.2,77.76,0.33,-1.07,21.37,0.1,0.107774,0.12,0,-0.29,0,10.11,0.21,0.31,-0.36,-1.37,0,0,1,30.45033113,0.368421053,0.313636364,-0.545454545,-0.368421053,-0.313509717,-0.25,-1.111111111,-0.160583942,0.769230769,-0.035281706,0.5,-7,-8.666666667,-11.05882353,-0.024801587,-0.3125,-0.222222222,-1.642857143,-12.05,-6.16913788,0,0
0,2009,6.645,1.21,0.03,0.29,0.57,0.32,44.8,0.3,0.08,114.92,0.66,15.391905,-0.29,0.07,0.13,0.1,13.4,0.68,1.74,0.07,0.18,32568542,1,0,0,0,0,0,0,1,0,6.616,1.32,0.03,0.29,0.48,0.01,51.47,0.3,0.1,79.57,0.71,15.862252,-0.38,0.09,0.15,0.13,13.28,0.72,2.1,0.09,0.2,37633760,1,0,1,6.588,1.35,0.03,0.29,3.55,3.45,41.06,0.29,0.08,56.51,0.64,14.069612,0.18,0,0.12,0,13.16,0.79,0.28,0.1,0.15,0,0,0,0.004383313,-0.083333333,0.1875,31,-0.170542636,-0.129590052,0,-0.2,0.444262913,-0.070422535,-0.029651969,-0.236842105,-0.222222222,-0.133333333,-0.230769231,0.009036145,-0.055555556,-0.171428571,-0.222222222,-0.1,-0.134592398,0,0
0,2009,5.855,1.08,0.04,0.28,2.46,0.16,28.42,0.36,0.06,61.12,0.89,20.832365,0.21,-0.13,0.11,-0.48,13.37,0.26,0.41,-0.13,0.41,-56344904,0,1,0,0,0,0,0,0,0,5.817,1.08,0.04,0.28,2.48,0.23,29.85,0.38,0.07,86.86,0.92,20.949549,0.19,0.1,0.1,0.34,13.57,0.29,0.4,0.1,0.35,53873762,0,0,0,5.813,1.08,0.04,0.28,2.37,0.34,32.22,0.39,0.06,91.85,0.92,21.120443,0.19,0,0.1,0,13.51,0.35,0.42,0.12,0.27,0,0,0,0.006532577,0,-0.008064516,-0.304347826,-0.12195122,-0.047906198,-0.052631579,-0.142857143,-0.296338936,-0.032608696,-0.005593629,0.105263158,-2.3,0.1,-2.411764706,-0.014738394,-0.103448276,0.025,-2.3,0.171428571,-2.045869119,0,0
0,2018,8.095,1.82,0.04,0.3,2.11,4.44,48.26,0.3,0.02,0.2,0.55,9.729763,0.39,0.13,0.22,0.15,11.48,0.88,0.47,0.13,0.25,8935256,0,0,0,0,1,0,0,0,0,1.051,4.41,0.04,0.3,2.04,-49.21,49.09,0.3,-0.01,0.2,0.56,10.055977,0.36,-0.01,0.04,-0.01,11.49,1.01,0.49,-0.01,0.04,-894859,0,1,0,5.215,-197.76,0.04,0.3,1.99,-2681.4,45.36,0.28,0.01,0.21,0.56,9.573565,0.33,-3.85,0.17,-3.85,11.48,1,0.5,0.08,0.17,-259737257,0,0,6.702188392,-0.587301587,0.034313725,-1.090225564,-1.097820308,-0.016907721,0,-3,0,-0.017857143,-0.032439812,0.083333333,-14,4.5,-16,-0.000870322,-0.128712871,-0.040816327,-14,5.25,-10.98509933,0,0
0,2012,1.544,0.96,0.11,0.57,6.66,0.09,50.86,0.52,-0.05,252.47,0.2,1.374722,0.48,0.03,0.03,0.19,11.03,0.16,0.15,0.03,0.17,1356147,0,0,1,0,0,0,0,0,1,1.541,0.97,0.11,0.57,6.99,0.11,48.09,0.51,-0.05,273.46,0.27,1.553834,0.51,0.01,0.02,0.05,11,0.17,0.14,0.01,0.13,388055,0,0,1,0.182,0.94,0.11,0.57,7.85,0.12,53.37,0.43,-0.08,275.94,0.26,1.554834,0.5,-0.01,0.01,-0.07,10.98,0.17,0.13,-0.01,0.05,-518190,0,1,0.001946788,-0.010309278,-0.0472103,-0.181818182,-0.047619048,0.057600333,0.019607843,0,-0.076757113,-0.259259259,-0.115271001,-0.058823529,2,0.5,2.8,0.002727273,-0.058823529,0.071428571,2,0.307692308,2.49472884,0,0
0,2020,0.016,-3.33,0.06,0.36,0.88,0.01,52.87,0.37,-0.92,-5.29,0.26,1.452028,-0.09,0.33,-1.04,0.44,11.51,0.75,1.13,0.33,-1.38,22920881,0,0,0,0,1,0,0,0,0,0.047,15.29,0.06,0.36,-0.06,-0.04,68.39,0.42,-1.24,-3.21,0.22,1.287168,-1.31,0.22,-3.22,0.18,10.41,1.24,-16.21,0.22,-2.59,5150116,0,0,0,0.046,9.55,0.06,0.36,-0.32,0,83.91,0.43,-1.56,-3.49,0.21,1.201906,-2.12,-0.15,-4.99,-0.09,10.13,1.61,-3.17,-0.15,-3.09,-2594393,0,1,-0.659574468,-1.217789405,-15.66666667,-1.25,-1.580270793,-0.226933762,-0.119047619,-0.258064516,0.647975078,0.181818182,0.128079629,-0.93129771,0.5,-0.677018634,1.444444444,0.105667627,-0.39516129,-1.069710056,0.5,-0.467181467,3.450556259,0,0
0,2021,4.467,1.37,0.03,0.2,1.81,1.59,36.6,0.45,0.13,154.31,0.68,23.925714,0.18,0.04,0.16,0.06,14.18,0.7,0.55,0.04,0.22,40155485,0,0,0,0,0,0,0,1,0,5.423,1.01,0.03,0.2,1.96,1.5,34.83,0.5,0.01,169.09,0.58,20.103615,0.21,0,0.06,-0.01,14,0.69,0.51,0,0.09,-3550855,0,1,1,2.899,0.94,0.03,0.2,2.23,1.4,43.98,0.51,-0.03,88.08,0.61,20.73856,0.19,0,0.04,0,13.89,0.65,0.45,0.01,0.06,1998306,0,0,-0.176286188,0.356435644,-0.076530612,0.06,0.059090909,0.05081826,-0.1,12,-0.087409072,0.172413793,0.190119986,-0.142857143,4,1.666666667,-7,0.012857143,0.014492754,0.078431373,4,1.444444444,-12.30868059,0,0
0,2020,0.135,0.86,0.12,0.31,2.27,0.7,36.45,0.48,-0.09,211.93,0.76,45.959229,0.3,0.01,-0.03,0.02,14.8,0.55,0.44,0.05,-0.05,17225399,0,0,0,0,0,0,1,0,0,6.296,1.01,0.12,0.31,3.76,0.52,36.1,0.44,0.01,90.15,0.78,47.51821,0.29,-0.81,0.05,-1.98,14.51,0.41,0.27,0.09,0.13,-1131352209,0,0,0,4.404,1.69,0.12,0.31,1.66,0.32,19.2,0.21,0.53,93.34,0.76,46.313575,0.1,0.52,0.61,3.49,15.02,0.15,0.6,0.63,4.11,1204825371,0,0,-0.978557814,-0.148514851,-0.396276596,0.346153846,0.753623188,0.009695291,0.090909091,-10,1.350859678,-0.025641026,-0.032808075,0.034482759,-1.012345679,-1.6,-1.01010101,0.019986216,0.341463415,0.62962963,-0.444444444,-1.384615385,-1.015225496,0,0
0,2019,1.46,0.86,0.09,0.42,1.87,0.45,46.98,0.62,-0.06,1.81,0.55,5.735241,0.13,-0.03,-0.05,-0.08,12.13,0.41,0.53,-0.03,-0.12,-4011537,0,1,0,0,0,0,0,1,0,2.845,0.93,0.09,0.42,1.71,0.43,50.42,0.61,-0.03,1.88,0.54,5.611951,0.1,-0.04,0,-0.11,12.15,0.4,0.58,-0.04,0,-5838701,0,1,1,2.359,0.93,0.09,0.42,1.58,0.46,49.35,0.62,-0.04,1.38,0.52,5.020789,0.08,0.03,0,0.08,12.24,0.41,0.63,0.03,0,4434201,0,0,-0.486818981,-0.075268817,0.093567251,0.046511628,0.060606061,-0.068226894,0.016393443,1,-0.037234043,0.018518519,0.021969187,0.3,-0.25,-5,-0.272727273,-0.001646091,0.025,-0.086206897,-0.25,-12,-0.312940156,0,0
0,2020,8.188,1.01,0.16,0.24,3.08,0.37,62.77,0.34,0.01,-1.38,0.65,7.903187,0.3,0.04,0.06,0.1,13.22,0.38,0.33,0.03,0.16,14381590,0,0,0,0,0,0,0,1,0,7.584,1.13,0.16,0.24,4.38,0.43,53.57,0.28,0.1,0.02,0.66,8.751255,0.27,0.1,0.16,0.27,13.12,0.36,0.23,0.1,0.44,33504290,0,0,1,7.582,1.17,0.16,0.24,3.3,0.5,51.95,0.27,0.1,0.27,0.66,8.229932,0.19,0.11,0.18,0.27,13.01,0.39,0.3,0.11,0.45,32907691,0,0,0.07964135,-0.10619469,-0.296803653,-0.139534884,0.089285714,0.171737913,0.214285714,-0.9,-70,-0.015151515,-0.096908158,0.111111111,-0.6,-0.625,-0.62962963,0.007621951,0.055555556,0.434782609,-0.7,-0.636363636,-0.570753775,0,0
0,2018,0.109,0.9,0.13,0.38,3.97,0.02,43.59,0.69,-0.17,48.04,0.37,1.546863,0.13,-0.05,0,-0.94,10.85,0.06,0.25,-0.05,-0.06,-1929767,0,1,0,0,0,0,1,0,0,0.1,0.9,0.13,0.38,2.13,0.02,42.02,0.69,-0.18,11.41,0.38,1.679492,0.06,-0.06,0,-0.94,10.92,0.07,0.47,-0.06,0.05,-2420159,0,1,0,0.106,0.91,0.13,0.38,2.13,0.01,34.87,0.69,-0.17,21.72,0.27,1.58694,0.06,-0.06,0.01,-0.91,10.98,0.06,0.47,-0.05,0.17,-2361087,0,1,0.09,0,0.863849765,0,-0.142857143,0.03736316,0,-0.055555556,3.210341805,-0.026315789,-0.078969712,1.166666667,-0.166666667,0,0,-0.006410256,-0.142857143,-0.468085106,-0.166666667,-2.2,-0.202628009,0,0
0,2017,0.047,-0.58,0.01,0.24,2.37,4.83,69.73,0.42,-0.51,93.33,0.8,11.793314,0.17,-0.02,-0.2,-0.02,14.2,0.85,0.42,-0.02,-0.24,-18763296,0,1,1,0,0,0,0,0,0,0.048,-0.04,0.01,0.24,2.06,3.6,68.44,0.42,-0.39,91.64,0.8,11.338873,0.16,0.02,-0.15,0.03,14.1,0.81,0.49,0.02,-0.19,22209228,0,0,0,0.05,-0.18,0.01,0.24,1.82,3.78,59.85,0.42,-0.42,112.85,0.78,10.534471,0.14,0.02,-0.16,0.02,14.03,0.83,0.55,0.02,-0.2,15318557,0,0,-0.020833333,13.5,0.150485437,0.341666667,0.290909091,0.018848627,0,0.307692308,0.018441729,0,0.040078145,0.0625,-2,0.333333333,-1.666666667,0.007092199,0.049382716,-0.142857143,-2,0.263157895,-1.844842333,0,0
0,2019,5.807,1.15,0.07,0.34,-0.13,0.1,51.41,0.43,0.06,-81.31,0.46,9.074253,-0.36,-0.01,0.18,-0.03,12.08,0.38,-7.46,0.14,0.46,-1561998,1,0,0,0,0,0,0,0,0,4.538,1.22,0.07,0.34,-1.03,0.09,48.76,0.41,0.09,-119.91,0.48,8.572502,-0.4,0.03,0.26,0.1,11.92,0.26,-0.97,0.19,1,2745931,1,0,0,5.85,1.11,0.07,0.34,-1.33,0.09,45.91,0.45,0.05,-123.42,0.5,8.623948,-0.46,0.04,0.17,0.15,11.89,0.26,-0.75,0.11,0.64,3989970,1,0,0.279638607,-0.057377049,-0.873786408,0.111111111,0.694444444,0.054347826,0.048780488,-0.333333333,-0.321908098,-0.041666667,0.058530287,-0.1,-1.333333333,-0.307692308,-1.3,0.013422819,0.461538462,6.690721649,-0.263157895,-0.54,-1.56884095,0,0
0,2012,3.822,4.37,0.03,0.38,1.01,-18.14,66.24,0.45,-0.1,-8.48,0.56,8.229077,0,-0.29,-0.06,-0.28,12.08,1.04,0.99,-0.13,-0.06,-36110140,0,1,0,0,0,0,0,1,0,1.522,0,0.03,0.38,1.31,2.39,44.55,0.48,-0.18,-3.89,0.49,8.012362,0.05,-0.12,-0.17,-0.16,12.12,0.76,0.76,-0.16,-0.22,-15332221,0,1,1,2.29,0.53,0.03,0.38,1.39,2.03,49.25,0.38,-0.12,-3.35,0.6,9.99149,0.06,-0.17,-0.07,-0.24,12.37,0.72,0.72,-0.07,-0.09,-28742794,0,1,1.511169514,437,-0.229007634,-8.589958159,-9.137820513,0.486868687,-0.0625,-0.444444444,1.179948586,0.142857143,0.02704758,-1,1.416666667,-0.647058824,0.75,-0.00330033,0.368421053,0.302631579,-0.1875,-0.727272727,1.355179983,0,0
0,2020,0.778,1,0.02,0.47,0.16,0.32,49.68,0.37,0,-0.55,0.38,0.5491,-2.9,-0.08,0.31,-0.02,9.89,3.46,6.24,-0.08,0.09,-1048000,1,1,0,0,0,0,0,0,1,4.515,0.76,0.02,0.47,0.22,0.32,67.14,0.32,0.15,-0.25,0.39,0.5697,-2.35,0.14,0.74,0.05,10.06,3.01,4.6,0.14,0.25,2310000,1,0,1,7.531,0.95,0.02,0.47,0.21,0.32,88.6,0.36,0.05,-1.03,0.34,0.4932,-2.55,-0.13,0.42,-0.04,10.02,3.24,4.72,-0.13,0.13,-2070000,1,1,-0.827685493,0.315789474,-0.272727273,0,-0.06,-0.260053619,0.15625,-1,1.2,-0.025641026,-0.036159382,0.234042553,-1.571428571,-0.581081081,-1.4,-0.016898608,0.149501661,0.356521739,-1.571428571,-0.64,-1.453679654,0,0
0,2010,1.462,0.95,0.03,0.45,3.84,0.87,32.04,0.45,-0.04,183.91,0.63,8.886154,0.33,0.04,0.01,0.08,13.1,0.53,0.26,0.03,0.02,14183000,0,0,0,0,0,0,1,0,0,3.26,0.97,0.03,0.45,3.65,0.89,30.01,0.44,-0.02,233.35,0.72,9.748211,0.35,0.05,0.02,0.09,13.03,0.54,0.27,0.01,0.04,16047126,0,0,0,2.294,0.96,0.03,0.45,3.66,1.04,30.44,0.43,-0.03,195.93,0.79,10.165989,0.33,-0.02,0.02,-0.04,12.98,0.57,0.27,-0.02,0.03,-6438472,0,1,-0.551533742,-0.020618557,0.052054795,-0.02247191,-0.050847458,0.067644119,0.022727273,1,-0.211870581,-0.125,-0.088432329,-0.057142857,-0.2,-0.5,-0.111111111,0.005372218,-0.018518519,-0.037037037,2,-0.5,-0.116165723,0,0
0,2020,0.031,0.21,0.01,0.32,1.65,1.3,31.41,0.69,-0.28,120.87,0.24,2.349304,0.19,0.01,-0.22,0.02,11.73,0.69,0.61,0.01,-0.32,1107457,0,0,0,0,0,0,0,1,0,0.063,0.57,0.01,0.32,2.17,1.39,30.75,0.58,-0.13,67.17,0.34,2.391129,0.2,0.06,-0.12,0.09,11.58,0.65,0.46,0.06,-0.18,4378815,0,0,1,0.074,0.47,0.01,0.32,1.53,1.76,36.59,0.69,-0.14,29.05,0.29,2.199246,0.09,0,-0.13,0,11.53,0.7,0.65,0,-0.18,-70079,0,1,-0.507936508,-0.631578947,-0.239631336,-0.064748201,0.17989418,0.021463415,0.189655172,1.153846154,0.799464046,-0.294117647,-0.017491737,-0.05,-0.833333333,0.833333333,-0.777777778,0.012953368,0.061538462,0.326086957,-0.833333333,0.777777778,-0.747087511,0,0
0,2021,2.334,0.32,0.07,0.29,1.13,2.62,41.88,0.56,-0.16,150.94,0.15,0.909025,0.05,0.09,-0.07,0.11,11.12,0.82,0.88,0.09,-0.09,4420001,0,0,1,0,0,0,0,0,1,3.622,0.22,0.07,0.29,1.04,4.26,48.15,0.57,-0.09,192.57,0.14,0.812342,0.02,-0.02,-0.01,-0.02,11.06,0.91,0.96,-0.02,-0.01,-895239,0,1,1,3.332,0.37,0.07,0.29,1.39,3.8,47.85,0.54,-0.09,21.5,0.17,0.970651,0.1,-0.05,-0.02,-0.06,10.69,0.84,0.72,-0.05,-0.02,-1671487,0,1,-0.355604638,0.454545455,0.086538462,-0.384976526,-0.549132948,-0.130218069,-0.01754386,0.777777778,-0.216181129,0.071428571,0.119017606,1.5,-5.5,6,-6.5,0.005424955,-0.098901099,-0.083333333,-5.5,8,-5.93723017,0,0
0,2016,0.149,0.81,0.07,0.52,1.31,0.27,40.99,0.42,-0.16,3.21,0.01,6.977352,0.04,0,-0.09,0,12.9,0.32,0.76,0,-0.27,237000,0,0,0,0,0,0,0,0,0,0.051,0.56,0.07,0.52,1.34,0.28,43.58,0.42,-0.51,4.98,0.02,5.065008,0.04,0.01,-0.25,0.02,12.9,0.32,0.75,0.01,-0.79,1478810,0,0,0,0.05,0.54,0.07,0.52,1.28,0.31,47.33,0.42,-0.6,6.48,0.02,4.965753,0.04,0.04,-0.27,0.12,12.91,0.33,0.78,0.04,-0.81,11602190,0,0,1.921568627,0.446428571,-0.02238806,-0.035714286,-0.020833333,-0.059430932,0,-0.68627451,-0.355421687,-0.5,0.377559917,0,-1,-0.64,-1,0,0,0.013333333,-1,-0.658227848,-0.839736004,0,0
0,2014,4.475,1.57,0.06,0.3,2.14,0.57,50.33,0.2,0.17,52.61,0.25,0.80934,0.26,0.01,0.32,0.01,11.04,0.51,0.47,0.27,0.63,227887,0,0,0,0,1,0,0,0,0,4.458,1.66,0.06,0.3,2.19,0.27,45.64,0.19,0.19,57.61,0.21,0.700488,0.31,0.19,0.44,0.45,10.85,0.41,0.46,0.38,1.06,6728922,0,0,0,4.522,2.38,0.06,0.3,1.05,0.41,59.58,0.16,0.26,27.78,0.24,0.817112,0.02,0.08,0.59,0.13,10.89,0.61,0.95,0.48,0.96,2931463,0,0,0.003813369,-0.054216867,-0.02283105,1.111111111,0.485714286,0.102760736,0.052631579,-0.105263158,-0.086790488,0.19047619,0.155394525,-0.161290323,-0.947368421,-0.272727273,-0.977777778,0.017511521,0.243902439,0.02173913,-0.289473684,-0.405660377,-0.966133208,0,0
0,2009,3.577,0.9,0,0.28,1.58,0.48,50.03,0.5,-0.07,95.08,0.64,5.832797,0.18,0.02,-0.01,0.03,12.51,0.53,0.63,0.01,-0.03,2952477,0,0,0,0,0,0,0,1,0,2.815,0.84,0,0.28,1.51,0.5,50.98,0.51,-0.11,100.34,0.72,6.886536,0.16,0.02,-0.04,0.04,12.5,0.54,0.66,0.01,-0.07,3817676,0,0,1,1.54,0.79,0,0.28,1.45,0.6,53.81,0.51,-0.15,112.25,0.67,6.517827,0.16,0,-0.05,0,12.6,0.61,0.69,0.01,-0.08,0,0,0,0.270692718,0.071428571,0.046357616,-0.04,-0.042016807,-0.018634759,-0.019607843,-0.363636364,-0.052421766,-0.111111111,-0.153014375,0.125,0,-0.75,-0.25,8e-04,-0.018518519,-0.045454545,0,-0.571428571,-0.226629761,0,0
0,2017,4.586,1.54,0.01,0.17,0.2,0.32,39.69,0.4,0.11,-0.79,0.57,4.058274,-0.61,0.17,0.26,0.22,11.81,0.77,4.91,0.17,0.34,15738126,1,0,0,0,0,0,0,0,1,4.588,2.65,0.01,0.17,0.16,0.32,39.02,0.42,0.1,-1.46,0.66,3.785891,-0.78,0.17,0.27,0.18,11.71,0.93,6.23,0.17,0.29,14224734,1,0,1,6.586,0.45,0.01,0.17,0.11,0.32,37.55,0.43,0.06,-1.04,0.65,3.336174,-0.98,0.1,0.2,0.09,11.75,1.1,9.08,0.1,0.18,9044785,1,0,-0.00043592,-0.418867925,0.25,0,-0.758099352,0.017170682,-0.047619048,0.1,-0.45890411,-0.136363636,0.071946868,-0.217948718,0,-0.037037037,0.222222222,0.00853971,-0.172043011,-0.21187801,0,0.172413793,0.106391585,0,0
0,2015,1.439,1,0.18,0.35,4.91,0.83,48.16,0.51,0,202.56,0.56,14.513749,0.43,0.01,0.04,0.03,13.48,0.51,0.2,0.04,0.08,6895285,0,0,1,0,0,0,1,0,0,0.978,0.96,0.18,0.35,5.54,0.89,51.89,0.51,-0.03,202.6,0.62,14.538823,0.44,0.04,0.02,0.08,13.47,0.52,0.18,0.05,0.04,21503650,0,0,0,2.005,0.97,0.18,0.35,4.99,0.99,54.18,0.49,-0.02,152.44,0.54,14.556222,0.41,0.06,0.03,0.1,13.43,0.55,0.2,0.06,0.06,27197179,0,0,0.471370143,0.041666667,-0.113718412,-0.06741573,-0.036363636,-0.071882829,0,-1,-0.000197433,-0.096774194,-0.001724624,-0.022727273,-0.75,1,-0.625,0.00074239,-0.019230769,0.111111111,-0.2,1,-0.679343507,0,0
0,2008,4.288,0.96,0.03,0.37,1.96,0.75,69.84,0.47,-0.03,31.15,0.68,6.772096,0.13,-0.1,0.05,-0.21,11.7,0.51,0.51,0,0.09,-8772386,0,1,0,0,0,0,0,1,0,0.875,0.98,0.03,0.37,1.91,0.47,64.38,0.47,-0.02,39.99,0.72,6.983054,0.13,0.03,0.05,0.08,11.72,0.41,0.52,0.05,0.12,2936539,0,0,1,3.639,0.95,0.03,0.37,1.86,0.47,79.29,0.49,-0.04,23.34,0.77,7.15538,0.12,0,0.03,0,11.66,0.42,0.54,0.04,0.07,0,0,0,3.900571429,-0.020408163,0.02617801,0.595744681,0.450704225,0.084808947,0,0.5,-0.221055264,-0.055555556,-0.030209991,0,-4.333333333,0,-3.625,-0.001706485,0.243902439,-0.019230769,-1,-0.25,-3.987321469,0,0
0,2020,1.565,1.46,0.03,0.43,0.72,-2.12,68.77,0.39,-0.08,36.44,0.2,2.692338,-0.2,0.12,-0.01,0.09,11.05,1.23,1.38,0.12,-0.01,5092781,1,0,0,0,1,0,0,0,1,1.856,1.31,0.03,0.43,0.83,-2.09,75.24,0.41,-0.07,19.54,0.23,3.081241,-0.11,-0.06,-0.02,-0.04,11.06,1.35,1.21,-0.06,-0.01,-2660957,1,1,1,8.205,0.87,0.03,0.43,0.95,-2.62,27.94,0.36,0.02,77.99,0.23,2.975267,-0.03,-0.77,0.08,-0.6,11.11,1.27,1.05,0.02,0.06,-35589169,1,0,-0.156788793,0.114503817,-0.13253012,0.014354067,0.364102564,-0.085991494,-0.048780488,0.142857143,0.864892528,-0.130434783,-0.126216352,0.818181818,-3,-0.5,-3.25,-0.000904159,-0.088888889,0.140495868,-3,0,-2.913890754,0,0
0,2008,4.936,1.07,0.18,0.41,-1.14,0.32,67.04,0.42,0.03,0.29,0.46,1.592779,-1.07,-8.08,0.12,-16.18,10.74,0.5,-0.88,0.16,0.23,-260539984,1,0,0,0,0,0,0,1,0,2.053,0.98,0.18,0.41,4.03,0.56,643.06,0.42,-0.13,1516.06,0.32,1.314878,0.35,0.02,0,0.04,13.46,0.43,0.25,0,-0.01,8900019,0,1,1,1.044,1,0.18,0.41,5.5,0.57,551.95,0.42,-0.02,1666.27,0.34,1.447325,0.39,0,0,0,13.4,0.42,0.18,0.01,0.01,0,0,0,1.40428641,0.091836735,-1.282878412,-0.428571429,0.298701299,-0.895748453,0,-1.230769231,-0.999808715,0.4375,0.211351167,-4.057142857,-405,12,-405.5,-0.202080238,0.162790698,-4.52,16,-24,-30.27409301,0,0
0,2009,2.838,0.94,0.03,0.52,5.67,0.14,47.79,0.47,-0.04,105.07,0.39,1.828084,0.44,0.03,0.02,0.14,10.36,0.2,0.18,0.02,0.08,637205,0,0,0,0,0,0,0,0,0,2.04,0.99,0.03,0.52,6.06,0.18,51.2,0.48,-0.01,118.7,0.41,1.871068,0.48,0.06,0.05,0.25,10.36,0.23,0.17,0.05,0.23,1305268,0,0,0,5.247,1.02,0.03,0.52,5.3,0.24,57.51,0.47,0.02,94.88,0.4,1.807464,0.43,0,0.09,0,10.33,0.27,0.19,0.09,0.33,0,0,0,0.391176471,-0.050505051,-0.064356436,-0.222222222,-0.161290323,-0.066601563,-0.020833333,3,-0.114827296,-0.048780488,-0.022972976,-0.083333333,-0.5,-0.6,-0.44,0,-0.130434783,0.058823529,-0.6,-0.652173913,-0.511820561,0,0
0,2020,4.42,15.9,0.03,0.47,2.18,1.7,47.99,0.16,0.48,8.9,0.41,0.286756,0.54,-0.46,2.99,-0.58,9.42,0.8,0.46,3.07,3.74,-3931632,0,0,0,0,1,0,0,0,0,4.415,5.39,0.03,0.47,5.23,0.32,40.03,0.14,0.48,7.77,0.49,0.327762,0.81,-0.06,3.55,-0.3,9.21,0.19,0.19,3.56,18.58,-393774,0,0,0,4.45,5.63,0.03,0.47,7.23,0.32,36.78,0.13,0.54,15.08,0.42,0.288831,0.86,0.05,3.99,0.38,9.22,0.14,0.14,3.8,28.9,372561,0,0,0.001132503,1.949907236,-0.583173996,4.3125,15.58333333,0.198850862,0.142857143,0,0.145431145,-0.163265306,-0.125109073,-0.333333333,6.666666667,-0.157746479,0.933333333,0.022801303,3.210526316,1.421052632,-0.137640449,-0.798708288,8.984488565,0,0
0,2018,3.581,0.87,0.29,0.21,0.71,0.73,59.16,0.39,-0.09,35.63,0.39,4.336805,-0.03,0,0,0,12.57,0.47,1.41,-0.06,-0.01,-81173,0,1,0,0,0,0,0,0,0,4.117,0.89,0.29,0.21,1.69,0.76,61.67,0.41,-0.07,35.83,0.47,5.004899,0.05,-0.03,0,-0.07,12.57,0.47,0.59,-0.03,0,-6918401,0,1,0,3.833,0.88,0.29,0.21,1.94,0.75,66.41,0.48,-0.08,12.36,0.5,5.349295,0.07,-0.04,-0.05,-0.09,12.63,0.47,0.51,-0.04,-0.11,-8650215,0,1,-0.130191887,-0.02247191,-0.579881657,-0.039473684,0,-0.040700503,-0.048780488,0.285714286,-0.005581915,-0.170212766,-0.133488008,-1.6,-1,0,-1,0,0,1.389830508,1,-1,-0.988267087,0,0
0,2020,1.612,0.94,0.07,0.33,1.1,1.18,49.57,0.34,-0.02,54.91,0.27,2.7553,0.03,-0.94,0.09,-1.42,11.46,0.66,0.91,-0.95,0.14,-62363164,0,1,0,0,0,0,0,1,0,8.481,1.04,0.07,0.33,1.93,0.31,42.1,0.32,0.05,50,0.3,3.272818,0.07,0.15,0.09,0.5,12.06,0.3,0.52,0.14,0.3,17868419,0,0,1,3.568,0.98,0.07,0.33,1.21,0.4,54.06,0.36,-0.02,3.77,0.08,2.819562,0.02,0.03,0.05,0.09,11.91,0.36,0.82,0.04,0.15,3313014,0,0,-0.809928075,-0.096153846,-0.430051813,2.806451613,3.69047619,0.177434679,0.0625,-1.4,0.0982,-0.1,-0.158126116,-0.571428571,-7.266666667,0,-3.84,-0.049751244,1.2,0.75,-7.785714286,-0.533333333,-4.49013329,0,0
0,2013,4.543,1.11,0.07,0.41,2.96,0,41.5,0.4,0.12,82.48,0.49,9.426263,0.18,0.01,0.17,0.15,12.82,0.09,0.34,0.08,1.87,3473403,0,0,0,0,0,0,0,0,0,4.539,1.12,0.07,0.41,3.4,0.02,49.55,0.4,0.12,51.24,0.52,9.779809,0.18,0.03,0.18,0.28,12.8,0.09,0.29,0.09,1.97,6311671,0,0,0,4.556,1.12,0.07,0.41,2.9,-0.01,56.3,0.44,0.13,32.13,0.52,9.948603,0.15,0.07,0.18,1.03,12.74,0.06,0.34,0.1,2.78,15840782,0,0,0.000881251,-0.008928571,-0.129411765,-1,0,-0.162462159,0,0,0.609679938,-0.057692308,-0.036150604,0,-0.666666667,-0.055555556,-0.464285714,0.0015625,0,0.172413793,-0.111111111,-0.050761421,-0.44968567,0,0
0,2014,8.542,1.06,0.05,0.26,3.2,1.37,55.72,0.36,0.03,183.92,0.67,13.916857,0.33,0.05,0.06,0.07,13.23,0.64,0.31,0.06,0.09,18612325,0,0,0,0,0,0,0,1,0,7.183,1.13,0.05,0.26,3.52,1.62,49.85,0.36,0.06,153.83,0.39,12.895809,0.3,0.11,0.1,0.17,13.16,0.66,0.28,0.08,0.16,41145826,0,0,1,8.062,1.15,0.05,0.26,2.35,2.64,55.02,0.35,0.04,130.67,0.39,13.43327,0.23,0.01,0.09,0.01,13.12,0.77,0.43,0.07,0.12,3120415,0,0,0.189196714,-0.061946903,-0.090909091,-0.154320988,-0.095959596,0.11775326,0,-0.5,0.195605539,0.717948718,0.079176731,0.1,-0.545454545,-0.4,-0.588235294,0.005319149,-0.03030303,0.107142857,-0.25,-0.4375,-0.547649742,0,0
0,2019,4.266,0.9,0.12,0.26,2.56,0.32,23,0.46,-0.04,0.03,0.71,5.273761,0.2,-0.04,0.05,-0.31,11.12,0.13,0.39,-0.04,0.38,-1869837,1,1,0,0,0,0,0,1,0,4.135,0.91,0.12,0.26,3.16,0.32,28.63,0.46,-0.04,0.03,0.71,5.336951,0.24,-0.03,0.03,-0.29,11.15,0.11,0.32,-0.03,0.26,-1607122,1,1,1,4.097,0.91,0.12,0.26,3.7,0.32,30.73,0.47,-0.04,0.02,0.75,5.598283,0.26,-0.04,0.01,-0.39,11.17,0.1,0.27,-0.04,0.09,-1866770,1,1,0.031680774,-0.010989011,-0.189873418,0,0.153846154,-0.196646874,0,0,0,0,-0.011840094,-0.166666667,0.333333333,0.666666667,0.068965517,-0.002690583,0.181818182,0.21875,0.333333333,0.461538462,0.163469233,0,0
0,2010,0.142,0.31,0.01,0.48,2.7,0.19,68.8,0.68,-0.52,78.3,0.32,0.846978,0.3,-0.01,-0.38,-0.05,9.29,0.31,0.37,-0.04,-1.21,-106614,0,1,1,1,0,0,0,0,0,1.494,0.59,0.01,0.48,3.34,0.27,75.14,0.59,-0.28,74.86,0.36,0.878549,0.35,-0.04,-0.18,-0.12,9.34,0.33,0.3,0.12,-0.53,-304072,0,0,0,1.459,0.35,0.01,0.48,2.65,0.28,121.45,0.7,-0.6,28.98,0.38,0.906205,0.34,0.26,-0.32,0.68,9.47,0.38,0.38,0.12,-0.84,2343404,0,0,-0.904953146,-0.474576271,-0.191616766,-0.296296296,-0.081632653,-0.084375832,0.152542373,0.857142857,0.045952445,-0.111111111,-0.035935389,-0.142857143,-0.75,1.111111111,-0.583333333,-0.005353319,-0.060606061,0.233333333,-1.333333333,1.283018868,-0.649379094,0,0
0,2010,6.641,1.96,0.21,0.36,1.74,1.29,62.01,0.32,0.2,-3.05,0.64,9.212042,0.14,-0.14,0.4,-0.22,11.86,0.65,0.57,0.35,0.61,-13764692,0,0,0,0,1,1,0,0,0,5.864,1.82,0.21,0.36,1.85,0.64,54.76,0.31,0.21,-6.19,0.69,9.056035,0.15,-0.7,0.48,-1.41,11.84,0.5,0.54,0.42,0.97,-67739051,0,0,0,5.867,1.34,0.21,0.36,2.98,-0.21,63.07,0.33,0.23,-5.29,0.71,8.9678,0.22,-2.53,0.45,-26211512300,11.91,-0.12,0.34,0.39,4705464600,-262115123,0,0,0.132503411,0.076923077,-0.059459459,1.015625,0.858585859,0.132395909,0.032258065,-0.047619048,-0.50726979,-0.072463768,0.017226855,-0.066666667,-0.8,-0.166666667,-0.843971631,0.001689189,0.3,0.055555556,-0.166666667,-0.371134021,-0.796798275,0,1
0,2017,4.527,1.97,0,0.05,2.81,2.87,36.65,0.29,0.12,54.19,0.45,3.607172,0.28,-0.01,0.36,-0.02,11.7,0.78,0.36,0.16,0.47,-1001459,0,0,0,0,1,0,0,0,1,4.493,2.23,0,0.05,3.01,2.86,33.93,0.27,0.15,54.75,0.51,3.664658,0.29,0.09,0.42,0.11,11.73,0.78,0.33,0.22,0.54,7391090,0,0,1,4.499,3.19,0,0.05,2.77,4.82,40.75,0.26,0.17,29.05,0.51,3.3964,0.25,-0.02,0.49,-0.02,11.66,0.85,0.36,0.28,0.58,-1371578,0,0,0.007567327,-0.116591928,-0.066445183,0.003496503,0.019886364,0.080165046,0.074074074,-0.2,-0.010228311,-0.117647059,-0.015686593,-0.034482759,-1.111111111,-0.142857143,-1.181818182,-0.002557545,0,0.090909091,-0.272727273,-0.12962963,-1.135495441,0,0
0,2010,1.505,0.93,0.07,0.38,4.13,0.33,68.59,0.48,-0.09,65.01,0.62,4.60571,0.17,0.01,0,0.05,12.08,0.29,0.24,0.01,0.01,1721465,0,0,0,0,0,0,0,0,0,3.902,0.95,0.07,0.38,4.71,0.34,82.1,0.47,-0.06,67.15,0.63,4.535212,0.2,0.02,0.02,0.08,12.07,0.3,0.21,0.02,0.05,2805147,0,0,0,6.712,1.01,0.07,0.38,3.8,0.36,80.17,0.45,0.01,75.83,0.62,4.44574,0.2,0.02,0.05,0.07,12.07,0.32,0.26,0.02,0.15,2656325,0,0,-0.614300359,-0.021052632,-0.123142251,-0.029411765,-0.023809524,-0.16455542,0.021276596,0.5,-0.03186895,-0.015873016,0.015544588,-0.15,-0.5,-1,-0.375,0.0008285,-0.033333333,0.142857143,-0.5,-0.8,-0.386319148,0,0
0,2014,5.874,1.1,0.25,0.26,1.38,0.38,64.56,0.36,0.08,1.54,0.55,6.104169,0.03,0.02,0.15,0.05,12.95,0.34,0.73,0.08,0.45,4474679,0,0,0,0,1,0,0,0,0,4.486,1.23,0.25,0.26,1.23,0.03,33.25,0.33,0.18,2.91,0.53,6.065006,0.03,-0.24,0.29,-1.54,12.68,0.15,0.81,0.1,1.88,-53126783,0,0,0,4.538,1.13,0.25,0.26,1.71,0.56,46.2,0.34,0.14,0.46,0.5,5.832206,0.04,0,0.13,-0.01,13.27,0.4,0.59,0.02,0.34,-939180,0,0,0.309407044,-0.105691057,0.12195122,11.66666667,1.833333333,0.941654135,0.090909091,-0.555555556,-0.470790378,0.037735849,0.006457207,0,-1.083333333,-0.482758621,-1.032467532,0.021293375,1.266666667,-0.098765432,-0.2,-0.760638298,-1.084226425,0,0
0,2012,0.831,1.12,0.07,0.39,0.71,-1.38,66.3,0.41,-0.05,0,0.48,2.226257,-0.19,-0.05,0.13,-0.03,11,1.89,1.41,-0.04,0.07,-2233035,0,1,0,0,0,0,0,0,0,2.11,1.07,0.07,0.39,0.98,-1.57,70.58,0.43,-0.03,0,0.5,2.301683,-0.01,-0.11,0.12,-0.06,10.98,1.86,1.02,0.03,0.07,-4507082,0,0,0,3.408,1.03,0.07,0.39,0.85,-1.5,57.5,0.39,-0.01,0,0.51,2.329044,-0.09,-1.27,0.08,-0.69,10.88,1.83,1.18,0.1,0.04,-46712588,0,0,-0.606161137,0.046728972,-0.275510204,-0.121019108,-0.023041475,-0.060640408,-0.046511628,0.666666667,0,-0.04,-0.032769934,18,-0.545454545,0.083333333,-0.5,0.001821494,0.016129032,0.382352941,-2.333333333,0,-0.504549729,0,0
0,2017,6.843,1.01,0.03,0.41,1.57,0.18,215.44,0.47,0.05,307.14,0.54,10.007772,0.09,0.08,0.02,0.27,14.93,0.29,0.64,0.02,0.05,167908000,0,0,0,0,0,0,0,0,0,6.248,1.01,0.03,0.41,2.59,0.72,200.32,0.47,0.07,377.14,0.55,9.724979,0.21,0.1,0.01,0.2,15.15,0.5,0.39,0.01,0.03,256468000,0,0,0,5.91,1.02,0.03,0.41,3.08,0.87,185.26,0.46,0.09,454.78,0.63,9.80347,0.25,0.06,0.02,0.11,15.01,0.53,0.32,0.02,0.03,133934000,0,0,0.095230474,0,-0.393822394,-0.75,-0.581632653,0.075479233,0,-0.285714286,-0.185607467,-0.018181818,0.029079035,-0.571428571,-0.2,1,0.35,-0.014521452,-0.42,0.641025641,1,0.666666667,-0.345306237,0,0
0,2011,0.127,1.7,0.02,0.23,1.08,-5.44,28.78,0.43,-0.06,0.38,0.36,3.07557,0.02,0,-0.03,0,10.71,1.18,0.92,-0.01,-0.02,102600,0,1,0,0,0,0,0,1,0,0.107,1.77,0.02,0.23,1.7,-5,27.13,0.33,-0.07,-0.49,0.38,2.984819,0.1,-0.01,-0.06,-0.01,10.56,1.22,0.59,-0.01,-0.05,-175699,0,1,1,0.097,1.99,0.02,0.23,1.47,-4.97,33.74,0.37,-0.1,0.38,0.37,3.069131,0.08,-0.17,-0.1,-0.14,10.56,1.21,0.68,-0.18,-0.08,-4462625,0,1,0.186915888,-0.039548023,-0.364705882,0.088,0.14893617,0.060818282,0.303030303,-0.142857143,-1.775510204,-0.052631579,0.030404189,-0.8,-1,-0.5,-1,0.014204545,-0.032786885,0.559322034,0,-0.6,-1.583953238,0,0
0,2015,0.165,0.53,0.05,0.32,1.11,0.39,27.94,0.57,-0.15,4.68,0.36,1.628697,0.07,0.33,-0.05,0.45,10.68,0.73,0.9,-0.08,-0.07,9939881,0,1,1,1,0,0,0,0,0,0.188,3.25,0.05,0.32,0.5,-3.73,94.86,0.64,-0.14,4.8,0.38,1.79487,-0.4,-0.2,-0.05,-0.19,10.38,1.07,1.98,-0.2,-0.04,-4510371,1,1,0,0.116,-1.59,0.05,0.32,0.56,1.41,108.96,0.65,-0.26,7.77,0.43,2.213476,-0.33,-0.5,-0.16,-0.56,10.56,0.89,1.79,-0.32,-0.18,-13507153,1,1,-0.122340426,-0.836923077,1.22,-1.104557641,-1.182506887,-0.705460679,-0.109375,0.071428571,-0.025,-0.052631579,-0.092582193,-1.175,-2.65,0,-3.368421053,0.028901734,-0.317757009,-0.545454545,-0.6,0.75,-3.203783458,0,0
0,2009,0.158,0.55,0.03,0.36,1.37,2.58,45.94,0.52,-0.08,8.5,0.32,2.689583,0.07,0.05,-0.01,0.07,10.4,0.77,0.73,-0.06,-0.02,1186857,0,1,0,0,0,0,0,0,0,1.448,0.44,0.03,0.36,1.33,3.66,57.6,0.53,-0.08,6.63,0.35,2.97463,0.07,-0.31,0,-0.38,10.44,0.83,0.75,-0.05,0,-7457861,0,1,0,0.117,0.69,0.03,0.36,1.3,0.99,56.3,0.56,-0.13,2.32,0.36,2.908372,0.05,-0.04,-0.04,-0.07,10.59,0.58,0.77,-0.04,-0.07,-1205665,0,1,-0.890883978,0.25,0.030075188,-0.295081967,-0.302277433,-0.202430556,-0.018867925,0,0.282051282,-0.085714286,-0.095826036,0,-1.161290323,-1,-1.184210526,-0.003831418,-0.072289157,-0.026666667,0.2,-2,-1.159141743,0,0
0,2016,3.741,0.99,0.02,0.3,1.11,0.53,52.51,0.43,-0.01,38.66,0.61,7.84434,0.02,0,0.04,0,12.74,0.49,0.9,-0.03,0.07,0,0,1,0,0,0,0,1,0,0,7.589,1.12,0.02,0.3,1.11,0.53,49.56,0.39,0.08,40.12,0.66,8.252715,0.02,-0.04,0.11,-0.08,12.74,0.49,0.9,-0.02,0.22,-8790467,0,1,0,4.756,1.06,0.02,0.3,2.88,0.63,51.76,0.38,0.04,48.36,0.57,8.461984,0.15,-0.15,0.08,-0.34,12.71,0.43,0.35,-0.15,0.19,-34090321,0,1,-0.507049677,-0.116071429,0,0,0,0.05952381,0.102564103,-1.125,-0.036390828,-0.075757576,-0.049483715,0,-1,-0.636363636,-1,0,0,0,0.5,-0.681818182,-1,0,0
0,2009,0.157,0.86,0.02,0.34,4.89,0.19,47.44,0.55,-0.18,93.61,0.48,2.31618,0.25,0.09,-0.06,0.43,10.88,0.22,0.2,0.06,-0.25,3476371,0,0,1,0,0,0,0,0,1,0.033,0.73,0.02,0.34,6.46,0.22,40.83,0.62,-0.34,273.47,0.48,1.9587,0.54,0.01,-0.15,0.04,10.81,0.26,0.15,-0.03,-0.56,398196,0,1,1,0.065,0.81,0.02,0.34,7.62,0.05,50.38,0.55,-0.21,212.97,0.56,2.140764,0.57,0.11,-0.11,0.81,10.63,0.13,0.13,0.04,-0.82,3112189,0,0,3.757575758,0.178082192,-0.243034056,-0.136363636,-0.2,0.161890767,-0.112903226,-0.470588235,-0.657695542,0,0.182508807,-0.537037037,8,-0.6,9.75,0.006475486,-0.153846154,0.333333333,-3,-0.553571429,7.730301158,0,0
0,2020,1.521,0.95,0.29,0.34,7.91,0.03,43.1,0.31,-0.09,0.01,0.63,11.479313,0.63,0.05,-0.02,0.47,14.12,0.11,0.13,0.05,-0.2,51286822,0,0,0,0,0,0,0,0,0,7.827,1.03,0.29,0.34,11.99,0.01,51.57,0.27,0.04,0.01,0.55,11.408078,0.67,0.11,0.05,1.54,14.01,0.07,0.08,0.1,0.74,90812403,0,0,0,5.049,1.01,0.29,0.34,11.96,0.32,52.09,0.42,0.02,0.02,0.56,10.758808,0.68,0.09,0.04,1.49,13.88,0.06,0.08,0.08,0.6,68860166,0,0,-0.805672672,-0.077669903,-0.34028357,2,0.625,-0.164242777,0.148148148,-3.25,0,0.145454545,0.00624426,-0.059701493,-0.545454545,-1.4,-0.694805195,0.007851535,0.571428571,0.625,-0.5,-1.27027027,-0.435244302,0,0
0,2017,1.109,0.93,0.27,0.36,2.2,0.67,50.51,0.47,-0.02,3.63,0.5,6.266702,0.2,-0.07,0.05,-0.13,12.05,0.5,0.45,0.09,0.1,-7942580,0,0,0,1,0,0,0,0,0,4.654,1.05,0.27,0.36,2.44,0.65,58.06,0.46,0.02,2.82,0.42,5.890815,0.2,0.01,0.1,0.02,12.13,0.48,0.41,0.02,0.2,952729,0,0,0,7.617,1.01,0.27,0.36,2.36,0.77,72.36,0.48,0,1.5,0.48,5.741027,0.2,0.02,0.07,0.04,12.2,0.52,0.42,0.01,0.13,2789331,0,0,-0.761710357,-0.114285714,-0.098360656,0.030769231,0.086021505,-0.130037892,0.02173913,-2,0.287234043,0.19047619,0.063808998,0,-8,-0.5,-7.5,-0.006595218,0.041666667,0.097560976,3.5,-0.5,-9.336662367,0,0
0,2020,0.074,0.16,0.06,0.3,1.77,1.22,39.65,0.4,-0.2,0.06,0.56,10.685707,0.15,-0.56,-0.25,-0.88,12.93,0.64,0.56,-0.12,-0.39,-160525454,1,1,0,0,0,0,0,1,0,0.17,0.85,0.06,0.3,6.28,0.37,46.03,0.38,-0.09,0.06,0.56,11.464363,0.45,0.07,-0.04,0.22,13.25,0.33,0.16,-0.08,-0.13,28613712,1,1,1,0.136,0.82,0.06,0.3,9.22,0.42,39.46,0.38,-0.09,0.01,0.58,11.370215,0.43,0.13,-0.05,0.39,13.14,0.33,0.11,-0.1,-0.16,45330851,1,1,-0.564705882,-0.811764706,-0.718152866,2.297297297,2.5,-0.138605257,0.052631579,1.222222222,0,0,-0.067919692,-0.666666667,-9,5.25,-5,-0.024150943,0.939393939,2.5,0.5,2,-6.610088408,0,0
0,2017,4.409,1.02,0.19,0.39,1.82,-0.77,2.76,0.44,0.04,-2.77,0.22,2.140679,0.15,0.17,0.18,378356000,10.37,-2.56,0.55,0.12,398815900,3783560,0,0,0,1,1,0,0,0,0,7.541,1.01,0.19,0.39,2.05,-0.74,43.5,0.45,0.02,0.47,0.19,2.137773,0.14,0.13,0.13,300489800,10.38,-2.36,0.49,0.09,288189900,3004898,0,0,0,8.474,1.01,0.19,0.39,2.66,-0.7,58.24,0.45,0.02,-0.44,0.2,2.378676,0.2,0.14,0.1,345905300,10.49,-1.89,0.38,-0.01,255818800,3459053,0,1,-0.415329532,0.00990099,-0.112195122,0.040540541,0.028571429,-0.936551724,-0.022222222,1,-6.893617021,0.157894737,0.001359359,0.071428571,0.307692308,0.384615385,0.259130926,-0.000963391,0.084745763,0.12244898,0.333333333,0.383864945,0.259130926,1,1
0,2013,4.435,1.12,0.07,0,3.25,-0.86,53.46,0.27,0.43,0.27,0.48,11.509503,0.2,0.52,0.75,8796222700,12.41,-5.63,0.31,0.83,12746022400,87962227,0,0,0,0,1,0,0,0,0,4.45,1.12,0.07,0,4.55,-0.84,72.66,0.3,0.41,-0.42,0.46,10.72792,0.26,0.44,0.66,8212315900,12.49,-4.61,0.22,0.69,12171498700,82123159,0,0,0,4.436,1.13,0.07,0,3.7,-0.83,53.26,0.26,0.42,0.11,0.44,10.295227,0.19,0.45,0.64,7869480100,12.43,-4.48,0.27,0.72,11234992100,78694801,0,0,-0.003370787,0,-0.285714286,0.023809524,0.036585366,-0.264244426,-0.1,0.048780488,-1.642857143,0.043478261,0.072855036,-0.230769231,0.181818182,0.136363636,0.071101356,-0.006405124,0.221258134,0.409090909,0.202898551,0.047202379,0.071101356,1,1
0,2012,0.709,0.86,0.07,0.44,2.22,0.42,43.03,0.45,-0.04,22.65,0.36,2.979076,0.25,0.02,-0.01,0.04,11.02,0.44,0.45,0.13,-0.02,822946,0,0,0,0,0,0,1,0,0,6.104,1.09,0.07,0.44,1.8,0.34,46,0.44,0.02,16.16,0.41,3.269692,0.2,0.06,0.12,0.14,10.99,0.44,0.56,0.13,0.27,2570050,0,0,0,0.229,0.76,0.07,0.44,1.33,0.43,49.78,0.43,-0.06,2.75,0.44,3.480147,0.1,0.04,-0.04,0.08,10.99,0.51,0.75,0.13,-0.08,1630493,0,0,-0.883846658,-0.211009174,0.233333333,0.235294118,0,-0.064565217,0.022727273,-3,0.401608911,-0.12195122,-0.088881766,0.25,-0.666666667,-1.083333333,-0.714285714,0.002729754,0,-0.196428571,0,-1.074074074,-0.679793778,0,0
0,2010,5.818,1.19,0.01,0.25,2.62,-0.35,45.09,0.26,0.12,0.25,0.61,4.637897,0.21,0.32,0.37,1392118700,11.04,-0.33,0.38,0.27,1619181000,13921187,0,0,0,0,1,0,0,1,0,5.844,1.26,0.01,0.25,3.62,0.07,56.71,0.3,0.14,0.27,0.55,4.782833,0.23,0.19,0.33,1.25,11.22,0.15,0.28,0.23,2.19,9616287,0,0,1,8.325,1.11,0.01,0.25,3.13,0.4,59.64,0.33,0.05,0.29,0.56,5.048457,0.21,0.04,0.17,0.11,11.25,0.36,0.32,0.07,0.47,2013427,0,0,-0.004449008,-0.055555556,-0.276243094,-6,-2.388888889,-0.204902134,-0.133333333,-0.142857143,-0.074074074,0.109090909,-0.030303379,-0.086956522,0.684210526,0.121212121,1113694959,-0.016042781,-3.2,0.357142857,0.173913043,739352053.8,0.447667587,0,0
0,2008,7.848,1.08,0.09,0.26,2.78,2.08,47.18,0.49,0.03,93.43,0.69,16.354863,0.29,0,0.06,0,13.69,0.73,0.36,0,0.08,1110252,0,0,0,0,0,0,1,0,0,3.728,0.99,0.09,0.26,1.95,1.82,47.18,0.47,0,82.43,0.71,16.188966,0.17,0.07,0.03,0.1,13.61,0.71,0.51,0.07,0.05,41618039,0,0,0,8.589,1.02,0.09,0.26,1.15,1.9,53.73,0.47,0.01,85.77,0.75,16.395563,0.04,0,0.04,0,13.51,0.76,0.87,0.08,0.05,0,0,0,1.105150215,0.090909091,0.425641026,0.142857143,0.103305785,0,0.042553191,3,0.133446561,-0.028169014,0.010247535,0.705882353,-1,1,-1,0.005878031,0.028169014,-0.294117647,-1,0.6,-0.973322818,0,0
0,2015,3.845,0.94,0.11,0.26,1.59,1.59,46.23,0.6,-0.02,9.29,0.87,16.509184,0.09,0.1,0.01,0.15,13.6,0.67,0.63,0.08,0.02,57360273,0,0,0,0,0,0,0,0,0,0.162,0.64,0.11,0.26,1.63,2.32,49.86,0.72,-0.08,9.85,0.85,14.912349,0.12,-0.05,-0.05,-0.06,13.5,0.75,0.61,0,-0.07,-24316148,0,0,0,0.154,0.69,0.11,0.26,1.6,1.53,49.98,0.74,-0.09,13.21,0.86,16.87085,0.12,0.15,-0.06,0.22,13.42,0.68,0.62,0.02,-0.08,70866227,0,0,22.7345679,0.46875,-0.024539877,-0.314655172,-0.328990228,-0.072803851,-0.166666667,-0.75,-0.056852792,0.023529412,0.107081386,-0.25,-3,-1.2,-3.5,0.007407407,-0.106666667,0.032786885,8,-1.285714286,-3.358937485,0,0
0,2009,3.859,0.72,0.28,0.28,2.04,0.67,49.17,0.48,-0.06,23.18,0.69,9.580826,0.25,0.01,-0.03,0.02,11.96,0.55,0.49,0,-0.05,1320009,0,0,0,0,1,0,0,0,0,2.88,0.53,0.28,0.28,1.63,0.72,59.85,0.54,-0.11,17.47,0.73,10.186452,0.17,-0.1,-0.1,-0.17,12.01,0.58,0.61,-0.07,-0.17,-11011370,0,1,0,3.316,0.69,0.28,0.28,1.66,0.52,60.87,0.54,-0.09,6.86,0.71,10.14279,0.16,-0.06,-0.07,-0.13,12.04,0.5,0.6,-0.04,-0.14,-7592615,0,1,0.339930556,0.358490566,0.251533742,-0.069444444,-0.116788321,-0.178446115,-0.111111111,-0.454545455,0.326846022,-0.054794521,-0.059454067,0.470588235,-1.1,-0.7,-1.117647059,-0.004163197,-0.051724138,-0.196721311,-1,-0.705882353,-1.119876909,0,0
0,2021,0.052,-0.05,0.04,0.34,4.96,0.69,116.4,2.03,-3,258.35,0.37,8.492806,0.5,0.12,-0.53,0.24,13.92,0.48,0.2,0.1,-1.09,89359536,0,0,0,0,0,0,0,1,0,4.941,1.06,0.04,0.34,4.16,0.84,46.99,0.53,0.03,160.52,0.37,11.020226,0.42,0.08,0.05,0.14,13.76,0.53,0.24,0.07,0.09,50182235,0,0,1,8.5,1.11,0.04,0.34,4.75,1,60.15,0.49,0.05,125.24,0.4,12.551247,0.43,0.04,0.1,0.07,13.65,0.56,0.21,0.04,0.17,23333158,0,0,-0.989475815,-1.047169811,0.192307692,-0.178571429,-0.160714286,1.477122792,2.830188679,-101,0.609456766,0,-0.229343754,0.19047619,0.5,-11.6,0.714285714,0.011627907,-0.094339623,-0.166666667,0.428571429,-13.11111111,0.780700601,0,0
0,2011,0.399,0.97,0.05,0.51,1.78,1.81,36.63,0.47,-0.01,38.04,0.69,5.208001,0.12,0.04,0.05,0.06,11.99,0.7,0.56,0.01,0.08,5003289,0,0,0,1,0,0,0,1,0,3.887,0.94,0.05,0.51,2.13,2.24,42.76,0.45,-0.02,30.72,0.73,5.695605,0.14,-0.06,0.05,-0.09,11.94,0.73,0.47,-0.02,0.06,-6910197,0,1,1,5.158,1.02,0.05,0.51,2.4,1.71,40.53,0.37,0.01,43.02,0.64,5.015298,0.17,-0.03,0.06,-0.05,11.97,0.67,0.42,0.02,0.1,-3365958,0,0,-0.897350141,0.031914894,-0.164319249,-0.191964286,-0.141263941,-0.143358279,0.044444444,-0.5,0.23828125,-0.054794521,-0.085610572,-0.142857143,-1.666666667,0,-1.666666667,0.004187605,-0.04109589,0.191489362,-1.5,0.333333333,-1.724044336,0,0
0,2012,0.072,0.45,0.18,0.31,3.01,0.34,68.66,0.6,-0.26,66.2,0.4,5.223065,0.41,0,-0.29,-0.01,11.85,0.41,0.33,-0.03,-0.7,-374494,0,1,1,0,0,0,0,0,0,0.036,0.49,0.18,0.31,4.21,0.36,35.49,0.61,-0.27,163.2,0.41,5.141688,0.62,0.22,-0.26,0.54,11.86,0.41,0.24,0.21,-0.63,21635243,0,0,0,0.034,0.16,0.18,0.31,3.55,0.62,33.69,0.42,-0.27,146.02,0.38,5.053227,0.67,0.3,-0.35,0.55,11.65,0.54,0.28,0.39,-0.64,23763202,0,0,1,-0.081632653,-0.285035629,-0.055555556,-0.014492754,0.934629473,-0.016393443,-0.037037037,-0.594362745,-0.024390244,0.015826904,-0.338709677,-1,0.115384615,-1.018518519,-0.00084317,0,0.375,-1.142857143,0.111111111,-1.017309443,0,0
0,2009,1.501,0.9,0.08,0.28,2.66,0.52,45.25,0.47,-0.05,31.46,0.75,5.294265,0.23,-0.02,0.01,-0.05,11.82,0.43,0.38,0.01,0.03,-2172426,0,0,0,1,0,0,0,1,0,1.476,0.9,0.08,0.28,3.1,0.42,47.02,0.47,-0.06,49.84,0.76,5.240205,0.27,0.02,0,0.05,11.78,0.39,0.32,0.02,0.01,1633064,0,0,1,0.158,0.88,0.08,0.28,2.74,0.35,40.72,0.46,-0.07,31.61,0.7,5.166598,0.23,0,-0.01,0,11.69,0.35,0.36,-0.01,-0.02,0,0,1,0.016937669,0,-0.141935484,0.238095238,0.222222222,-0.037643556,0,-0.166666667,-0.368780096,-0.013157895,0.01031639,-0.148148148,-2,1,-2,0.003395586,0.102564103,0.1875,-0.5,2,-2.330276095,0,0
0,2019,8.474,1.05,0.17,0.17,4.23,0.07,52.59,0.35,0.06,0.03,0.5,3.472526,0.2,0.07,0.1,0.61,12.39,0.12,0.24,0.05,0.84,12453364,0,0,0,0,0,0,0,0,1,6.709,1.01,0.17,0.17,2.42,0.06,40.24,0.37,0.02,-0.31,0.53,3.154058,0.09,0,0.08,0.04,12.3,0.12,0.41,0.02,0.67,637106,0,0,1,8.23,1.01,0.17,0.17,1.96,0.06,55.74,0.35,0.01,0.69,0.46,2.808389,0.07,0.84,0.07,6.94,12.3,0.12,0.51,0.02,0.61,128478972,0,0,0.263079446,0.03960396,0.747933884,0.166666667,0.076923077,0.306908549,-0.054054054,2,-1.096774194,-0.056603774,0.100970876,1.222222222,7,0.25,14.25,0.007317073,0,-0.414634146,1.5,0.253731343,18.5467693,0,0
0,2011,5.929,-0.2,0.18,0.37,1.2,-15.59,41.89,0.4,0.02,7.88,0.27,2.783802,0.08,0.04,0.13,0.04,10.21,1.04,0.83,0.07,0.13,788223,1,0,0,0,1,0,0,0,0,4.993,0.89,0.18,0.37,1.19,-8.6,49.04,0.45,0,6.1,0.28,2.9117,0.07,0.02,0.09,0.02,10.21,1.08,0.84,0.03,0.09,363952,1,0,0,4.352,1.12,0.18,0.37,1.11,-7.31,58.98,0.47,-0.01,0.12,0.31,3.3521,0.04,0.01,0.07,0.01,10.26,1.1,0.9,0.01,0.07,109718,1,0,0.187462447,-1.224719101,0.008403361,0.812790698,0.899921814,-0.145799347,-0.111111111,2,0.291803279,-0.035714286,-0.043925542,0.142857143,1,0.444444444,1,0,-0.037037037,-0.011904762,1.333333333,0.444444444,1.165733393,0,0
0,2009,4.521,1.1,0.24,0.22,2.59,-0.82,37.5,0.24,0.23,1.42,0.76,13.565911,0.17,0.49,0.55,10542139100,12.64,-3.86,0.39,0.49,11902258400,105421391,0,0,0,0,1,0,0,0,0,4.493,1.14,0.24,0.22,3.08,-0.79,48.9,0.25,0.32,0.57,0.75,13.080574,0.22,0.45,0.7,9704203500,12.65,-3.33,0.33,0.61,15150163400,97042035,0,0,0,4.535,1.09,0.24,0.22,3.11,-0.8,63.11,0.27,0.23,2.07,0.66,12.02255,0.26,0.43,0.49,8293212100,12.53,-3.38,0.32,0.43,9494553300,82932121,0,0,0.006231916,-0.035087719,-0.159090909,0.037974684,0.025974026,-0.233128834,-0.04,-0.28125,1.49122807,0.013333333,0.037103647,-0.227272727,0.088888889,-0.214285714,0.086347695,-0.000790514,0.159159159,0.181818182,-0.196721311,-0.214380856,0.086347695,1,1
0,2019,3.649,1.68,0.2,0.26,1.45,-5.58,66.75,0.5,-0.09,6,0.26,4.247659,0.1,-0.02,-0.03,-0.02,11.15,1.17,0.69,-0.01,-0.03,-1114771,0,1,1,0,0,0,0,1,0,0.395,1.58,0.2,0.26,1.72,-6.66,71.12,0.49,-0.07,4.78,0.29,4.073613,0.13,-0.05,0,-0.04,11.18,1.14,0.58,-0.05,0,-2285478,0,1,1,3.274,1.62,0.2,0.26,1.69,-9.52,58.72,0.48,-0.05,7.51,0.28,3.869834,0.12,-0.02,0.03,-0.02,11.2,1.1,0.59,-0.02,0.02,-1176965,0,1,8.237974684,0.063291139,-0.156976744,-0.162162162,-0.143036386,-0.061445444,0.020408163,0.285714286,0.255230126,-0.103448276,0.042725217,-0.230769231,-0.6,-3,-0.5,-0.002683363,0.026315789,0.189655172,-0.8,-3,-0.512237265,0,0
0,2011,1.513,0.93,0.04,0.48,1.57,0.23,53.7,0.48,-0.07,26.37,0.4,13.546106,0.07,-0.02,0,-0.07,13.16,0.28,0.64,-0.03,0.01,-7240692,0,1,0,0,0,0,0,0,0,3.335,0.97,0.04,0.48,1.89,0.29,52.13,0.38,-0.03,49.74,0.4,12.72933,0.11,0.04,0.03,0.12,13.24,0.32,0.53,0.03,0.1,14707742,0,0,0,7.929,1,0.04,0.48,2.2,0.28,49.47,0.39,0,57.01,0.43,12.800029,0.13,0.11,0.06,0.36,13.15,0.3,0.45,0.05,0.2,38320528,0,0,-0.546326837,-0.041237113,-0.169312169,-0.206896552,-0.130434783,0.030117015,0.263157895,1.333333333,-0.469843185,0,0.064164885,-0.363636364,-1.5,-1,-1.583333333,-0.006042296,-0.125,0.20754717,-2,-0.9,-1.492304801,0,0
0,2021,4.566,1.13,0.04,0.3,4.84,0.2,44.22,0.37,0.07,1.49,0.73,15.516368,0.2,0.16,0.17,0.79,12.92,0.21,0.21,0.03,0.79,46902162,0,0,0,0,0,0,0,0,0,5.83,1.11,0.04,0.3,1.06,0.26,46.49,0.33,0.05,3.7,0.68,14.118815,0.01,-0.21,0.16,-0.55,12.95,0.39,0.94,0.1,0.41,-62378396,0,0,0,4.575,1.11,0.04,0.3,5.22,0.2,44.5,0.39,0.07,3.19,0.62,15.668808,0.21,0.45,0.13,2.16,12.99,0.21,0.19,0.22,0.62,136606874,0,0,-0.216809605,0.018018018,3.566037736,-0.230769231,-0.578125,-0.048827705,0.121212121,0.4,-0.597297297,0.073529412,0.098985149,19,-1.761904762,0.0625,-2.436363636,-0.002316602,-0.461538462,-0.776595745,-0.7,0.926829268,-1.751897532,0,0
0,2021,4.556,2.05,0.15,0.31,0.4,0.5,73.95,0.26,0.19,-5.2,0.12,0.70378,-0.43,-1.53,0.23,-1.88,10.7,0.81,2.49,0.29,0.29,-47144361,0,0,0,0,1,0,0,0,0,4.523,1.13,0.15,0.31,-0.26,0.05,74.4,0.28,0.22,-0.02,0.14,0.786222,1.88,0.31,0.42,684941300,10.37,-1.38,-3.86,0.31,937824900,6849413,0,0,0,4.481,1.2,0.15,0.31,-0.3,0.06,65.02,0.26,0.27,-2.24,0.13,0.755455,1.6,0.43,0.48,936280600,10.36,-1.1,-3.35,0.43,1050340100,9362806,0,0,0.007296042,0.814159292,-2.538461538,9,-8.517241379,-0.006048387,-0.071428571,-0.136363636,259,-0.142857143,-0.104858424,-1.228723404,-5.935483871,-0.452380952,-1.000000003,0.031822565,-1.586956522,-1.64507772,-0.064516129,-1,-7.882978293,1,1
0,2016,8.533,1.06,0.17,0.32,3.4,1.08,34.33,0.52,0.01,0,0.42,5.5547,0.48,0.1,0.14,0.16,11.76,0.62,0.29,0.1,0.23,8897305,0,0,0,0,1,0,1,0,0,4.567,1.47,0.17,0.32,0.74,1.53,32.67,0.51,0.05,0,0.47,14.572,-0.09,0.47,0.19,0.62,11.89,0.75,1.35,0.47,0.25,47329796,1,0,0,7.894,0.84,0.17,0.32,0.57,-3.2,44.53,0.52,0.02,0,0.47,12.713112,-0.23,-0.25,0.11,-0.2,11.92,1.21,1.77,-0.25,0.09,-25646365,1,1,0.868403766,-0.278911565,3.594594595,-0.294117647,-0.468438538,0.050811142,0.019607843,-0.8,0,-0.106382979,-0.618810047,-6.333333333,-0.787234043,-0.263157895,-0.741935484,-0.010933558,-0.173333333,-0.785185185,-0.787234043,-0.08,-0.812014719,0,0
0,2009,0.026,0.74,0.03,0.35,-2.15,-4.51,10.41,0.35,-0.11,39.25,0.39,7.63564,0.14,0.49,0.04,11654805000,12.74,-1.27,-0.46,-0.05,859340300,116548050,0,1,0,0,1,0,1,0,0,0.077,1.53,0.03,0.35,2.59,-5.55,49.05,0.36,-0.18,-2.61,0.43,8.19324,0.07,-0.09,0.02,-0.08,12.78,1.21,0.39,-0.09,0.02,-22926476,0,1,0,0.053,1.88,0.03,0.35,2,-8.88,31.62,0.38,-0.16,-2.03,0.45,8.66487,0.04,0,0.04,0,12.74,1.12,0.5,-0.08,0.03,0,0,1,-0.662337662,-0.516339869,-1.83011583,-0.187387387,-0.902097902,-0.787767584,-0.027777778,-0.388888889,-16.03831418,-0.093023256,-0.068056105,1,-6.444444444,1,-1.46e+11,-0.00312989,-2.049586777,-2.179487179,-0.444444444,42967014999,-6.083557107,0,0
0,2013,4.562,1.11,0.19,0.35,1.7,0.73,39.22,0.59,0.06,26.04,0.58,18.434225,0.09,0.15,0.11,0.3,13.2,0.5,0.59,0.17,0.21,55356000,0,0,0,0,0,0,0,1,0,7.147,1.08,0.19,0.35,1.53,1.31,40.96,0.57,0.04,19.7,0.57,18.30872,0.07,0.09,0.09,0.14,13.14,0.62,0.65,0.04,0.15,31875747,0,0,1,1.304,0.98,0.19,0.35,1.4,1.78,36.21,0.61,-0.01,21.06,0.6,13.878896,0.06,-0.01,0.05,-0.02,13.07,0.69,0.72,-0.06,0.08,-3514271,0,1,-0.36169022,0.027777778,0.111111111,-0.442748092,-0.409638554,-0.042480469,0.035087719,0.5,0.321827411,0.01754386,0.00685493,0.285714286,0.666666667,0.222222222,1.142857143,0.00456621,-0.193548387,-0.092307692,3.25,0.4,0.736618125,0,0
0,2016,0.141,-1.74,0.02,0.49,0.68,4.13,47.59,0.79,-0.36,5.03,0.12,0.842605,-0.11,-0.26,-0.29,-0.29,9.82,0.87,1.47,-0.11,-0.33,-3306714,1,1,1,0,0,1,0,0,0,1.474,0.21,0.02,0.49,1.51,1.38,70.36,0.76,-0.3,19.09,0.11,0.935756,0.1,0.06,-0.21,0.09,9.95,0.66,0.66,-0.03,-0.32,835966,0,1,0,0.143,-0.08,0.02,0.49,1.58,1.7,55.31,0.77,-0.33,56.47,0.12,0.705505,0.13,-0.09,-0.26,-0.13,9.93,0.71,0.63,-0.06,-0.37,-1359112,0,1,-0.904341927,-9.285714286,-0.549668874,1.992753623,2.533678756,-0.323621376,0.039473684,0.2,-0.736511262,0.090909091,-0.099546249,-2.1,-5.333333333,0.380952381,-4.222222222,-0.013065327,0.318181818,1.227272727,2.666666667,0.03125,-4.955560394,0,0
0,2013,4.569,1.07,0.15,0.45,2.74,0.39,47.13,0.46,0.07,60.62,0.57,6.537888,0.14,0.09,0.09,0.27,12.84,0.34,0.37,0.05,0.25,24003273,0,0,0,0,0,0,0,1,0,5.39,1.01,0.15,0.45,2.36,0.49,47.23,0.47,0.01,40.34,0.53,6.2741,0.12,-0.04,0.05,-0.1,12.77,0.38,0.42,0.02,0.12,-9295697,0,0,1,7.881,1.01,0.15,0.45,2.38,0.42,40.57,0.45,0.02,55.59,0.5,5.607698,0.11,0.07,0.05,0.2,12.77,0.35,0.42,0.04,0.14,17262796,0,0,-0.152319109,0.059405941,0.161016949,-0.204081633,-0.19047619,-0.002117298,-0.021276596,6,0.502726822,0.075471698,0.042043958,0.166666667,-3.25,0.8,-3.7,0.005481597,-0.105263158,-0.119047619,1.5,1.083333333,-3.582191846,0,0
0,2010,4.107,0.97,0.03,0.41,1.39,0.28,34.8,0.4,-0.02,21.01,0.39,3.041654,0.06,0,0.06,-0.01,11.23,0.34,0.72,-0.02,0.18,-247713,0,1,0,1,0,0,0,1,0,2.982,0.99,0.03,0.41,1.04,0.29,46.08,0.41,-0.01,15.73,0.45,3.467026,0.01,0.01,0.06,0.03,11.31,0.38,0.96,0,0.15,635507,0,1,1,5.821,1.1,0.03,0.41,1.55,0.32,42.37,0.42,0.08,3.99,0.42,3.227289,0.08,-0.05,0.11,-0.13,11.24,0.35,0.64,-0.05,0.31,-2391676,0,1,0.377263581,-0.02020202,0.336538462,-0.034482759,-0.193548387,-0.244791667,-0.024390244,1,0.335664336,-0.133333333,-0.122690744,5,-1,0,-1.333333333,-0.007073386,-0.105263158,-0.25,-2,0.2,-1.389787996,0,0
0,2009,5.65,1.02,0.01,0.35,14.93,0.26,51.66,0.3,0.02,11.65,0.54,6.88756,0.56,0.03,0.05,0.14,12.97,0.24,0.07,0.03,0.2,9677944,0,0,0,0,0,0,0,1,0,4.55,1.18,0.01,0.35,17.07,0.27,54.07,0.3,0.2,14.31,0.56,6.874898,0.52,0.11,0.17,0.46,12.93,0.24,0.06,0.1,0.71,31804045,0,0,1,5.812,1.11,0.01,0.35,6.48,0.28,50.99,0.29,0.13,34.01,0.69,6.726479,0.43,0,0.11,0,12.82,0.28,0.15,0.1,0.41,0,0,0,0.241758242,-0.13559322,-0.125366139,-0.037037037,-0.03125,-0.044571851,0,-0.9,-0.185883997,-0.035714286,0.001841773,0.076923077,-0.727272727,-0.705882353,-0.695652174,0.003093581,0,0.166666667,-0.7,-0.718309859,-0.695700846,0,0
0,2017,1.434,0.99,0.01,0.23,-5.9,0.2,36.63,0.41,0,7.43,0.3,6.027116,-2.17,-0.04,0.1,-0.09,10.38,0.43,-0.17,0.05,0.24,-826332,1,0,0,0,0,0,0,0,0,0.187,0.61,0.01,0.23,0.75,1.59,36.92,0.44,-0.05,22.75,0.34,6.529708,-0.11,-0.16,-0.02,-0.2,11.41,0.78,1.33,-0.04,-0.02,-9714074,1,1,0,0.135,0.67,0.01,0.23,0.52,0.89,37.29,0.44,-0.08,7.37,0.41,7.48333,-0.22,-0.03,-0.04,-0.05,11.67,0.71,1.91,-0.03,-0.06,-2664975,1,1,6.668449198,0.62295082,-8.866666667,-0.874213836,-0.787709497,-0.007854821,-0.068181818,-1,-0.673406593,-0.117647059,-0.076970057,18.72727273,-0.75,-6,-0.55,-0.090271691,-0.448717949,-1.127819549,-2.25,-13,-0.914934558,0,0
0,2018,5.834,1.05,0.05,0.32,0.99,0.32,51.36,0.36,0.06,-0.78,0.32,2.441149,0,-0.2,0.11,-1.54,11.44,0.13,1.01,0.11,0.87,-13058039,1,0,0,0,0,0,0,0,0,4.528,1.11,0.05,0.32,11.62,0.09,56.4,0.35,0.14,11.14,0.33,2.504337,0.6,0.1,0.14,0.76,11.65,0.13,0.09,0.1,1.06,8204910,0,0,0,5.795,1.07,0.05,0.32,8.53,0.1,52.52,0.33,0.08,309.99,0.32,2.414846,0.54,0.07,0.12,0.44,11.55,0.16,0.12,0.07,0.74,5019999,0,0,0.288427562,-0.054054054,-0.914802065,2.555555556,-0.0625,-0.089361702,0.028571429,-0.571428571,-1.070017953,-0.03030303,-0.025231429,-1,-3,-0.214285714,-3.026315789,-0.018025751,0,10.22222222,0.1,-0.179245283,-2.591490827,0,0
0,2012,8.295,0.93,0.42,0.06,0.73,-1.08,49.92,0.33,0.02,7.43,0.37,0.644324,-0.25,0,0.33,0,9.42,1.85,1.37,0.15,0.18,-13954,1,0,0,0,1,0,0,0,0,0.415,1.06,0.42,0.06,0.81,-1.32,64.77,0.25,-0.02,2.38,0.3,0.575404,-0.15,-0.05,0.17,-0.03,9.61,1.7,1.24,-0.02,0.1,-538975,1,1,0,6.496,0.84,0.42,0.06,0.7,-1.27,79.32,0.25,0.04,1.31,0.22,0.429753,-0.26,-0.18,0.29,-0.12,9.77,1.55,1.43,0.11,0.19,-2244889,1,0,18.98795181,-0.122641509,-0.098765432,-0.181818182,-0.106995885,-0.229272811,0.32,-2,2.121848739,0.233333333,0.119776713,0.666666667,-1,0.941176471,-1,-0.019771072,0.088235294,0.10483871,-8.5,0.8,-0.974110116,0,0
0,2017,0.181,1.33,0.16,0.25,3.68,-6.66,51.75,0.54,-0.09,185.49,0.97,25.151601,0.3,-0.36,-0.03,-0.31,15.29,1.16,0.27,0.02,-0.03,-1098260000,0,0,1,0,0,0,0,1,0,2.883,0.9,0.16,0.25,3.18,3.12,56.43,0.53,-0.04,180.84,0.97,24.584637,0.27,-0.03,-0.01,-0.04,15.25,0.79,0.31,0.03,-0.01,-90660000,0,0,1,8.33,1.05,0.16,0.25,3.89,2.57,55.14,0.52,0.02,159.97,0.95,23.425004,0.27,0.02,0.03,0.03,15.21,0.75,0.26,0.06,0.04,56470000,0,0,-0.937218176,0.477777778,0.157232704,-3.134615385,-2.994594595,-0.082934609,0.018867925,1.25,0.025713338,0,0.023061719,0.111111111,11,2,6.75,0.002622951,0.46835443,-0.129032258,-0.333333333,2,11.1140525,0,0
0,2020,2.895,0.95,0.06,0.27,8.88,0.05,48.76,0.58,-0.09,371.32,0.21,3.095664,0.59,0.04,-0.01,0.31,12.26,0.11,0.11,0.06,-0.09,5285686,0,0,0,0,0,0,0,1,0,5.045,1.02,0.06,0.27,11.01,0.04,47.76,0.54,0.03,366.18,0.22,3.424868,0.59,0.06,0.05,0.6,12.2,0.1,0.09,0.05,0.52,8068604,0,0,1,7.899,1.04,0.06,0.27,11.16,0.05,45.44,0.54,0.05,348.54,0.28,3.665733,0.6,-0.01,0.07,-0.06,12.15,0.11,0.09,0.07,0.69,-878633,0,0,-0.426164519,-0.068627451,-0.19346049,0.25,0.181818182,0.020938023,0.074074074,-4,0.014036812,-0.045454545,-0.096121661,0,-0.333333333,-1.2,-0.483333333,0.004918033,0.1,0.222222222,0.2,-1.173076923,-0.344907,0,0
0,2019,5.167,1.15,0.1,0.22,5.28,0.8,66.27,0.39,0.05,0.24,0.66,19.937701,0.25,0.34,0.18,0.71,13.08,0.48,0.19,0.16,0.37,112840870,1,0,1,0,0,0,0,0,0,5.291,1.31,0.1,0.22,3.78,3.68,67.06,0.4,0.04,0.41,0.7,19.5085,0.22,-0.13,0.16,-0.16,13.02,0.8,0.26,0.13,0.2,-41309958,1,0,0,8.539,1.25,0.1,0.22,4.29,1.2,60.62,0.4,0.06,-0.03,0.66,19.455164,0.25,0.09,0.2,0.16,12.77,0.58,0.23,0.19,0.35,23102295,1,0,-0.023436023,-0.122137405,0.396825397,-0.782608696,-0.776412776,-0.011780495,-0.025,0.25,-0.414634146,-0.057142857,0.022000718,0.136363636,-3.615384615,0.125,-5.4375,0.004608295,-0.4,-0.269230769,0.230769231,0.85,-3.731565837,0,0
0,2011,7.947,1.07,0.11,0.38,2.24,1.45,77.28,0.45,0.02,7.07,0.4,3.820672,0.24,0.05,0.07,0.07,11.27,0.67,0.45,0.05,0.11,2601901,0,0,0,0,1,0,0,1,0,8.076,1.69,0.11,0.38,1.7,1.69,53.37,0.35,0.11,24.11,0.4,3.799816,0.18,0.23,0.23,0.32,11.3,0.73,0.59,0.22,0.32,12934865,0,0,1,6.285,2.59,0.11,0.38,0.91,10.5,59.69,0.32,0.04,11.72,0.43,4.192945,-0.04,0.1,0.1,0.11,11.3,0.96,1.1,0.07,0.1,5884836,0,0,-0.015973254,-0.366863905,0.317647059,-0.142011834,-0.227272727,0.448004497,0.285714286,-0.818181818,-0.70676068,0,0.005488687,0.333333333,-0.782608696,-0.695652174,-0.78125,-0.002654867,-0.082191781,-0.237288136,-0.772727273,-0.65625,-0.79884591,0,0
0,2020,4.547,1.62,0.03,0.23,1.4,1.05,57.42,0.42,0.18,12.06,0.33,9.211947,0.1,-0.05,0.29,-0.08,12.55,0.63,0.72,0.29,0.47,-10205214,0,0,0,0,0,0,0,1,0,4.509,1.63,0.03,0.23,1.67,0.67,46.16,0.42,0.21,10.43,0.32,10.023425,0.14,0.06,0.37,0.11,12.43,0.53,0.6,0.34,0.71,10335143,0,0,1,4.502,1.66,0.03,0.23,1.35,0.81,42.44,0.42,0.2,12.3,0.33,10.02088,0.08,-0.04,0.35,-0.07,12.4,0.57,0.74,0.31,0.62,-6825484,0,0,0.008427589,-0.006134969,-0.161676647,0.567164179,0.535714286,0.243934142,0,-0.142857143,0.156279962,0.03125,-0.080958156,-0.285714286,-1.833333333,-0.216216216,-1.727272727,0.009654063,0.188679245,0.2,-0.147058824,-0.338028169,-1.987428427,0,0
0,2021,4.505,1.04,0.07,0.32,-0.04,0.01,59.06,0.28,0.23,-0.02,0.26,2.608688,7.8,0.4,0.45,2042099900,11.21,-7.4,-23.73,0.4,2320899700,20420999,0,0,0,0,1,1,0,0,0,4.496,1.05,0.07,0.32,-0.05,0.01,62.63,0.25,0.27,-2.89,0.61,2.635849,6.73,0.52,0.47,2932895900,11.3,-6.33,-21.45,0.28,2670951400,29328959,0,0,0,4.506,1.08,0.07,0.32,-0.07,0.01,75.17,0.23,0.32,-0.12,0.22,2.50609,5.69,0.51,0.57,3140582400,11.39,-5.25,-14.82,0.51,3471256400,31405824,0,0,0.002001779,-0.00952381,-0.2,0,0.023255814,-0.057001437,0.12,-0.148148148,-0.993079585,-0.573770492,-0.01030446,0.158989599,-0.230769231,-0.042553191,-0.303725748,-0.007964602,0.169036335,0.106293706,0.428571429,-0.131058805,-0.303725748,1,1
0,2016,0.174,1.1,0.06,0.3,0.09,-0.01,36.77,0.44,-0.15,16.34,0.27,1.207372,-3.11,-0.53,-0.16,-0.15,9.62,3.43,11.47,-0.55,-0.05,-5526896,1,1,0,1,0,0,0,0,0,0.904,1,0.06,0.3,0.12,-0.01,35.23,0.38,0,26.19,0.24,1.05044,-2.42,-0.28,0.07,-0.1,9.68,2.78,8.24,-0.31,0.03,-3168298,1,1,0,2.306,1.07,0.06,0.3,0.11,-0.02,40.88,0.43,-0.07,8.92,0.14,1.375911,-2.23,-0.48,-0.02,-0.19,9.66,2.53,9.11,-0.39,-0.01,-5210028,1,1,-0.807522124,0.1,-0.25,0,-0.096153846,0.043712745,0.157894737,-15,-0.376097747,0.125,0.149396443,0.285123967,0.892857143,-3.285714286,0.5,-0.006198347,0.23381295,0.391990291,0.774193548,-2.666666667,0.744436918,0,0
0,2019,0.072,0.79,0.11,0.31,4.16,0.24,45.56,0.56,-0.17,183,0.68,17.543685,0.52,0.04,-0.13,0.12,13.29,0.33,0.24,0.02,-0.41,16362839,0,0,0,0,0,0,0,0,0,0.074,0.79,0.11,0.31,4.49,0.29,48.6,0.6,-0.18,190.84,0.65,15.565818,0.54,0.01,-0.13,0.02,13.26,0.34,0.22,0,-0.39,2705134,0,0,0,0.132,0.9,0.11,0.31,3.99,0.29,48.51,0.55,-0.09,227.79,0.73,16.45243,0.52,0.03,-0.06,0.08,13.27,0.36,0.25,0.05,-0.16,11631506,0,0,-0.027027027,0,-0.073496659,-0.172413793,-0.076923077,-0.06255144,-0.066666667,-0.055555556,-0.041081534,0.046153846,0.127064765,-0.037037037,3,0,5,0.002262443,-0.029411765,0.090909091,2,0.051282051,5.048809042,0,0
0,2018,0.575,0.95,0.12,0.46,2.65,0.58,58.27,0.55,-0.05,50.38,0.34,2.115004,0.13,0.1,0.01,0.25,11.2,0.42,0.38,0.1,0.02,5268714,0,0,0,0,0,0,0,0,0,3.859,0.9,0.12,0.46,3.4,0.52,51.18,0.57,-0.07,57.8,0.4,2.615053,0.21,0.07,-0.02,0.18,10.97,0.4,0.29,0.07,-0.05,2962367,0,0,0,4.67,1.08,0.12,0.46,3.64,0.6,64.82,0.52,0.05,72.16,0.47,2.664809,0.27,0.15,0.08,0.35,10.91,0.44,0.27,0.08,0.19,5870391,0,0,-0.850997668,0.055555556,-0.220588235,0.115384615,0.074626866,0.138530676,-0.035087719,-0.285714286,-0.128373702,-0.15,-0.191219451,-0.380952381,0.428571429,-1.5,0.388888889,0.020966272,0.05,0.310344828,0.428571429,-1.4,0.778548708,0,0
0,2013,6.671,1.21,0.01,0.83,0.48,0.28,-31.01,0.61,0.05,13.27,0.19,1.203981,-0.32,0,0.17,0,9.78,0.7,2.09,-0.23,0.25,3143,1,1,0,1,0,0,0,0,0,8.475,1.23,0.01,0.83,0.62,0.98,62.28,0.6,0.05,8.92,0.19,1.230897,-0.17,-0.08,0.16,-0.11,9.86,0.72,1.61,-0.01,0.22,-1081709,1,1,0,4.504,1.71,0.01,0.83,1.08,0.51,72.65,0.49,0.18,18.53,0.24,1.34111,0.03,-0.12,0.37,-0.2,9.74,0.6,0.92,-0.01,0.61,-1397596,0,1,-0.212861357,-0.016260163,-0.225806452,-0.714285714,-0.099236641,-1.497912653,0.016666667,0,0.487668161,0,-0.02186698,0.882352941,-1,0.0625,-1,-0.00811359,-0.027777778,0.298136646,22,0.136363636,-1.002905587,0,0
0,2009,6.005,1.03,0.08,0.39,3.75,0.67,47.33,0.39,0.02,128.52,0.62,5.070534,0.29,0.02,0.08,0.03,12.37,0.46,0.27,0.03,0.18,2561687,0,0,0,0,0,0,0,0,0,8.468,1.08,0.08,0.39,3.48,0.71,62.52,0.38,0.05,103.9,0.68,5.250954,0.27,0.06,0.11,0.13,12.37,0.48,0.29,0.07,0.23,10532507,0,0,0,4.747,1.06,0.08,0.39,3.39,0.86,47.49,0.37,0.04,89.68,0.66,4.769103,0.23,0,0.1,0,12.31,0.51,0.29,0.05,0.19,0,0,0,-0.290859707,-0.046296296,0.077586207,-0.056338028,-0.054347826,-0.242962252,0.026315789,-0.6,0.236958614,-0.088235294,-0.034359471,0.074074074,-0.666666667,-0.272727273,-0.769230769,0,-0.041666667,-0.068965517,-0.571428571,-0.217391304,-0.756782787,0,0
0,2009,4.555,1.09,0.01,0.3,6.54,0.11,51.27,0.32,0.09,132.81,0.74,17.273839,0.37,0.08,0.11,0.47,13.34,0.16,0.15,0.11,0.65,32917903,0,0,0,0,1,0,0,0,0,4.538,1.11,0.01,0.3,6.11,0.04,54.39,0.33,0.1,126.8,0.71,16.418356,0.38,0.1,0.13,0.9,13.18,0.11,0.16,0.13,1.12,37494836,0,0,0,5.788,1.08,0.01,0.3,4.37,0.02,54.13,0.34,0.07,48.44,0.68,16.152092,0.23,0.12,0.11,1.44,13.03,0.08,0.23,0.11,1.39,37694550,0,0,0.003746144,-0.018018018,0.070376432,1.75,0.461538462,-0.057363486,-0.03030303,-0.1,0.047397476,0.042253521,0.052105278,-0.026315789,-0.2,-0.153846154,-0.477777778,0.012139605,0.454545455,-0.0625,-0.153846154,-0.419642857,-0.122068356,0,0
0,2010,0.376,0.92,0.27,0.29,1.66,0.71,70.1,0.46,-0.06,10.82,0.67,15.546796,0.07,0.02,0,0.04,13.6,0.48,0.6,0.01,0,10265769,0,0,1,0,0,0,0,0,0,4.292,0.92,0.27,0.29,1.43,0.74,66.55,0.48,-0.06,18.98,0.73,13.939117,0.05,0.02,-0.01,0.03,13.59,0.49,0.7,0.01,-0.02,8688205,0,0,0,0.567,0.94,0.27,0.29,1.7,0.8,77.17,0.48,-0.05,22.18,0.74,13.526691,0.08,0.03,0,0.06,13.59,0.51,0.59,0.03,-0.01,16599695,0,0,-0.912395154,0,0.160839161,-0.040540541,-0.051546392,0.053343351,-0.041666667,0,-0.429926238,-0.082191781,0.115335785,0.4,0,-1,0.333333333,0.000735835,-0.020408163,-0.142857143,0,-1,0.181575366,0,0
0,2019,4.473,1.14,0.06,0.1,-0.15,0,39.4,0.28,0.21,0.01,0.42,6.013091,1.32,0.34,0.36,4256356100,12.11,-1.15,-6.59,0.34,4557792800,42563561,0,0,0,0,0,0,0,1,0,4.477,1.16,0.06,0.1,-0.22,0.32,41.15,0.26,0.22,0.01,0.4,5.587343,0.9,0.33,0.35,4305264400,12.15,-0.74,-4.59,0.33,4622061300,43052644,0,0,1,4.513,1.15,0.06,0.1,-0.56,0.32,51.45,0.3,0.18,0.02,0.41,5.33831,0.47,0.23,0.25,3361370600,12.24,-0.3,-1.79,0.23,3596940000,33613706,0,0,-0.000893455,-0.017241379,-0.318181818,-1,0.285714286,-0.042527339,0.076923077,-0.045454545,0,0.05,0.076198651,0.466666667,0.03030303,0.028571429,-0.011360115,-0.003292181,0.554054054,0.435729847,0.03030303,-0.013904727,-0.011360115,1,1
0,2014,6.649,1.05,0.07,0.36,1.23,0.66,51.01,0.49,0.05,15.63,0.79,10.674346,0.02,-0.15,0.06,-0.34,13.98,0.45,0.81,0.04,0.14,-124140000,0,0,1,0,0,0,0,0,1,5.86,1.05,0.07,0.36,1.64,0.26,59.27,0.47,0.08,16.9,0.79,10.451332,0.05,0.05,0.07,0.17,13.94,0.27,0.61,0.05,0.28,35780000,0,0,1,4.569,1.06,0.07,0.36,1.75,0.38,44.59,0.48,0.09,17.09,0.66,10.08907,0.04,0.12,0.08,0.37,13.94,0.31,0.57,0.06,0.26,90920000,0,0,0.134641638,0,-0.25,1.538461538,1.222222222,-0.139362241,0.042553191,-0.375,-0.075147929,0,0.021338333,-0.6,-4,-0.142857143,-3,0.00286944,0.666666667,0.327868852,-0.2,-0.5,-4.469536054,0,0
0,2014,0.05,0.84,0.09,0.59,10.78,0.14,48.15,0.78,-0.27,151.94,0.07,0.146361,0.51,0.06,-0.1,0.37,9.29,0.17,0.09,0.12,-0.58,462310,0,0,1,1,0,0,0,0,0,0.105,0.77,0.09,0.59,2.78,0.32,122.97,0.84,-0.44,38.27,0.08,0.16859,0.33,0.08,-0.15,0.46,9.24,0.19,0.36,0.08,-0.8,608930,0,0,0,0.055,0.7,0.09,0.59,2.7,0.32,71.12,0.76,-0.5,95.68,0.08,0.155564,0.26,0.08,-0.18,0.51,9.09,0.15,0.37,0.09,-1.16,477169,0,0,-0.523809524,0.090909091,2.877697842,-0.5625,-0.130434783,-0.608441083,-0.071428571,-0.386363636,2.970211654,-0.125,-0.131852423,0.545454545,-0.25,-0.333333333,-0.195652174,0.005411255,-0.105263158,-0.75,0.5,-0.275,-0.240783013,0,0
0,2021,1.52,1.98,0.15,0.52,3.83,-1.63,113.23,0.54,-0.11,31.58,0.16,0.729572,1.72,0.34,-0.52,0.21,8.5,1.63,0.26,0.72,-0.32,1164867,0,0,0,0,1,0,0,0,0,1.525,1.84,0.15,0.52,0.47,0,230.38,0.65,-0.23,3.5,0.17,0.784531,-0.95,-0.02,-0.59,-0.01,8.7,1.79,2.13,0,-0.33,-94032,1,1,0,2.349,1.62,0.15,0.52,0.38,0.32,220.21,0.62,-0.16,4.08,0.16,0.78692,-1.2,-0.41,-0.54,-0.21,8.51,1.92,2.64,-0.39,-0.28,-1420679,1,1,-0.003278689,0.076086957,7.14893617,-163,0.145374449,-0.508507683,-0.169230769,-0.52173913,8.022857143,-0.058823529,-0.070053318,-2.810526316,-18,-0.118644068,-22,-0.022988506,-0.089385475,-0.877934272,72,-0.03030303,-13.38798494,0,0
0,2015,5.333,1.12,0.08,0.35,3.34,0.01,57.05,0.5,0.05,0.23,0.68,5.172031,0.3,0.09,0.16,0.67,11.71,0.14,0.3,0.13,1.16,7808273,1,0,0,0,0,0,0,0,0,4.754,1.15,0.08,0.35,2.06,0.01,47.84,0.5,0.06,0.27,0.59,4.589702,0.21,0.04,0.25,0.21,11.68,0.21,0.49,0.15,1.19,3626794,1,0,0,1.642,0.9,0.08,0.35,1.41,0.01,60.19,0.52,-0.04,0.26,0.5,4.504317,0.11,0.15,-0.01,0.54,11.72,0.28,0.71,-0.02,-0.03,12879875,1,1,0.121792175,-0.026086957,0.621359223,0,-0.384615385,0.192516722,0,-0.166666667,-0.148148148,0.152542373,0.126877301,0.428571429,1.25,-0.36,2.19047619,0.002568493,-0.333333333,-0.387755102,-0.133333333,-0.025210084,1.152940862,0,0
0,2018,0.127,1.62,0.07,0.37,0.17,0.32,51.01,0.73,-0.57,0.03,0.34,1.851253,-4.69,-2.77,-2.87,-0.49,9.72,5.65,5.88,-2.75,-0.51,-32045459,0,1,0,0,0,0,0,0,0,1.836,1.12,0.07,0.37,0.3,0.32,59.6,0.62,-0.04,0.02,0.34,2.172784,-1.31,-0.04,-0.09,-0.02,10.47,1.88,3.3,-0.04,-0.05,-912316,0,1,0,1.068,1.18,0.07,0.37,0.31,0.32,68.27,0.59,-0.05,0.02,0.33,2.166617,-1.22,-0.06,-0.12,-0.04,10.59,1.75,3.28,-0.06,-0.07,-1739096,0,1,-0.930827887,0.446428571,-0.433333333,0,-0.427230047,-0.144127517,0.177419355,13.25,0.5,0,-0.147981115,2.580152672,68.25,30.88888889,23.5,-0.071633238,2.005319149,0.781818182,67.75,9.2,34.12539405,0,0
0,2014,7.45,1,0.05,0.3,0.8,0.63,1119.63,0.44,0,551.57,0.43,6.594344,-0.03,-0.06,0,-0.12,16.16,0.48,1.26,0,0.01,-430909000,1,0,0,0,0,0,0,0,0,3.202,1,0.05,0.3,1.02,0.5,1297.41,0.44,-0.07,1294.15,0.47,6.362148,0,0.14,0,0.32,16.2,0.45,0.98,0,0,1076379000,0,1,0,0.321,1,0.05,0.3,0.92,0.62,1017.94,0.43,-0.03,799.82,0.47,6.370245,-0.01,0.08,0,0.17,15.98,0.49,1.09,0,0,489596000,1,0,1.326670831,0,-0.215686275,0.26,0.160493827,-0.137026846,0,-1,-0.573797473,-0.085106383,0.036496479,-3,-1.428571429,0,-1.375,-0.002469136,0.066666667,0.285714286,0,1,-1.400332039,0,0
0,2021,0.146,0.66,0.01,0.21,0.33,0.05,54.19,0.46,-0.1,11.62,0.23,3.342514,-0.46,-0.02,-0.03,-0.03,11.95,0.7,3.08,-0.02,-0.04,-2212697,1,1,0,0,0,0,0,1,0,0.066,0.44,0.01,0.21,0.42,0.11,48.89,0.5,-0.2,34.27,0.23,3.342158,-0.36,-0.12,-0.11,-0.18,11.9,0.66,2.36,-0.12,-0.17,-12069010,1,1,1,0.084,0.67,0.01,0.21,0.52,0.16,46.9,0.48,-0.15,13.91,0.26,4.233403,-0.2,-0.09,-0.08,-0.18,11.8,0.5,1.94,-0.09,-0.17,-8254909,1,1,1.212121212,0.5,-0.214285714,-0.545454545,0.194871795,0.108406627,-0.08,-0.5,-0.660927925,0,0.000106518,0.277777778,-0.833333333,-0.727272727,-0.833333333,0.004201681,0.060606061,0.305084746,-0.833333333,-0.764705882,-0.816662924,0,0
0,2010,4.119,1.21,0.16,0.23,-0.92,-2.37,43.45,0.34,-0.06,2.09,0.52,5.93077,-0.6,-0.01,0.06,-0.01,12.07,1.5,-1.09,0,0.04,-1221488,0,1,0,0,0,0,0,1,0,3.811,1.27,0.16,0.23,-1.23,-2.47,48.71,0.35,-0.08,1.94,0.53,5.843015,-0.66,-0.11,0.07,-0.07,12.1,1.48,-0.82,-0.03,0.05,-13451941,0,1,1,3.317,1.49,0.16,0.23,-1.26,-3.22,61.32,0.38,-0.11,1.79,0.62,6.613902,-0.57,-1.26,0.02,-0.95,12.2,1.34,-0.79,-0.08,0.02,-174543785,0,1,0.080818683,-0.047244094,-0.25203252,-0.04048583,-0.025974026,-0.10798604,-0.028571429,-0.25,0.077319588,-0.018867925,0.015018787,-0.090909091,-0.909090909,-0.142857143,-0.857142857,-0.002479339,0.013513514,0.329268293,-1,-0.2,-0.909196152,0,0
0,2014,0.17,0.88,0.05,0.36,1.75,0.29,43.25,0.58,-0.1,17.4,0.56,12.151604,0.08,0.06,-0.07,0.2,12.93,0.3,0.57,-0.03,-0.23,17556800,0,1,0,0,0,0,0,0,0,1.459,0.89,0.05,0.36,1.33,0.22,49.3,0.57,-0.09,22.94,0.56,11.993942,0.05,0.05,-0.07,0.16,12.85,0.31,0.75,0.01,-0.21,13220024,0,0,0,1.502,0.9,0.05,0.36,1.54,0.28,44.23,0.54,-0.06,25,0.45,12.746611,0.08,-0.02,-0.05,-0.06,12.82,0.34,0.65,-0.02,-0.14,-4840722,0,1,-0.883481837,-0.011235955,0.315789474,0.318181818,-0.022222222,-0.122718053,0.01754386,0.111111111,-0.241499564,0,0.013145136,0.6,0.2,0,0.25,0.006225681,-0.032258065,-0.24,-4,0.095238095,0.328046001,0,0
0,2011,7.181,1.17,0.02,0.28,0.63,0.37,47.62,0.41,0.08,-0.31,0.68,6.597502,-0.09,0.04,0.16,0.1,11.95,0.45,1.59,0.12,0.37,4657342,1,0,0,0,0,0,0,1,0,7.549,1.14,0.02,0.28,0.87,0.31,52.84,0.4,0.07,-0.08,0.61,6.643152,-0.03,0.07,0.17,0.18,11.79,0.4,1.15,0.09,0.42,6690819,1,0,1,7.398,1.02,0.02,0.28,0.75,0.28,40.83,0.4,0.01,0.01,0.62,6.563952,-0.05,0.5,0.1,1.28,11.65,0.39,1.33,0.03,0.26,39759039,1,0,-0.048748179,0.026315789,-0.275862069,0.193548387,0.194029851,-0.098788796,0.025,0.142857143,2.875,0.114754098,-0.006871738,2,-0.428571429,-0.058823529,-0.444444444,0.013570823,0.125,0.382608696,0.333333333,-0.119047619,-0.303920492,0,0
0,2014,2.352,0.95,0.11,0.31,0.98,0.28,44.36,0.49,-0.03,30.65,0.68,27.323772,0,0.03,0.01,0.07,13.96,0.41,1.02,0.07,0.02,22510000,1,0,1,0,0,0,0,0,1,7.513,1.03,0.11,0.31,1.45,0.31,40.92,0.46,0.02,41.19,0.65,27.752606,0.08,0.01,0.06,0.03,13.85,0.36,0.69,0.06,0.18,8887000,0,0,1,5.84,1.07,0.11,0.31,1.67,0.35,40.59,0.44,0.04,40.41,0.63,28.645652,0.1,0.05,0.08,0.13,13.83,0.37,0.6,0.08,0.22,34728000,0,0,-0.686942633,-0.077669903,-0.324137931,-0.096774194,0.192982456,0.084066471,0.065217391,-2.5,-0.255887351,0.046153846,-0.015452026,-1,2,-0.833333333,1.333333333,0.007942238,0.138888889,0.47826087,0.166666667,-0.888888889,1.532913244,0,0
0,2017,2.896,0.46,0.14,0.14,-0.66,3.34,59.07,0.6,-0.09,-0.75,0.74,18.272736,-0.22,0,-0.09,0,13.75,0.8,-1.51,-0.02,-0.11,-1558952,1,1,0,0,0,0,0,0,0,2.885,0.53,0.14,0.14,0.09,2.27,55.38,0.61,-0.09,-0.17,0.72,17.496507,-0.12,-0.07,-0.09,-0.09,13.48,0.73,11.09,-0.03,-0.13,-33593979,1,1,0,0.267,0.85,0.14,0.14,1.01,1.97,55.36,0.58,-0.04,-1.37,0.68,16.297708,0,-0.02,-0.02,-0.02,13.57,0.69,0.99,0.05,-0.03,-9004437,0,0,0.003812825,-0.132075472,-8.333333333,0.471365639,0.450909091,0.066630553,-0.016393443,0,3.411764706,0.027777778,0.044364798,0.833333333,-1,0,-1,0.020029674,0.095890411,-1.136158702,-0.333333333,-0.153846154,-0.953594303,0,0
0,2019,4.446,75.74,0.06,0.3,0.48,186.72,55.19,0.25,0.3,37.28,0.44,0.766599,-0.21,-0.01,0.34,-0.01,11.6,1,2.11,0.25,0.34,-772621,1,0,0,0,1,0,0,0,0,4.439,12.51,0.06,0.3,0.72,49.01,41.73,0.26,0.26,30.16,0.42,0.606137,-0.05,-0.02,0.28,-0.02,11.42,0.98,1.39,0.19,0.29,-1259744,1,0,0,4.43,7.23,0.06,0.3,1.4,10.06,42.33,0.25,0.33,23.82,0.46,0.548205,0.07,-0.01,0.6,-0.01,10.7,0.93,0.71,0.47,0.65,-221979,0,0,0.001576932,5.054356515,-0.333333333,2.809834728,4.060685583,0.322549724,-0.038461538,0.153846154,0.236074271,0.047619048,0.264728931,3.2,-0.5,0.214285714,-0.5,0.015761821,0.020408163,0.517985612,0.315789474,0.172413793,-0.38668412,0,0
0,2011,1.507,0.94,0.04,0.24,0.95,0.92,43.98,0.52,-0.06,12.79,0.78,14.59322,-0.01,-0.02,0.01,-0.03,14.12,0.57,1.05,0.01,0.01,-17389000,0,0,0,0,0,0,0,0,0,4.771,1.01,0.04,0.24,0.97,0.78,41.93,0.4,0.01,13.22,0.83,15.135201,0,0.04,0.04,0.08,14.1,0.54,1.03,0.04,0.08,37155000,0,0,0,7.189,1.03,0.04,0.24,0.97,0.33,43.75,0.42,0.03,14.12,0.81,15.228724,-0.01,0.14,0.08,0.35,13.74,0.39,1.03,0.08,0.19,89211000,0,0,-0.684133305,-0.069306931,-0.020618557,0.179487179,0.120689655,0.048891009,0.3,-7,-0.032526475,-0.060240964,-0.035809303,-1,-1.5,-0.75,-1.375,0.00141844,0.055555556,0.019417476,-0.75,-0.875,-1.468012381,0,0
0,2016,0.03,0.35,0.03,0.26,2.41,0.24,87.12,0.85,-0.79,68.88,0.37,4.458019,0.25,-0.03,-0.41,-0.1,11.86,0.34,0.42,0.03,-1.23,-3151000,0,0,0,0,0,0,0,0,0,1.669,0.99,0.03,0.26,2.78,0.23,54.09,0.49,-0.01,87.58,0.38,5.001636,0.3,0,0.01,-0.01,11.89,0.32,0.36,0,0.03,-312000,0,1,0,4.465,1.3,0.03,0.26,2.69,0.24,49.5,0.38,0.19,73.64,0.41,4.786638,0.27,0.05,0.22,0.15,11.89,0.32,0.37,0.05,0.68,4887482,0,0,-0.982025165,-0.646464646,-0.133093525,0.043478261,0.0625,0.610648918,0.734693878,78,-0.213519068,-0.026315789,-0.108687837,-0.166666667,-3,-42,9,-0.002523129,0.0625,0.166666667,3,-42,9.099358974,0,0
0,2018,1.369,1.03,0.03,0.4,0.14,0.32,64.03,0.39,-0.03,-0.28,0.18,1.809113,-2.63,-1.47,0.06,-0.48,10.12,3.04,7.4,-0.01,0.02,-25533355,1,1,0,0,1,0,0,1,0,2.32,1.57,0.03,0.4,0.13,0.32,73.49,0.42,-0.2,-4.22,0.17,1.797763,-1.08,-0.13,-0.08,-0.11,11.03,1.23,8.02,-0.13,-0.07,-5549819,1,1,1,3.962,1.06,0.03,0.4,0.17,0.32,54.79,0.37,-0.01,21.19,0.18,1.80595,-0.91,0,0.04,0,11.07,1.1,5.88,0,0.04,102644,1,0,-0.409913793,-0.343949045,0.076923077,0,-0.722532588,-0.128724997,-0.071428571,-0.85,-0.933649289,0.058823529,0.006313402,1.435185185,10.30769231,-1.75,3.363636364,-0.082502267,1.471544715,-0.077306733,-0.923076923,-1.285714286,3.600754547,0,0
0,2010,5.807,1.32,0.06,0.22,0.46,-0.34,-0.08,0.28,0.11,0.02,0.87,12.393574,-0.12,0.28,0.47,2188028900,11.62,-0.18,2.17,0.41,3697497700,21880289,1,0,0,0,1,0,1,0,0,6.615,1.35,0.06,0.22,0.35,-0.24,-1.39,0.25,0.09,0.02,0.83,11.733096,-0.15,0.29,0.47,1996502600,11.5,-0.01,2.83,0.39,3234650100,19965026,1,0,0,7.198,1.33,0.06,0.22,0.54,0.25,1.94,0.26,0.06,-0.03,0.79,11.14748,-0.09,0.18,0.33,0.52,11.6,0.35,1.84,0.24,0.94,13932817,1,0,-0.122146636,-0.022222222,0.314285714,0.416666667,14,-0.942446043,0.12,0.222222222,0,0.048192771,0.056291877,-0.2,-0.034482759,0,0.095930904,0.010434783,17,-0.233215548,0.051282051,0.143090469,0.095930904,1,0
0,2013,1.455,9.35,0.39,0.24,0.11,-0.01,98.72,0.42,-0.82,-2.96,0.56,3.751909,-0.98,-0.5,-0.82,-0.45,11.04,1.11,9.11,-0.4,-0.74,-21790284,0,1,1,0,0,1,0,0,0,0.159,-1.08,0.39,0.24,0.38,0.32,91.43,0.42,-0.74,1.99,0.56,3.817762,-0.44,0.76,-0.54,1.07,11.36,0.71,2.64,0.77,-0.76,45490031,0,0,0,0.121,2.37,0.39,0.24,0.15,0,86.56,0.42,-0.95,1.77,0.59,4.143144,-1.25,-0.24,-0.58,-0.17,11.38,1.47,6.76,-0.25,-0.39,-14852689,0,1,8.150943396,-9.657407407,-0.710526316,-1.03125,-5.201612903,0.079733129,0,0.108108108,-2.487437186,0,-0.017249111,1.227272727,-1.657894737,0.518518519,-1.420560748,-0.028169014,0.563380282,2.450757576,-1.519480519,-0.026315789,-1.479012292,0,0
0,2015,0.19,0.84,0.04,0.31,1.61,0.55,37.72,0.46,-0.05,18.24,0.63,11.715495,0.1,-0.08,-0.02,-0.17,12.39,0.46,0.62,-0.06,-0.04,-12976564,0,1,0,0,0,0,1,0,0,1.524,0.89,0.04,0.31,2.18,0.56,43.38,0.45,-0.04,18.55,0.68,12.326838,0.17,-0.03,0,-0.07,12.51,0.45,0.46,-0.02,0,-6383652,0,1,0,2.907,0.94,0.04,0.31,2.55,0.6,48.51,0.44,-0.03,79.55,0.67,12.618611,0.19,0.07,0.02,0.16,12.57,0.45,0.39,0,0.05,14436751,0,0,-0.875328084,-0.056179775,-0.26146789,-0.017857143,0.024096386,-0.130474873,0.022222222,0.25,-0.01671159,-0.073529412,-0.04959447,-0.411764706,1.666666667,-2,1.428571429,-0.009592326,0.022222222,0.347826087,2,-4,1.032780609,0,0
0,2020,2.63,1,0.05,0.21,3.6,0.35,45.65,0.3,0,111.44,0.64,10.796424,0.43,0.04,0,0.1,13.3,0.38,0.28,0.04,0.01,15614940,0,0,0,0,0,0,0,0,0,6.027,1.07,0.05,0.21,3.23,0.35,46.98,0.3,0.04,127.92,0.64,11.154318,0.45,0.07,0.05,0.16,13.28,0.41,0.31,0.07,0.11,26862289,0,0,0,6.49,1.05,0.05,0.21,3.21,0.4,43.29,0.31,0.02,118.95,0.69,11.460689,0.44,0.05,0.03,0.11,13.2,0.43,0.31,0.05,0.08,17544277,0,0,-0.56363033,-0.065420561,0.114551084,0,-0.102941176,-0.028309919,0,-1,-0.128830519,0,-0.032085691,-0.044444444,-0.428571429,-1,-0.375,0.001506024,-0.073170732,-0.096774194,-0.428571429,-0.909090909,-0.418704043,0,0
0,2015,5.851,1.27,0.03,0.33,1.62,0.01,56.33,0.35,0.1,0.02,0.57,22.768455,0.15,-3.97,0.29,-16.18,12.96,0.25,0.62,0.22,1.2,-1177478310,0,0,0,0,1,0,0,1,0,4.534,1.09,0.03,0.33,-0.09,0,52,0.36,0.23,0.35,0.54,21.411336,4.39,0.29,0.55,7971467400,12.9,-4.03,-11.33,0.29,15295240800,79714674,0,0,1,4.527,1.1,0.03,0.33,-0.1,0,52.33,0.37,0.23,0,0.58,23.024238,4.1,0.31,0.58,8539298400,12.9,-3.73,-10.39,0.3,16051087200,85392984,0,0,0.290471989,0.165137615,-19,1,-1.4125,0.083269231,-0.027777778,-0.565217391,-0.942857143,0.055555556,0.0633832,-0.965831435,-14.68965517,-0.472727273,-1.000000002,0.004651163,-1.062034739,-1.054721977,-0.24137931,-1,-15.77116133,1,1
0,2021,2.842,0.59,0.09,0.26,1.22,0.4,156.16,0.43,-0.11,41.18,0.4,3.429693,0.12,-0.06,-0.12,-0.09,11.05,0.67,0.82,-0.12,-0.17,-2601589,0,1,0,0,0,0,0,0,0,3.604,0.77,0.09,0.26,2.43,0.99,44.12,0.42,-0.07,36.86,0.44,3.374183,0.42,-0.01,-0.05,-0.01,11.13,0.64,0.41,0.18,-0.07,-355185,0,0,0,3.836,0.82,0.09,0.26,6.06,0.87,41.72,0.4,-0.06,19.89,0.37,3.637646,0.56,-0.05,-0.03,-0.09,10.86,0.52,0.17,-0.06,-0.06,-1635267,0,1,-0.211431743,-0.233766234,-0.497942387,-0.595959596,0.149171271,2.539437897,0.023809524,0.571428571,0.117200217,-0.090909091,0.01645139,-0.714285714,5,1.4,8,-0.007187781,0.046875,1,-1.666666667,1.428571429,6.324602672,0,0
0,2018,7.155,1.25,0.05,0.26,-7.78,0.49,70.31,0.34,0.13,-1.38,0.52,3.426998,0.36,0.18,0.24,0.61,11.12,0.3,-0.13,0.18,0.79,8547692,1,0,0,0,0,0,0,0,0,8.34,1.16,0.05,0.26,-47.83,0.62,75.22,0.38,0.07,-1.98,0.57,3.417775,0.37,0.1,0.15,0.28,10.94,0.38,-0.02,0.1,0.41,4116467,1,0,0,7.211,1.31,0.05,0.26,12.7,0.78,83.88,0.33,0.11,-3.34,0.54,3.408721,0.37,0.17,0.25,0.38,10.89,0.46,0.08,0.17,0.54,6488265,1,0,-0.142086331,0.077586207,-0.837340581,-0.209677419,-0.283333333,-0.065275193,-0.105263158,0.857142857,-0.303030303,-0.087719298,0.002698539,-0.027027027,0.8,0.6,1.178571429,0.016453382,-0.210526316,5.5,0.8,0.926829268,1.076463142,0,0
0,2014,5.527,1.04,0.21,0.28,6,0.67,60.91,0.45,0.03,7.4,0.77,32.615329,0.51,0.07,0.09,0.14,14.33,0.46,0.17,0.07,0.2,77630216,0,0,0,0,0,0,1,0,0,5.103,1.06,0.21,0.28,4.47,0.7,62.2,0.46,0.03,6.91,0.83,32.618143,0.44,0.09,0.1,0.19,14.25,0.48,0.22,0.09,0.2,99887393,0,0,0,7.579,1.16,0.21,0.28,3.56,0.86,56.22,0.43,0.07,6.17,0.85,32.368337,0.38,0.14,0.14,0.25,14.16,0.54,0.28,0.12,0.25,134771124,0,0,0.083088379,-0.018867925,0.342281879,-0.042857143,-0.085106383,-0.02073955,-0.02173913,0,0.070911722,-0.072289157,-8.63e-05,0.159090909,-0.222222222,-0.1,-0.263157895,0.005614035,-0.041666667,-0.227272727,-0.222222222,0,-0.222822684,0,0
0,2017,2.904,0.94,0.07,0.27,1.03,0.33,53.04,0.6,-0.08,8.63,0.68,15.69971,0,0.01,0,0.04,13.27,0.32,0.97,0,0,5081773,0,0,1,0,0,0,1,0,0,1.279,0.99,0.07,0.27,1,0.6,48.35,0.56,-0.02,19.94,0.7,14.873756,6.01e-05,0.01,0.03,0.03,13.43,0.43,1,0.01,0.06,6069004,0,0,0,1.112,0.99,0.07,0.27,0.92,0.38,47.09,0.54,-0.02,26.21,0.71,14.960574,-0.01,-0.03,0.03,-0.08,13.29,0.36,1.08,0.02,0.08,-11425791,0,0,1.270523847,-0.050505051,0.03,-0.45,-0.376623377,0.097001034,0.071428571,3,-0.567201605,-0.028571429,0.055530963,-1,0,-1,0.333333333,-0.011913626,-0.255813953,-0.03,-1,-1,-0.162667713,0,0
0,2012,4.422,7.64,0.06,0.3,1.66,0.7,37.35,0.17,0.43,41.31,0.18,0.324783,0.32,0.06,2.06,0.09,9.45,0.7,0.6,1.9,2.95,539453,0,0,0,0,1,0,0,0,0,4.417,10.3,0.06,0.3,1.54,1.06,33.83,0.16,0.46,30.96,0.18,0.259902,0.26,-0.15,2.44,-0.2,9.4,0.75,0.65,2.31,3.27,-1225708,0,0,0,4.418,7.06,0.06,0.3,2.26,1.07,35.96,0.14,0.46,48.38,0.2,0.356955,0.42,0.21,2.03,0.31,9.61,0.68,0.44,1.92,3.01,2183500,0,0,0.00113199,-0.258252427,0.077922078,-0.339622642,-0.210169492,0.10404966,0.0625,-0.065217391,0.334302326,0,0.249636401,0.230769231,-1.4,-0.155737705,-1.45,0.005319149,-0.066666667,-0.076923077,-0.177489177,-0.097859327,-1.440115427,0,0
0,2013,4.671,1.07,0.1,0.19,1.1,1.27,50.14,0.65,0.02,21.77,0.8,17.730572,0.03,0.04,0.08,0.06,12.89,0.7,0.91,0.04,0.11,11754000,0,0,0,0,1,1,0,0,0,3.811,0.87,0.1,0.19,1.1,1.3,53.2,0.65,-0.03,20.54,0.84,17.734935,0.03,0.02,0.03,0.03,12.78,0.72,0.91,0.02,0.04,5324000,0,0,0,7.565,1.2,0.1,0.19,1.34,1.96,50.65,0.6,0.04,28.66,0.84,17.558014,0.1,0.04,0.11,0.05,12.87,0.76,0.75,0.04,0.15,10048000,0,0,0.225662556,0.229885057,0,-0.023076923,-0.051792829,-0.057518797,0,-1.666666667,0.059883155,-0.047619048,-0.000246012,0,1,1.666666667,1,0.008607199,-0.027777778,0,1,1.75,1.207738542,0,0
0,2011,2.813,0.98,0.01,0.4,5.86,0.61,33.68,0.53,-0.03,116.4,0.52,4.189084,0.19,0.05,0.05,0.13,12.57,0.4,0.17,0.04,0.12,10288268,0,0,0,0,0,0,0,1,0,2.328,0.97,0.01,0.4,9.83,0.69,44.68,0.43,-0.04,201.09,0.52,4.10889,0.28,0.01,0.05,0.02,12.51,0.43,0.1,0.01,0.11,1966601,0,0,1,1.513,0.96,0.01,0.4,8.04,0.71,40.21,0.43,-0.06,198.55,0.54,4.205835,0.26,0.02,0.05,0.05,12.52,0.44,0.12,-0.01,0.1,4044264,0,1,0.208333333,0.010309278,-0.403865717,-0.115942029,-0.081081081,-0.246195166,0.23255814,-0.25,-0.421154707,0,0.019517193,-0.321428571,4,0,5.5,0.004796163,-0.069767442,0.7,3,0.090909091,4.231497391,0,0
0,2019,7.876,1.35,0,0.34,3.26,0.24,86.85,0.27,0.13,26.38,0.22,0.901648,0.43,0.25,0.29,0.73,10.94,0.35,0.31,0.24,0.83,9987906,0,0,0,0,1,0,0,0,0,7.555,1.66,0,0.34,3.41,0.14,73.59,0.31,0.16,33.92,0.2,0.842714,0.58,0,0.51,0,10.43,0.34,0.29,0.33,1.52,5141,0,0,0,8.094,1.45,0,0.34,3.39,0.03,76.83,0.27,0.13,49.87,0.15,0.734009,0.62,-0.04,0.39,-0.14,10.35,0.28,0.3,0.36,1.43,-862881,0,0,0.042488418,-0.186746988,-0.04398827,0.714285714,0.039215686,0.180187525,-0.129032258,-0.1875,-0.222287736,0.1,0.069933572,-0.25862069,25,-0.431372549,73,0.048897411,0.029411765,0.068965517,-0.272727273,-0.453947368,1941.794398,0,0
0,2009,0.051,0.74,0.06,0.21,2.62,0.44,35.02,0.42,-0.25,31.47,0.69,11.681033,0.12,-0.02,-0.12,-0.05,13.38,0.36,0.38,0,-0.34,-7407416,0,1,0,0,0,0,0,1,0,0.09,0.83,0.06,0.21,3.38,0.43,40.14,0.39,-0.16,42.3,0.74,12.838559,0.16,0.04,-0.05,0.11,13.4,0.35,0.3,0.06,-0.15,18305238,0,0,1,0.093,0.82,0.06,0.21,3.91,0.47,45.35,0.41,-0.17,39.25,0.71,12.285833,0.17,0,-0.06,0,13.35,0.36,0.26,0.13,-0.17,0,0,0,-0.433333333,-0.108433735,-0.224852071,0.023255814,0.037037037,-0.127553563,0.076923077,0.5625,-0.256028369,-0.067567568,-0.090160118,-0.25,-1.5,1.4,-1.454545455,-0.001492537,0.028571429,0.266666667,-1,1.266666667,-1.404661005,0,0
0,2016,1.47,2.15,0,0.22,0.24,-0.07,38.02,0.6,-0.14,0.05,0.44,1.652872,-0.98,-0.02,-0.18,-0.02,9.8,1.3,4.21,-0.03,-0.14,-256122,1,1,0,0,0,0,1,0,0,1.546,1.52,0,0.22,0.29,-0.08,31.15,0.57,-0.06,-0.77,0.45,1.64383,-0.89,0.1,-0.02,0.08,9.81,1.28,3.41,0.1,-0.02,1225210,1,0,0,1.522,1.45,0,0.22,0.3,-0.05,32.23,0.6,-0.08,-0.43,0.4,1.606344,-0.96,0.1,-0.05,0.07,9.75,1.4,3.31,0.1,-0.04,1207748,1,0,-0.04915912,0.414473684,-0.172413793,-0.125,-0.059210526,0.220545746,0.052631579,1.333333333,-1.064935065,-0.022222222,0.005500569,0.101123596,-1.2,8,-1.25,-0.001019368,0.015625,0.234604106,-1.3,6,-1.209043348,0,0
0,2018,4.301,0.96,0.3,0.21,4.44,0.35,49.94,0.39,-0.05,226.28,0.52,5.628343,0.43,0.03,-0.01,0.1,12.88,0.35,0.23,0.03,-0.02,9527849,0,0,0,0,0,0,0,1,0,2.445,0.99,0.3,0.21,4.45,0.38,53.05,0.4,-0.01,225.54,0.55,5.816531,0.41,-0.08,0.01,-0.22,12.84,0.36,0.22,0.04,0.03,-20945336,0,0,1,3.639,0.95,0.3,0.21,5.1,0.02,50.36,0.42,-0.06,105.4,0.54,6.142545,0.31,0.01,-0.03,0.15,12.6,0.09,0.2,0.01,-0.35,2722680,0,0,0.759100204,-0.03030303,-0.002247191,-0.078947368,-0.035087719,-0.05862394,-0.025,4,0.003281014,-0.054545455,-0.032353992,0.048780488,-1.375,-2,-1.454545455,0.003115265,-0.027777778,0.045454545,-0.25,-1.666666667,-1.454891199,0,0
0,2011,0.17,0.96,0.03,0.32,2.3,0.16,37.23,0.53,-0.08,20.67,0.54,5.508342,0.06,0.04,0,0.23,12.76,0.17,0.44,-0.01,-0.01,9793000,0,1,0,0,0,0,0,0,0,0.176,0.96,0.03,0.32,2.28,0.23,42.69,0.39,-0.08,13.8,0.53,5.234863,0.05,-0.21,0,-0.99,12.77,0.22,0.44,-0.01,-0.01,-52191000,0,1,0,2.802,1,0.03,0.32,2.17,0.17,31.97,0.37,0,9.24,0.51,5.311987,0.04,-0.09,0.03,-0.54,12.95,0.17,0.46,0,0.16,-26864000,0,0,-0.034090909,0,0.00877193,-0.304347826,-0.25,-0.127898805,0.358974359,0,0.497826087,0.018867925,0.052241864,0.2,-1.19047619,0,-1.232323232,-0.000783085,-0.227272727,0,0,0,-1.187637715,0,0
0,2013,4.495,0.52,0.06,0.3,1.75,-2.01,42.17,0.26,0.11,38.15,0.27,0.271563,0.27,0.16,0.39,0.1,8.88,1.63,0.57,0.31,0.24,815712,0,0,0,0,1,0,0,0,0,2.308,1.11,0.06,0.3,1.47,-1.7,48.34,0.31,-0.04,38.55,0.18,0.202376,0.19,-0.74,0.01,-0.4,8.82,1.84,0.68,-0.08,0.01,-3510908,0,1,0,2.906,1.54,0.06,0.3,2.54,-6.14,40.8,0.29,-0.02,42.38,0.21,0.236329,0.5,-0.94,-0.03,-0.83,8.5,1.13,0.39,-0.06,-0.03,-3229819,0,1,0.947573657,-0.531531532,0.19047619,0.182352941,0.182648402,-0.127637567,-0.161290323,-3.75,-0.010376135,0.5,0.341873542,0.421052632,-1.216216216,38,-1.25,0.006802721,-0.114130435,-0.161764706,-4.875,23,-1.232336478,0,0
0,2021,3.479,0.89,0.08,0.24,1.18,0.21,32.27,0.29,-0.02,150.45,0.58,5.459698,0.13,-0.31,-0.01,-0.42,12.55,0.75,0.85,-0.01,-0.01,-62051152,1,1,0,0,1,0,0,0,0,1.478,0.1,0.08,0.24,1.71,0.15,39.93,0.5,-0.54,230.66,0.62,6.092417,0.35,0.05,-0.37,0.09,12.81,0.56,0.59,0.04,-0.66,13481005,1,0,0,1.514,0.02,0.08,0.24,1.6,0.2,44.2,0.46,-0.49,218.89,0.72,7.065465,0.32,-0.06,-0.37,-0.09,12.78,0.6,0.62,0.04,-0.62,-13745246,1,0,1.353856563,7.9,-0.30994152,0.4,1.296875,-0.191835712,-0.42,-0.962962963,-0.347741264,-0.064516129,-0.103853528,-0.628571429,-7.2,-0.972972973,-5.666666667,-0.020296643,0.339285714,0.440677966,-1.25,-0.984848485,-5.602858021,0,0
0,2011,2.492,0.93,0.02,0.22,5.51,0.01,37.28,0.28,-0.01,0.25,0.83,51.609296,0.66,-0.89,0.12,-5.8,13.31,0.15,0.18,0.38,0.81,-372673601,0,0,0,0,0,0,1,0,0,0.002,-12.86,0.02,0.22,3.16,0,-7.27,-0.06,1.22,0.48,0.81,0.934926,0.17,0.01,-12.63,0.15,13.94,0.08,0.32,-12.51,-153.75,9883398,0,1,0,0.183,0.88,0.02,0.22,2.7,0.32,34.71,0.3,-0.05,1.14,0.82,51.845005,0.15,0,-0.02,-0.04,13.94,0.09,0.37,0.11,-0.19,-2723626,0,0,1245,-1.072317263,0.743670886,1,1,-6.127922971,-5.666666667,-1.008196721,-0.479166667,0.024691358,54.20147691,2.882352941,-90,-1.009501188,-39.66666667,-0.045193687,0.875,-0.4375,-1.030375699,-1.005268293,-38.70703163,0,0
0,2009,8.093,1.09,0.36,0.26,7.06,0.32,37.83,0.35,0.03,-0.41,0.48,9.275862,0.83,0.12,0.25,0.87,12.22,0.14,0.14,0.14,1.84,16921862,0,0,0,0,0,0,1,0,0,8.146,1.11,0.36,0.26,5.65,0,45.04,0.33,0.03,0.28,0.47,9.010148,0.8,0.15,0.24,0.86,12.12,0.17,0.18,0.15,1.39,18835253,0,0,0,6.982,1.03,0.36,0.26,5.54,0.32,50.03,0.34,0.01,0.03,0.49,8.994012,0.79,0.1,0.23,0.59,11.92,0.17,0.18,0.1,1.31,10630765,0,0,-0.006506261,-0.018018018,0.249557522,32,-0.238095238,-0.160079929,0.060606061,0,-2.464285714,0.021276596,0.029490526,0.0375,-0.2,0.041666667,0.011627907,0.008250825,-0.176470588,-0.222222222,-0.066666667,0.323741007,-0.101585628,0,0
0,2020,6.594,1.23,0.08,0.25,2.73,0.94,54.34,0.4,0.08,0.01,0.58,6.888806,0.15,0.09,0.19,0.18,12.47,0.53,0.37,0.11,0.35,16875582,0,0,0,0,1,0,0,0,0,6.64,1.24,0.08,0.25,2.31,1.3,57.05,0.4,0.08,0.01,0.6,6.599805,0.13,0.09,0.16,0.14,12.43,0.61,0.43,0.1,0.26,14972040,0,0,0,7.853,1.14,0.08,0.25,2.34,1.3,48.08,0.42,0.04,0.01,0.58,6.280962,0.13,0.02,0.12,0.03,12.18,0.61,0.43,0.06,0.19,2489342,0,0,-0.006927711,-0.008064516,0.181818182,-0.276923077,-0.275641026,-0.047502191,0,0,0,-0.033333333,0.043789324,0.153846154,0,0.1875,0.285714286,0.003218021,-0.131147541,-0.139534884,0.1,0.346153846,0.127139789,0,0
0,2017,1.484,0.91,0.12,0.33,1.55,0.63,48.12,0.59,-0.07,34.25,0.69,16.342114,0.06,-0.05,0.01,-0.1,13.36,0.46,0.64,-0.01,0.02,-20674082,0,1,0,0,0,0,0,1,0,7.175,1.04,0.12,0.33,2.66,0.61,43.96,0.55,0.03,105.31,0.66,17.315828,0.18,0,0.07,0.01,13.42,0.45,0.38,0.05,0.17,2313145,0,0,1,7.605,1.03,0.12,0.33,2.74,0.61,40.55,0.57,0.02,125.87,0.69,16.230005,0.19,0,0.07,0,13.42,0.45,0.36,0.04,0.15,-209921,0,0,-0.793170732,-0.125,-0.417293233,0.032786885,0.049382716,0.094631483,0.072727273,-3.333333333,-0.674769727,0.045454545,-0.056232598,-0.666666667,-5,-0.857142857,-11,-0.004470939,0.022222222,0.684210526,-1.2,-0.882352941,-9.937650688,0,0
0,2019,2.482,0.99,0.02,0.27,1.83,0.04,42.04,0.44,-0.01,0.41,0.46,4.577409,0.16,-0.12,0.09,-0.55,11.78,0.22,0.55,0,0.38,-11196367,0,0,0,0,0,0,0,1,0,4.387,1,0.02,0.27,4.03,0.07,52.77,0.44,0,1.23,0.48,4.412504,0.29,0.07,0.12,0.43,11.84,0.15,0.25,0.02,0.78,6434792,0,0,1,6.775,1.01,0.02,0.27,2.93,0.1,50.18,0.45,0.01,1.76,0.47,4.3868,0.25,-0.01,0.12,-0.07,11.83,0.21,0.34,0.02,0.58,-1314907,0,0,-0.43423752,-0.01,-0.545905707,-0.428571429,0.611111111,-0.203335228,0,-1,-0.666666667,-0.041666667,0.037372204,-0.448275862,-2.714285714,-0.25,-2.279069767,-0.005067568,0.466666667,1.2,-1,-0.512820513,-2.739973413,0,0
0,2014,5.849,1.35,0.03,0.33,1.28,0.25,51.91,0.42,0.15,30.58,0.29,5.659756,0.07,-0.09,0.3,-0.21,11.9,0.42,0.78,0.22,0.73,-8896257,0,0,0,1,0,0,0,0,0,7.531,1.12,0.03,0.33,1.36,0.19,43.29,0.4,0.06,21.77,0.31,5.552518,0.07,0.09,0.17,0.29,11.88,0.31,0.73,0.13,0.55,9234160,0,0,0,0.591,0.96,0.03,0.33,1.31,0.16,35.77,0.44,-0.02,16.98,0.31,4.753143,0.05,0.04,0.04,0.13,11.69,0.28,0.76,0.04,0.14,3161196,0,0,-0.223343513,0.205357143,-0.058823529,0.315789474,0.543478261,0.199122199,0.05,1.5,0.404685347,-0.064516129,0.0193134,0,-2,0.764705882,-1.724137931,0.001683502,0.35483871,0.068493151,0.692307692,0.327272727,-1.963407283,0,0
0,2017,2.21,0.82,0.21,0.29,0.27,0.03,61,0.39,0,0.23,0.22,3.456559,-0.72,0.01,0.06,0.01,10.89,0.98,3.75,0.01,0.06,453520,0,0,0,0,1,0,0,0,0,4.725,1.55,0.21,0.29,0.29,0.13,76.94,0.39,0,-0.51,0.2,3.596504,-0.7,0.02,0.07,0.02,10.98,0.99,3.4,0.02,0.07,747972,0,0,0,7.749,0.52,0.21,0.29,0.26,-0.08,70.9,0.39,0.01,-0.05,0.19,3.572576,-0.75,0.03,0.07,0.03,11.02,1.01,3.92,0.03,0.07,1133812,0,0,-0.532275132,-0.470967742,-0.068965517,-0.769230769,-0.669661904,-0.207174422,0,0,-1.450980392,0.1,-0.038911398,0.028571429,-0.5,-0.142857143,-0.5,-0.008196721,-0.01010101,0.102941176,-0.5,-0.142857143,-0.393667143,0,0
0,2017,7.166,1.22,0.04,0.41,2.11,0.02,61.21,0.34,0.14,0,0.59,10.543011,0.16,0.08,0.22,0.54,12.85,0.15,0.47,0.19,1.45,22221885,1,0,0,0,1,0,1,0,0,7.191,1.2,0.04,0.41,2.23,0.01,60.33,0.36,0.12,0,0.62,10.428988,0.17,0.24,0.21,1.64,12.74,0.15,0.45,0.18,1.43,57311850,1,0,0,7.181,1.24,0.04,0.41,2.45,0.01,55.44,0.36,0.11,0,0.63,10.588978,0.22,0.1,0.26,0.61,12.43,0.16,0.41,0.22,1.62,16784980,1,0,-0.003476568,0.016666667,-0.053811659,1,0.058823529,0.014586441,-0.055555556,0.166666667,0,-0.048387097,0.010933276,-0.058823529,-0.666666667,0.047619048,-0.670731707,0.008634223,0,0.044444444,0.055555556,0.013986014,-0.612263694,0,0
0,2017,2.288,1.63,0.02,0.5,0.64,-8.35,40.55,0.64,-0.05,10.76,0.51,7.553401,-0.12,0.02,-0.01,0.02,12.54,1.09,1.56,-0.03,-0.01,3492000,1,1,0,0,0,0,0,1,0,0.611,1.13,0.02,0.5,0.63,-7.51,43.85,0.62,-0.01,9.51,0.5,7.36704,-0.13,0.01,0.03,0.01,12.59,1.1,1.59,0,0.03,2843998,1,0,1,1.511,1.52,0.02,0.5,0.84,-6.87,41.71,0.66,-0.06,23.15,0.51,7.606731,-0.05,0.22,-0.01,0.2,12.55,1.12,1.2,0.2,-0.01,43678002,1,0,2.744680851,0.442477876,0.015873016,0.111850866,0.13506013,-0.075256556,0.032258065,4,0.131440589,0.02,0.025296591,-0.076923077,1,-1.333333333,1,-0.003971406,-0.009090909,-0.018867925,-3,-1.333333333,0.227848965,0,0
0,2021,2.886,0.76,0.01,0.27,2.23,0,30.79,0.54,-0.16,97.71,0.4,2.972942,0.35,-0.13,-0.06,-0.45,11.25,0.28,0.45,-0.02,-0.22,-6799936,0,1,1,0,0,0,0,0,0,3.253,0.77,0.01,0.27,2.9,0,59.92,0.63,-0.18,115.16,0.36,3.439425,0.41,0.35,-0.09,1.61,11.34,0.22,0.34,0.36,-0.42,20571577,0,0,0,3.266,0.67,0.01,0.27,1.61,0.03,49.4,0.48,-0.13,36.06,0.37,3.613738,0.21,-0.44,-0.08,-1.2,10.94,0.36,0.62,0.12,-0.21,-17097074,0,0,-0.112818936,-0.012987013,-0.231034483,0,0.392857143,-0.486148198,-0.142857143,-0.111111111,-0.151528308,0.111111111,-0.135628194,-0.146341463,-1.371428571,-0.333333333,-1.279503106,-0.007936508,0.272727273,0.323529412,-1.055555556,-0.476190476,-1.330550059,0,0
0,2020,0.063,0.72,0.04,0.26,1.15,0.42,41.07,0.4,-0.18,15.83,0.8,18.237192,0.03,0.07,-0.12,0.18,13.99,0.42,0.87,0.07,-0.29,62221000,0,0,0,0,0,0,0,0,1,1.472,0.89,0.04,0.26,1.16,0.47,47.8,0.38,-0.06,-31.63,0.85,19.153969,0.01,0.08,-0.02,0.2,13.77,0.37,0.86,0.07,-0.05,49857000,0,0,1,1.524,0.91,0.04,0.26,0.38,0.55,44.1,0.37,-0.04,-44.84,0.79,17.771264,-0.05,0.08,0,0.21,13.69,0.4,2.6,0.07,0,51605000,1,0,-0.957201087,-0.191011236,-0.00862069,-0.106382979,0.254237288,-0.140794979,0.052631579,2,-1.500474233,-0.058823529,-0.047863552,2,-0.125,5,-0.1,0.015976761,0.135135135,0.011627907,0,4.8,0.247989249,0,0
0,2017,0.075,-2.23,0.06,0.3,0.57,5.91,42.93,0.44,-0.19,-0.42,0.56,8.236382,-0.21,0.27,-0.18,0.29,12.6,0.92,1.77,-0.23,-0.2,56367534,0,1,0,0,0,0,0,0,0,0.087,2.3,0.06,0.3,0.47,-2.47,51.11,0.41,-0.2,-3.35,0.56,8.061527,-0.35,0.27,-0.24,0.22,12.41,1.24,2.15,-0.28,-0.19,46488373,0,1,0,0.794,1.2,0.06,0.3,0.86,-1.13,47.7,0.44,-0.07,-2.67,0.61,8.437526,-0.14,-0.02,-0.01,-0.02,13.84,1.12,1.17,-0.02,-0.01,-16111277,0,1,-0.137931034,-1.969565217,0.212765957,-3.392712551,-3.381044487,-0.160046958,0.073170732,-0.05,-0.874626866,0,0.021690059,-0.4,0,-0.25,0.318181818,0.015310234,-0.258064516,-0.176744186,-0.178571429,0.052631579,0.212508211,0,0
0,2017,0.08,0.74,0,0.4,2.02,0.75,41.54,0.67,-0.17,164.97,0.67,8.391267,0.23,0.05,-0.07,0.08,14.53,0.56,0.49,0.05,-0.13,66053645,0,0,0,0,0,0,0,0,1,0.071,0.71,0,0.4,1.93,0.81,43.05,0.67,-0.19,167.06,0.69,8.414564,0.22,0.04,-0.08,0.08,14.47,0.58,0.52,0.04,-0.14,58440965,0,0,1,0.086,0.75,0,0.4,1.93,0.93,42.39,0.65,-0.15,176.31,0.73,8.530685,0.22,0.06,-0.06,0.1,14.42,0.61,0.52,0.06,-0.1,79949301,0,0,0.126760563,0.042253521,0.046632124,-0.074074074,-0.080291971,-0.035075494,0,-0.105263158,-0.012510475,-0.028985507,-0.002768652,0.045454545,0.25,-0.125,0,0.00414651,-0.034482759,-0.057692308,0.25,-0.071428571,0.130262736,0,0
0,2010,5.136,1,0.03,0.26,1.23,0.73,47.21,0.41,0,14.12,0.42,4.048632,0.03,0,0.05,0,12.15,0.49,0.81,0.01,0.11,-40288,0,0,0,0,0,0,0,0,0,7.592,1.03,0.03,0.26,1.35,0.74,41.39,0.41,0.02,29.18,0.44,4.198197,0.04,0.05,0.06,0.1,12.16,0.49,0.74,0.07,0.12,6676014,0,0,0,3.581,0.97,0.03,0.26,1.38,0.91,53.11,0.42,-0.02,50.08,0.44,3.929028,0.06,-0.03,0.03,-0.05,12.18,0.55,0.72,-0.03,0.06,-3423828,0,1,-0.323498419,-0.029126214,-0.088888889,-0.013513514,0,0.140613675,0,-1,-0.516106923,-0.045454545,-0.035626008,-0.25,-1,-0.166666667,-1,-0.000822368,0,0.094594595,-0.857142857,-0.083333333,-1.006034739,0,0
0,2020,1.755,0.98,0.09,0.29,-9.86,0.56,55.13,0.37,-0.02,33.94,0.72,34.259031,0.08,0.03,0.03,0.07,15.19,0.35,-0.1,0.03,0.09,71614067,0,0,0,1,0,0,0,1,0,5.8,1.21,0.09,0.29,-87.61,0.59,42.6,0.3,0.18,3.24,0.75,34.8493,0.08,0.04,0.17,0.12,15.17,0.37,-0.01,0.13,0.47,118932102,0,0,1,2.17,0.98,0.09,0.29,5.09,0.65,53.28,0.37,-0.02,-9.76,0.76,34.242862,0.06,0,0.03,0.01,15.15,0.4,0.2,0.03,0.07,11833688,0,0,-0.697413793,-0.190082645,-0.88745577,-0.050847458,-0.051724138,0.294131455,0.233333333,-1.111111111,9.475308642,-0.04,-0.016937758,0,-0.25,-0.823529412,-0.416666667,0.001318392,-0.054054054,9,-0.769230769,-0.808510638,-0.397857552,0,0
0,2013,2.352,0.73,0.06,0.6,8.95,0.32,105.52,0.7,-0.2,67.6,0.16,1.281857,0.64,0.02,-0.22,0.21,9.56,0.08,0.11,0.02,-2.73,168638,0,0,1,0,0,0,0,0,0,0.559,0.95,0.06,0.6,9.15,0.07,52.18,0.59,-0.03,125.8,0.16,1.276015,0.66,0.07,-0.01,0.5,9.61,0.14,0.11,0.07,-0.04,729860,0,0,0,2.291,0.92,0.06,0.6,9.11,0.06,53.75,0.51,-0.05,105.59,0.2,1.205715,0.64,0.01,-0.01,0.11,9.52,0.13,0.11,0.01,-0.09,132222,0,0,3.207513417,-0.231578947,-0.021857923,3.571428571,-0.4375,1.02223074,0.186440678,5.666666667,-0.46263911,0,0.004578316,-0.03030303,-0.714285714,21,-0.58,-0.005202914,-0.428571429,0,-0.714285714,67.25,-0.768944729,0,0
0,2011,3.835,0.98,0.01,0.29,4.26,0.01,47.93,0.48,-0.03,15.46,0.2,3.06353,0.25,0.05,0.02,0.58,11.35,0.09,0.24,0.02,0.28,2893033,0,0,0,0,0,0,0,1,0,2.034,0.99,0.01,0.29,3.9,0.01,44.09,0.4,-0.01,36.29,0.23,2.972921,0.25,0.05,0.04,0.58,11.3,0.09,0.26,0.03,0.48,3041173,0,0,1,8.1,1.02,0.01,0.29,4.38,0.01,53.64,0.38,0.03,34.7,0.25,3.261593,0.25,0.01,0.07,0.17,11.23,0.08,0.23,0.05,0.9,741478,0,0,0.885447394,-0.01010101,0.092307692,0,-0.1,0.087094579,0.2,2,-0.573987324,-0.130434783,0.030478106,0,0,-0.5,0,0.004424779,0,-0.076923077,-0.333333333,-0.416666667,-0.048711468,0,0
0,2021,0.11,0.44,0.04,0.2,1.45,0.23,80.91,0.96,-0.73,241.23,0.2,0.663062,0.18,0.05,-0.25,0.1,10.66,0.51,0.69,0.04,-0.48,1534047,0,0,1,0,0,0,0,0,0,0.075,0.37,0.04,0.2,1.79,0.4,67.45,1.15,-0.93,399.98,0.11,0.544648,0.32,-0.04,-0.25,-0.06,10.67,0.57,0.56,-0.04,-0.43,-1103969,0,1,0,0.078,0.45,0.04,0.2,6.78,0.14,59.9,1.12,-0.89,179.17,0.16,0.761984,0.57,-0.06,-0.4,-0.28,10.14,0.21,0.15,-0.06,-1.91,-1049101,0,1,0.466666667,0.189189189,-0.189944134,-0.425,-0.210526316,0.199555226,-0.165217391,-0.215053763,-0.396894845,0.818181818,0.217413816,-0.4375,-2.25,0,-2.666666667,-0.000937207,-0.105263158,0.232142857,-2,0.11627907,-2.389574345,0,0
0,2010,3.59,0.94,0.05,0.33,2.39,0.48,47.91,0.43,-0.03,14.62,0.75,11.373647,0.18,0.01,0.05,0.02,12.28,0.41,0.42,0.02,0.11,1452108,0,0,0,0,0,0,0,0,1,2.358,0.91,0.05,0.33,2.27,0.51,44.93,0.45,-0.04,24.65,0.77,11.479627,0.17,-0.02,0.03,-0.04,12.29,0.42,0.44,0,0.07,-2489043,0,0,1,6.557,1.01,0.05,0.33,2.61,0.52,46.3,0.45,0.01,22.05,0.81,11.551742,0.18,0,0.08,0,12.3,0.41,0.38,0.01,0.19,130704,0,0,0.522476675,0.032967033,0.052863436,-0.058823529,-0.054054054,0.066325395,-0.044444444,-0.25,-0.406896552,-0.025974026,-0.009232007,0.058823529,-1.5,0.666666667,-1.5,-0.00081367,-0.023809524,-0.045454545,2,0.571428571,-1.583400126,0,0
0,2009,3.648,0.95,0.03,0.28,2.92,0.6,48.82,0.33,-0.04,41.78,0.72,14.861098,0.2,0.09,0.03,0.21,13.47,0.44,0.34,0.02,0.08,44669047,0,0,0,0,0,0,0,1,0,2.336,0.89,0.03,0.28,2.16,0.87,50.27,0.37,-0.08,39.68,0.72,15.064193,0.13,-0.31,0.01,-0.58,13.47,0.52,0.46,-0.2,0.03,-149891210,0,1,1,2.345,0.96,0.03,0.28,2.24,0.44,51.45,0.34,-0.04,36.03,0.82,15.654415,0.1,0,0.03,0,13.66,0.36,0.45,0.03,0.07,610642,0,0,0.561643836,0.06741573,0.351851852,-0.310344828,-0.297297297,-0.028844241,-0.108108108,-0.5,0.052923387,0,-0.01348197,0.538461538,-1.290322581,2,-1.362068966,0,-0.153846154,-0.260869565,-1.1,1.666666667,-1.298009783,0,0
0,2008,4.455,2.82,0.04,0.18,1.12,2.56,40.75,0.37,0.18,2.04,0.64,6.72369,0.04,-0.58,0.48,-0.72,11.13,0.8,0.89,0.04,0.61,-27234708,0,0,0,0,0,0,0,1,0,4.581,1.18,0.04,0.18,2.22,0.35,56.46,0.4,0.08,56.42,0.6,5.874093,0.24,0.11,0.19,0.27,11.39,0.4,0.45,0.12,0.48,6792261,0,0,1,7.118,1.28,0.04,0.18,1.34,0.47,60.72,0.39,0.11,2.97,0.59,4.560313,0.08,0,0.25,0,11.3,0.47,0.75,0.06,0.53,0,0,0,-0.027504912,1.389830508,-0.495495495,6.314285714,4.867647059,-0.278250089,-0.075,1.25,-0.963842609,0.066666667,0.144634584,-0.833333333,-6.272727273,1.526315789,-3.666666667,-0.022827041,1,0.977777778,-0.666666667,0.270833333,-5.009667473,0,0
0,2021,4.474,1.2,0.11,0.28,-0.1,0,50.38,0.27,0.43,-0.19,0.67,7.307848,3.77,0.82,0.97,6322368400,11.62,-3.43,-10.21,0.82,7483553400,63223684,0,0,0,0,1,0,0,1,0,4.497,1.2,0.11,0.28,-0.13,0,62.95,0.27,0.41,-0.5,0.56,6.165612,3.52,0.92,0.88,6253852600,11.49,-3.12,-7.86,0.92,5981523100,62538526,0,0,1,4.574,1.18,0.11,0.28,-0.15,0.32,57.57,0.29,0.32,-0.5,0.6,6.452515,2.92,0.62,0.71,3781452200,11.39,-2.54,-6.73,0.66,4360706300,37814522,0,0,-0.005114521,0,-0.230769231,0,0.013157895,-0.199682288,0,0.048780488,-0.62,0.196428571,0.185259144,0.071022727,-0.108695652,0.102272727,0.010955775,0.011314186,0.099358974,0.298982188,-0.108695652,0.251111678,0.010955775,1,1
0,2019,0.136,0.84,0.05,0.19,2.6,0.11,36.52,0.32,-0.08,0.38,0.77,22.819304,0.14,0.15,-0.05,0.83,13.48,0.18,0.38,0.1,-0.3,72556772,0,0,0,0,0,0,0,1,0,0.069,0.63,0.05,0.19,1.64,0.14,37.22,0.31,-0.16,0.39,0.75,21.247622,0.09,0.02,-0.19,0.06,13.39,0.25,0.61,-0.05,-0.74,6995986,0,1,1,0.114,0.76,0.05,0.19,2.74,0.17,41.12,0.31,-0.11,0.38,0.74,20.64398,0.17,0,-0.09,0,13.33,0.22,0.37,0,-0.4,412229,0,1,0.971014493,0.333333333,0.585365854,-0.214285714,-0.382352941,-0.018807093,0.032258065,-0.5,-0.025641026,0.026666667,0.073969784,0.555555556,6.5,-0.736842105,12.83333333,0.006721434,-0.28,-0.37704918,-3,-0.594594595,9.371200285,0,0
0,2010,4.471,1.15,0.04,0.26,0.21,-0.91,-0.32,0.31,0.25,0.04,0.7,7.424117,-0.24,0.8,1.29,3065091300,10.92,-6.34,4.68,1.07,4942195000,30650913,0,0,0,0,1,0,1,0,0,4.525,1.11,0.04,0.26,0.42,-0.87,2.75,0.35,0.19,0.04,0.71,7.322474,-0.16,0.36,0.81,1624143700,11.09,-4.5,2.41,0.63,3675339000,16241437,0,0,0,4.479,1.13,0.04,0.26,0.62,-0.83,5.06,0.34,0.2,0.17,0.78,7.904088,-0.09,0.38,0.75,1983454300,11.22,-3.53,1.62,0.59,3861888600,19834543,0,0,-0.011933702,0.036036036,-0.5,0.045977011,0.048780488,-1.116363636,-0.114285714,0.315789474,0,-0.014084507,0.013880964,0.5,1.222222222,0.592592593,0.8872045,-0.015329125,0.408888889,0.941908714,0.698412698,0.344690925,0.8872045,1,1
0,2008,7.585,1.09,0.14,0.23,2.77,-0.06,48.12,0.25,0.06,-0.02,0.41,3.078068,0.15,0.68,0.17,29.72,11.3,0.02,0.36,0.1,7.59,38158865,0,0,1,0,0,0,0,1,0,4.075,0.84,0.14,0.23,2.88,2.23,75.04,0.32,-0.05,0.46,0.34,2.516939,0.15,0.02,0.03,0.03,11.36,0.71,0.35,-0.03,0.04,1305685,0,1,1,1.512,0.52,0.14,0.23,3.8,2.84,67.21,0.33,-0.15,0.77,0.35,2.514291,0.18,0,-0.05,0,11.44,0.76,0.26,-0.13,-0.06,0,0,1,0.861349693,0.297619048,-0.038194444,-1.02690583,-0.992,-0.358742004,-0.21875,-2.2,-1.043478261,0.205882353,0.222941041,0,33,4.666666667,989.6666667,-0.00528169,-0.971830986,0.028571429,-4.333333333,188.75,28.22516916,0,0
0,2013,0.152,-2.54,0.06,0.18,2.16,7.11,48.95,0.41,-0.23,-1.67,0.5,9.876201,0.25,0,-0.24,0,12.43,0.9,0.46,0,-0.27,386441,0,0,0,0,1,0,1,0,0,0.199,-1.83,0.06,0.18,1.41,5.21,47.64,0.42,-0.18,-0.1,0.53,10.858627,0.11,-0.1,-0.22,-0.11,12.23,0.88,0.71,-0.1,-0.24,-14299593,0,1,0,2.299,0.14,0.06,0.18,1.34,2.44,49.53,0.43,-0.1,-1.44,0.54,10.688864,0.09,0.02,-0.09,0.02,12.24,0.79,0.75,0.02,-0.11,2242547,0,0,-0.236180905,0.387978142,0.531914894,0.364683301,0.229057592,0.027497901,-0.023809524,0.277777778,15.7,-0.056603774,-0.090474238,1.272727273,-1,0.090909091,-1,0.01635323,0.022727273,-0.352112676,-1,0.125,-1.027024615,0,0
0,2017,0.546,0.88,0.02,0.32,4.82,0.65,57.32,0.63,-0.07,107.83,0.9,18.792387,0.41,-0.02,-0.01,-0.03,13.56,0.46,0.21,-0.02,-0.02,-8506273,0,1,0,1,0,1,0,0,0,7.76,1.02,0.02,0.32,5.17,0.59,64.1,0.56,0.02,141.38,0.95,15.709783,0.44,0.05,0.07,0.12,13.55,0.44,0.19,0.05,0.15,28161425,0,0,0,2.657,0.96,0.02,0.32,5.5,0.66,55.59,0.57,-0.03,157.67,0.84,13.992058,0.43,0.02,0.03,0.04,13.49,0.45,0.18,0.02,0.07,9632609,0,0,-0.929639175,-0.137254902,-0.067698259,0.101694915,0.08974359,-0.105772231,0.125,-4.5,-0.23730372,-0.052631579,0.196221934,-0.068181818,-1.4,-1.142857143,-1.25,0.000738007,0.045454545,0.105263158,-1.4,-1.133333333,-1.302054069,0,0
0,2019,7.652,1.01,0.06,0.4,4.34,0.34,29.81,0.65,0.01,63.04,0.35,0.435431,0.26,0.05,0.05,0.17,11.69,0.31,0.23,0.05,0.15,4464442,0,0,0,1,0,1,0,0,0,6.453,1.02,0.06,0.4,8.56,0.55,29.9,0.65,0.01,70.03,0.5,0.601556,0.33,0.04,0.04,0.1,11.72,0.38,0.12,0.04,0.11,3332640,0,0,0,4.846,1,0.06,0.4,8.47,0.61,34.24,0.64,0,101.86,0.44,0.540295,0.37,0.03,0.04,0.08,11.7,0.41,0.12,0.03,0.09,2702891,0,0,0.185805052,-0.009803922,-0.492990654,-0.381818182,-0.274193548,-0.003010033,0,0,-0.099814365,-0.3,-0.276158828,-0.212121212,0.25,0.25,0.7,-0.002559727,-0.184210526,0.916666667,0.25,0.363636364,0.339611239,0,0
0,2020,1.469,0.9,0.02,0.5,2.08,1.22,41.81,0.5,-0.08,160.05,0.28,1.674482,0.15,0.06,0.01,0.09,12.38,0.61,0.48,0.02,0.01,9243051,0,0,0,0,0,0,0,0,0,1.501,0.89,0.02,0.5,5.55,1.44,41.67,0.49,-0.08,152.74,0.37,2.071021,0.25,-0.02,0.01,-0.03,12.22,0.61,0.18,-0.1,0.02,-2736166,0,1,0,0.15,0.83,0.02,0.5,11.09,1.37,42.15,0.52,-0.15,168.67,0.35,2.061073,0.26,0.03,-0.01,0.05,12.21,0.59,0.09,-0.04,-0.01,3854791,0,1,-0.021319121,0.011235955,-0.625225225,-0.152777778,0,0.003359731,0.020408163,0,0.047859107,-0.243243243,-0.191470294,-0.4,-4,0,-4,0.01309329,0,1.666666667,-1.2,-0.5,-4.378103156,0,0
0,2015,6.034,1.08,0.05,0.26,4.09,13.89,48.51,0.46,0.02,75.06,0.55,2.50515,0.07,0.01,0.04,0.01,12.94,0.93,0.24,0.01,0.04,2661009,0,0,0,0,0,0,1,0,0,2.88,0.68,0.05,0.26,2.66,9.04,41.31,0.48,-0.1,33.41,0.43,2.105996,0.07,-0.01,0.02,-0.02,12.42,0.9,0.38,-0.01,0.03,-2565015,0,1,0,0.105,-0.81,0.05,0.26,2.41,7.4,99.62,1.16,-1.56,148.73,0.3,1.627913,0.12,0,-0.14,0,12.44,0.89,0.42,-0.09,-0.16,0,0,1,1.095138889,0.588235294,0.537593985,0.536504425,0.502109705,0.174291939,-0.041666667,-1.2,1.246632745,0.279069767,0.189532174,0,-2,1,-1.5,0.041867955,0.033333333,-0.368421053,-2,0.333333333,-2.037424343,0,0
0,2013,6.85,1.03,0.08,0.19,0.95,0.02,24.01,0.47,0.02,0,0.44,7.805122,-0.01,-0.01,0.08,-0.1,11.88,0.13,1.06,0.07,0.62,-1289611,1,0,0,0,1,0,0,0,0,1.198,0.95,0.08,0.19,0.57,-0.02,7.09,0.48,-0.04,0,0.43,7.508684,-0.04,-0.1,0.02,-1.32,11.83,0.07,1.76,-0.01,0.23,-9282941,1,1,0,0.973,0.95,0.08,0.19,1.22,-0.02,26.55,0.48,-0.05,0.04,0.45,7.453049,0.02,-0.13,0.01,-1.97,11.93,0.07,0.82,-0.02,0.12,-13907542,1,1,4.717863105,0.084210526,0.666666667,-2,0.75,2.386459803,-0.020833333,-1.5,0,0.023255814,0.039479355,-0.75,-0.9,3,-0.924242424,0.004226543,0.857142857,-0.397727273,-8,1.695652174,-0.861077325,0,0
0,2017,5.829,-1.43,0.01,0.4,1.29,-4.95,45.52,0.4,0.16,0.01,0.35,2.387554,0.09,0.03,0.59,0.02,10.5,1.17,0.77,0.03,0.5,734561,0,0,0,0,0,0,0,0,1,5.802,-1.39,0.01,0.4,1.15,-4.38,42.77,0.41,0.18,0.01,0.39,2.456354,0.05,-0.06,0.64,-0.05,10.53,1.2,0.87,-0.06,0.54,-1567892,0,1,1,6.666,-0.76,0.01,0.4,1.39,-6.52,51.83,0.45,0.1,0.01,0.42,2.975453,0.11,-0.65,0.4,-0.58,10.58,1.13,0.72,-1.35,0.36,-17838457,0,1,0.004653568,0.028776978,0.12173913,0.130136986,0.113300493,0.064297405,-0.024390244,-0.111111111,0,-0.102564103,-0.028008992,0.8,-1.5,-0.078125,-1.4,-0.002849003,-0.025,-0.114942529,-1.5,-0.074074074,-1.468502295,0,0
0,2016,2.844,0.95,0.04,0.33,2.05,0.49,64.75,0.37,-0.04,79,0.23,3.089134,0.16,-0.04,0.01,-0.1,12.35,0.43,0.49,0,0.02,-6772437,0,1,0,0,0,0,0,0,0,4.094,0.97,0.04,0.33,3.21,0.74,67.91,0.35,-0.02,92.87,0.21,2.8914,0.21,0.05,0.02,0.11,12.51,0.48,0.31,0.03,0.04,10185559,0,0,0,2.567,0.99,0.04,0.33,3.83,0.36,71.13,0.35,-0.01,99.19,0.23,2.953723,0.3,0.05,0.04,0.14,12.17,0.34,0.26,0.04,0.11,6390409,0,0,-0.305324866,-0.020618557,-0.361370717,-0.337837838,-0.184782609,-0.046532175,0.057142857,1,-0.149348552,0.095238095,0.068386941,-0.238095238,-1.8,-0.5,-1.909090909,-0.012789768,-0.104166667,0.580645161,-1,-0.5,-1.664905775,0,0
0,2009,0.069,1.56,0,0.1,0.15,-0.8,35.31,0.42,-0.44,4.55,0.01,0.047065,-0.98,-0.37,-0.37,-0.21,9.06,1.81,6.55,-0.46,-0.21,-2241365,1,1,0,0,1,0,0,0,0,0.83,1.99,0,0.1,0.53,-2.57,-14.8,0.44,-0.4,1.87,0.02,0.037279,-0.18,-0.14,-0.31,-0.1,9.16,1.4,1.88,-0.4,-0.22,-932680,1,1,0,1.262,2.03,0,0.1,0.81,-4.24,-1.1,0.38,-0.19,7.83,0.04,0.068701,-0.05,-0.12,-0.19,-0.1,9.26,1.23,1.23,-0.23,-0.16,-870499,1,1,-0.91686747,-0.216080402,-0.716981132,-0.688715953,-0.368271955,-3.385810811,-0.045454545,0.1,1.43315508,-0.5,0.262507041,4.444444444,1.642857143,0.193548387,1.1,-0.010917031,0.292857143,2.484042553,0.15,-0.045454545,1.403144701,0,0
0,2014,3.619,0.61,0.06,0.29,0.99,0.01,48.87,0.41,-0.08,0.01,0.62,3.394431,0,0.47,-0.11,0.78,9.86,0.6,1.01,-0.03,-0.18,6249716,0,1,0,1,0,0,0,0,0,1.933,1.55,0.06,0.29,0.69,0.32,49.33,0.38,-0.02,0.01,0.63,3.291813,-0.33,0.61,0.13,0.59,10.32,1.04,1.45,0.08,0.12,12961723,0,0,0,2.308,1.21,0.06,0.29,32.84,0.32,126.13,0.47,-0.18,0.15,0.41,2.245969,-2065118100,711318300,-197330600,711318300,-11.15,-64853200,0.03,142700,-197330600,7113183,0,0,0.872219348,-0.606451613,0.434782609,-0.96875,-1.063259321,-0.009324954,0.078947368,3,0,-0.015873016,0.031173703,-1,-0.229508197,-1.846153846,0.322033898,-0.044573643,-0.423076923,-0.303448276,-1.375,-2.5,-0.51783293,0,1
0,2017,0.113,2.87,0.01,0.4,-2.08,0.32,44.74,0.45,-0.32,1.32,0.36,7.622626,-3989207200,-17557756800,-6057755000,-13.56,-11.15,1294409300,-0.48,-11877641800,-4.68,-175577568,1,1,0,0,1,0,0,0,0,1.478,0.72,0.01,0.4,6.51,0.32,47.86,0.42,-0.16,4.04,0.36,7.869631,0.42,-1.45,-0.2,-19.03,12.28,0.08,0.15,-1.45,-2.58,-218816609,0,1,0,2.312,0.91,0.01,0.4,23.42,0.32,48.7,0.42,-0.12,3.94,0.42,8.728661,0.75,-0.03,-0.05,-0.98,13.18,0.03,0.04,-0.04,-1.62,-12127388,0,1,-0.923545332,2.986111111,-1.319508449,0,-5.375,-0.065190138,0.071428571,1,-0.673267327,0,-0.031387113,-9498112382,12108797792,30288774999,-0.287440883,-1.907980456,16180116249,-4.2,8191477102,0.813953488,-0.197604017,0,0
0,2009,0.106,1.28,0.08,0.3,0.58,-1.64,34.37,0.44,-0.09,6.38,0.45,5.796766,-0.24,0.05,-0.15,0.03,11.29,1.67,1.73,0,-0.09,2842000,0,0,0,0,0,0,1,0,0,3.588,1.17,0.08,0.3,0.49,-1.67,30.4,0.43,-0.06,0.01,0.52,6.279178,-0.27,-0.35,-0.06,-0.21,11.31,1.71,2.03,-0.14,-0.04,-20033000,0,1,0,0.185,1.34,0.08,0.3,0.75,-2.5,36.69,0.42,-0.05,0,0.52,5.807936,-0.11,-0.02,-0.02,-0.01,11.27,1.37,1.34,-0.05,-0.01,-1048537,0,1,-0.970457079,0.094017094,0.183673469,-0.017964072,0.033195021,0.130592105,0.023255814,0.5,637,-0.134615385,-0.076827254,-0.111111111,-1.142857143,1.5,-1.142857143,-0.001768347,-0.023391813,-0.147783251,-1,1.25,-1.141865921,0,0
0,2016,5.779,1.38,0.08,0.27,3.19,0.01,40.48,0.35,0.15,0.2,0.44,5.106434,0.23,0.23,0.41,2.12,11.12,0.11,0.31,0.36,3.7,10993260,0,0,0,0,1,0,0,0,1,4.516,1.87,0.08,0.27,2.64,0.16,46.07,0.35,0.26,0.12,0.48,5.143054,0.24,-7.43,0.71,-28.01,11.01,0.27,0.38,0.68,2.68,-313066967,0,0,1,4.479,1.08,0.08,0.27,2.7,-0.9,44.48,0.35,0.3,0.15,0.49,5.023827,0.23,0.46,0.78,1877788700,10.99,-7.34,0.37,0.77,3220378500,18777887,0,0,0.279672276,-0.262032086,0.208333333,-0.9375,-0.666666667,-0.121337096,0,-0.423076923,0.666666667,-0.083333333,-0.007120283,-0.041666667,-1.030955585,-0.422535211,-1.075687255,0.009990917,-0.592592593,-0.184210526,-0.470588235,0.380597015,-1.035114724,0,1
0,2016,1.799,0.96,0.03,0.22,2.13,0.65,47.59,0.38,-0.01,6.47,0.63,14.414174,0.21,-0.02,0.12,-0.03,12.44,0.5,0.47,0.02,0.24,-2870367,0,0,0,0,0,0,1,0,0,7.592,1.13,0.03,0.22,3.24,0.67,57.86,0.36,0.04,7.18,0.64,13.865248,0.3,-1.51,0.21,-3.15,12.43,0.48,0.31,0.07,0.44,-262422648,0,0,0,5.816,1.05,0.03,0.22,5.87,0.16,37.41,0.35,0.06,100.29,0.65,15.352812,0.23,0.08,0.1,0.45,13.33,0.18,0.17,0.08,0.54,34463833,0,0,-0.763040042,-0.150442478,-0.342592593,-0.029850746,0.097826087,-0.177497408,0.055555556,-1.25,-0.098885794,-0.015625,0.03959006,-0.3,-0.986754967,-0.428571429,-0.99047619,0.000804505,0.041666667,0.516129032,-0.714285714,-0.454545455,-0.989062045,0,0
0,2013,1.516,1.11,0.03,0.4,2.52,-1.57,69.54,0.52,-0.16,1.6,0.65,4.582481,0.15,-0.27,0.07,-0.1,11.25,2.58,0.4,-0.17,0.03,-14177673,0,1,0,0,1,0,1,0,0,1.538,1.12,0.03,0.4,3.44,-1.72,80.61,0.51,-0.15,0.09,0.68,4.696079,0.17,-0.23,0.07,-0.1,11.27,2.29,0.29,-0.13,0.03,-12392941,0,1,0,1.476,1.16,0.03,0.4,2.9,-1.86,73.88,0.47,-0.17,-0.28,0.58,4.817038,0.14,-0.24,-0.13,-0.11,11.25,2.08,0.35,-0.17,-0.06,-12702691,0,1,-0.014304291,-0.008928571,-0.26744186,-0.087209302,-0.079096045,-0.137327875,0.019607843,0.066666667,16.77777778,-0.044117647,-0.024189968,-0.117647059,0.173913043,0,0,-0.001774623,0.126637555,0.379310345,0.307692308,0,0.144011982,0,0
0,2014,5.86,1.22,0.05,0.28,1.67,0.01,48.03,0.33,0.13,0.43,0.27,3.598662,0.1,-0.02,0.33,-0.16,11.53,0.15,0.6,0.18,2.21,-1728815,0,0,0,0,0,0,0,0,0,6.641,1.16,0.05,0.28,1.7,0.01,45.21,0.33,0.1,0.02,0.26,3.431846,0.09,0.1,0.24,0.76,11.54,0.13,0.59,0.15,1.86,7060236,0,0,0,5.832,1.23,0.05,0.28,1.42,0.01,43.31,0.33,0.12,0.15,0.35,4.192748,0.07,-0.53,0.32,-3.15,11.46,0.17,0.7,-0.53,1.89,-34942158,0,1,-0.117602771,0.051724138,-0.017647059,0,0.133333333,0.062375581,0,0.3,20.5,0.038461538,0.048608242,0.111111111,-1.2,0.375,-1.210526316,-0.000866551,0.153846154,0.016949153,0.2,0.188172043,-1.244866461,0,0
0,2015,5.833,1.2,0.11,0.21,0.54,0.32,59.38,0.41,0.14,0.01,0.63,13.442192,-0.15,0.15,0.21,0.46,13.11,0.32,1.86,0.15,0.65,50378875,1,0,0,0,0,0,0,1,0,6.596,1.16,0.11,0.21,0.32,0.32,54.31,0.43,0.11,0.09,0.57,11.950127,-0.3,0.11,0.17,0.25,13.06,0.44,3.12,0.11,0.37,35873384,1,0,1,7.551,1.12,0.11,0.21,0.26,0.32,60.76,0.53,0.07,0.09,0.58,11.024131,-0.4,0.07,0.13,0.14,13.04,0.54,3.84,0.07,0.24,23536184,1,0,-0.115676167,0.034482759,0.6875,0,-0.405063291,0.093352974,-0.046511628,0.272727273,-0.888888889,0.105263158,0.124857669,-0.5,0.363636364,0.235294118,0.84,0.003828484,-0.272727273,-0.403846154,0.363636364,0.756756757,0.404352458,0,0
0,2020,4.513,1.29,0.02,0.4,2.77,1.38,52.98,0.32,0.12,201.92,0.78,11.628103,0.34,-0.03,0.11,-0.04,13.18,0.66,0.36,0.08,0.17,-10470000,0,0,0,0,0,0,0,1,0,4.488,1.35,0.02,0.4,4.11,1.04,53.27,0.3,0.15,131.49,0.84,12.890018,0.35,0.08,0.17,0.14,13.02,0.57,0.24,0.11,0.3,25064000,0,0,1,4.526,1.26,0.02,0.4,3.39,1.33,54.02,0.34,0.11,134.75,0.78,12.313821,0.31,0.03,0.12,0.04,12.96,0.63,0.3,0.08,0.19,7585000,0,0,0.00557041,-0.044444444,-0.326034063,0.326923077,0.492307692,-0.005443965,0.066666667,-0.2,0.535630086,-0.071428571,-0.097898622,-0.028571429,-1.375,-0.352941176,-1.285714286,0.012288786,0.157894737,0.5,-0.272727273,-0.433333333,-1.41773061,0,0
0,2013,1.51,0.91,0.16,0.21,1.32,0.07,49.87,0.56,-0.05,4.23,0.38,14.126732,0.06,0.04,0.02,0.16,12.48,0.26,0.76,0.04,0.08,7374951,1,0,0,0,0,0,0,0,0,3.305,0.94,0.16,0.21,2.03,0.81,68.06,0.53,-0.03,37.16,0.37,13.711687,0.16,0.04,0.02,0.08,12.88,0.53,0.49,0.04,0.05,11722443,1,0,0,3.562,0.87,0.16,0.21,2.29,0.93,70.18,0.55,-0.07,48.47,0.34,12.89713,0.18,0,0.01,0,12.84,0.56,0.44,0,0.01,-86457,1,1,-0.54311649,-0.031914894,-0.349753695,-0.913580247,-0.690265487,-0.267264179,0.056603774,0.666666667,-0.886167922,0.027027027,0.030269434,-0.625,0,0,1,-0.031055901,-0.509433962,0.551020408,0,0.6,-0.37086911,0,0
0,2014,3.613,1.33,0.15,0.24,0.39,-0.64,88.07,0.59,-0.21,7.44,0.22,2.508071,-0.76,-0.1,-0.19,-0.06,11.26,1.68,2.55,-0.11,-0.11,-5653237,0,1,0,0,0,0,0,0,0,3.33,1.26,0.15,0.24,0.37,-0.74,63.19,0.64,-0.15,22.98,0.25,3.061671,-0.74,-0.08,-0.06,-0.05,11.17,1.63,2.74,-0.08,-0.04,-3964165,0,1,0,0.199,1.52,0.15,0.24,0.29,-0.85,55.39,0.77,-0.3,-4.8,0.2,2.515784,-0.79,-0.56,-0.27,-0.33,10.92,1.71,3.47,-0.32,-0.16,-21476016,0,1,0.084984985,0.055555556,0.054054054,-0.135135135,-0.042635659,0.393733186,-0.078125,0.4,-0.676240209,-0.12,-0.180816293,0.027027027,0.25,2.166666667,0.2,0.008057296,0.030674847,-0.069343066,0.375,1.75,0.426085191,0,0
0,2012,6.785,1.01,0.04,0.32,2.79,0.32,43.86,0.32,0.01,1.29,0.46,5.035281,0.43,0.05,0.01,0.12,12.32,0.42,0.36,0.04,0.02,7724742,0,0,0,0,0,0,0,0,1,4.741,1.04,0.04,0.32,4.26,0.35,47.85,0.38,0.03,1.14,0.42,5.271661,0.43,0.07,0.07,0.2,12.13,0.36,0.23,0.07,0.19,9392047,0,0,1,4.265,0.95,0.04,0.32,1.48,0.4,41.1,0.36,-0.03,0.85,0.36,4.834943,0.23,0.02,0,0.02,12.55,0.63,0.68,0.01,-0.01,3025599,0,0,0.431132672,-0.028846154,-0.345070423,-0.085714286,0.303571429,-0.08338558,-0.157894737,-0.666666667,0.131578947,0.095238095,-0.044839757,0,-0.285714286,-0.857142857,-0.4,0.015663644,0.166666667,0.565217391,-0.428571429,-0.894736842,-0.177523068,0,0
0,2015,6.612,1.07,0,0.33,1.52,0.33,59.1,0.42,0.15,2.21,0.46,8.394968,0.02,0.03,0.08,0.09,13.78,0.29,0.66,0.02,0.26,17218878,0,0,0,0,0,0,0,0,0,6.591,1.07,0,0.33,1.66,0.31,58.23,0.43,0.16,16.51,0.48,8.653701,0.03,0.05,0.07,0.2,13.72,0.27,0.6,0.05,0.28,34353525,0,0,0,6.652,1.06,0,0.33,1.5,0.29,59.02,0.44,0.14,11.64,0.47,8.283363,0.03,0.11,0.07,0.42,13.64,0.26,0.67,0.11,0.28,64098225,0,0,0.003186163,0,-0.084337349,0.064516129,0.081081081,0.014940752,-0.023255814,-0.0625,-0.866141732,-0.041666667,-0.029898537,-0.333333333,-0.4,0.142857143,-0.55,0.004373178,0.074074074,0.1,-0.6,-0.071428571,-0.498774056,0,0
0,2014,3.249,2.47,0.16,0.23,2.23,-8.84,46.74,0.31,-0.03,1.3,0.6,5.66018,0.45,-0.81,-0.2,-0.75,10.86,1.08,0.45,-0.1,-0.18,-29274477,0,1,0,0,1,0,1,0,0,4.456,2.28,0.16,0.23,2.05,4.35,46.79,0.3,0.2,1.64,0.62,6.250688,0.09,0.01,0.29,0.01,12.31,0.83,0.49,0.02,0.35,1657200,0,0,0,2.283,0.77,0.16,0.23,2.39,4.86,43.69,0.34,-0.04,0.38,0.61,6.140475,0.09,-0.03,0.05,-0.04,12.31,0.84,0.42,-0.03,0.06,-5243043,0,1,-0.270870736,0.083333333,0.087804878,-3.032183908,-3.745901639,-0.001068604,0.033333333,-1.15,-0.207317073,-0.032258065,-0.094470881,4,-82,-1.689655172,-76,-0.117790414,0.301204819,-0.081632653,-6,-1.514285714,-18.66502353,0,0
0,2015,4.49,0.91,0.03,0.28,-1.81,0.03,-15.23,0.51,-0.04,-0.48,0.4,3.372041,-0.09,-0.28,0.07,-4.61,10.3,0.06,-0.55,0.34,1.09,-5864503,1,0,0,1,0,0,1,0,0,0.078,0.65,0.03,0.28,2.9,0.02,85.79,0.62,-0.3,0.72,0.44,3.284159,0.16,-0.02,-0.22,-0.21,10.61,0.11,0.34,-0.21,-2.06,-638668,0,1,0,6.621,1.08,0.03,0.28,2.15,0.03,69.85,0.45,0.06,-0.82,0.48,3.349151,0.14,0.01,0.16,0.05,10.68,0.15,0.47,0.17,1.04,215067,0,0,56.56410256,0.4,-1.624137931,0.5,-0.416666667,-1.177526518,-0.177419355,-0.866666667,-1.666666667,-0.090909091,0.026759362,-1.5625,13,-1.318181818,20.95238095,-0.029217719,-0.454545455,-2.617647059,-2.619047619,-1.529126214,8.182396801,0,0
0,2020,2.228,0.95,0.04,0.35,1.43,0.81,17.27,0.31,-0.03,73.84,0.53,12.919631,0.06,0.02,0.03,0.04,13.16,0.53,0.7,0.03,0.07,7935974,0,0,0,0,0,0,0,0,0,1.423,0.92,0.04,0.35,2.16,0.64,26.05,0.37,-0.04,16.84,0.53,12.261368,0.06,0.01,0.02,0.02,12.9,0.42,0.46,0,0.06,2806784,0,0,0,3.889,0.98,0.04,0.35,1.67,0.65,36.01,0.42,-0.01,18.41,0.55,12.103551,0.03,0.06,0.05,0.15,12.89,0.43,0.6,0.04,0.12,17768953,0,0,0.565706254,0.032608696,-0.337962963,0.265625,0.569444444,-0.337044146,-0.162162162,-0.25,3.3847981,0,0.053685935,0,1,0.5,1,0.020155039,0.261904762,0.52173913,3,0.166666667,1.827425979,0,0
0,2017,7.575,1.16,0.11,0.31,1.5,0,54.88,0.28,0.09,0.02,0.67,9.828476,0.09,0.14,0.19,0.79,12.25,0.18,0.67,0.14,1.05,20507328,0,0,0,0,1,0,0,0,0,5.841,1.18,0.11,0.31,0.87,0,52.34,0.28,0.09,-0.11,0.73,8.820524,-0.04,0.13,0.19,0.44,12.21,0.29,1.14,0.14,0.63,18168235,0,0,0,6.672,1.13,0.11,0.31,0.7,0.07,44.25,0.24,0.05,-0.8,0.73,8.834974,-0.1,0.1,0.15,0.25,12.14,0.38,1.43,0.1,0.4,12659161,0,0,0.296866975,-0.016949153,0.724137931,0,-0.476190476,0.04852885,0,0,-1.181818182,-0.082191781,0.114273483,-3.25,0.076923077,0,0.795454545,0.003276003,-0.379310345,-0.412280702,0,0.666666667,0.128746298,0,0
0,2021,0.178,3.18,0.4,0.08,1.87,-4.14,227.3,0.87,-0.84,60.55,0.64,9.976432,0.27,0.11,-0.48,0.09,13.33,1.22,0.53,0.08,-0.39,46237878,0,0,1,0,0,0,1,0,0,5.586,0.84,0.4,0.08,1.5,-2.84,156.69,0.44,0.05,25.91,0.56,9.300337,0.19,0.13,0.06,0.1,13.31,1.34,0.67,0.1,0.05,54209787,0,0,0,0.144,2.03,0.4,0.08,1.3,-2.08,268.88,0.83,-0.99,43.96,0.59,10.306243,0.13,0.2,-0.52,0.13,13.21,1.51,0.77,0.15,-0.35,76690889,0,0,-0.968134622,2.785714286,0.246666667,0.457746479,0.38790932,0.450635012,0.977272727,-17.8,1.336935546,0.142857143,0.072695753,0.421052632,-0.153846154,-9,-0.1,0.00150263,-0.089552239,-0.208955224,-0.2,-8.8,-0.147056638,0,0
0,2021,4.453,1.15,0.07,0.08,1.81,0.02,42.81,0.33,0.24,-0.48,0.69,5.047302,0.03,0.14,0.19,2.62,11.22,0.05,0.55,0.14,3.57,7185199,0,0,0,0,1,0,0,0,0,4.459,1.14,0.07,0.08,1.28,0.04,41.11,0.35,0.22,-10.03,0.53,4.542082,0.01,0.16,0.18,2.05,11.09,0.08,0.78,0.12,2.24,7295465,0,0,0,4.464,1.19,0.07,0.08,2.71,0.31,53.61,0.35,0.25,-1.03,0.55,4.586052,0.05,0.14,0.17,0.53,11.11,0.26,0.37,0.14,0.67,6440682,0,0,-0.001345593,0.00877193,0.4140625,-0.5,-0.333333333,0.041352469,-0.057142857,0.090909091,-0.952143569,0.301886792,0.111230929,2,-0.125,0.055555556,0.27804878,0.011722272,-0.375,-0.294871795,0.166666667,0.59375,-0.015114321,0,0
0,2012,0.176,0.76,0.04,0.28,4.05,1.83,44.67,0.56,-0.09,129.66,0.84,33.805199,0.34,-0.02,-0.02,-0.03,14.59,0.69,0.25,0.04,-0.04,-35712211,0,0,0,0,0,0,0,1,0,0.039,0.82,0.04,0.28,4.05,1.53,48.51,0.54,-0.08,135.78,0.82,33.192512,0.35,0.03,-0.01,0.05,14.55,0.65,0.25,0.03,-0.01,47940046,0,0,1,1.455,0.81,0.04,0.28,3.15,1.57,49.71,0.47,-0.08,117.85,0.87,34.142445,0.29,0.09,-0.01,0.13,14.49,0.66,0.32,0.03,-0.02,117000271,0,0,3.512820513,-0.073170732,0,0.196078431,0.172043011,-0.079158936,0.037037037,0.125,-0.045072912,0.024390244,0.018458591,-0.028571429,-1.666666667,1,-1.6,0.002749141,0.061538462,0,0.333333333,3,-1.744934851,0,0
0,2019,1.328,0.99,0.03,0.27,1.28,0.24,40.94,0.41,-0.01,35.16,0.68,26.905782,0.05,0.09,0.02,0.27,15.44,0.34,0.78,0.09,0.07,327580661,0,0,0,0,0,0,0,0,1,0.44,0.98,0.03,0.27,0.98,0.22,42.19,0.43,-0.03,27.44,0.63,25.965132,0,-0.04,0.01,-0.13,15.3,0.34,1.02,0,0.03,-134557870,0,1,1,5.614,1.01,0.03,0.27,1.19,0.25,28.7,0.39,0.01,63.56,0.59,25.305582,0.03,0.06,0.02,0.18,15.33,0.32,0.84,0.07,0.06,184637169,0,0,2.018181818,0.010204082,0.306122449,0.090909091,-0.037735849,-0.029627874,-0.046511628,-0.666666667,0.281341108,0.079365079,0.03622743,5,-3.25,1,-3.076923077,0.009150327,0,-0.235294118,9,1.333333333,-3.434496481,0,0
0,2021,2.899,1.22,0.03,0.25,0.7,-2.1,40.57,0.43,-0.14,15.25,0.29,1.372715,-0.09,-0.04,-0.09,-0.02,10.73,1.65,1.43,0.01,-0.06,-1217449,1,0,0,0,0,0,0,1,0,1.478,1.48,0.03,0.25,0.81,-2.35,29.05,0.48,-0.26,9.67,0.39,1.704493,-0.04,-0.23,-0.22,-0.14,10.75,1.6,1.24,-0.15,-0.14,-7411250,1,1,1,2.303,1.99,0.03,0.25,1.58,-3.65,37.47,0.44,-0.23,9.31,0.46,2.66327,0.08,-0.22,-0.26,-0.17,10.87,1.33,0.63,-0.16,-0.19,-8058910,0,1,0.961434371,-0.175675676,-0.135802469,-0.106382979,-0.04494382,0.396557659,-0.104166667,-0.461538462,0.577042399,-0.256410256,-0.194649083,1.25,-0.826086957,-0.590909091,-0.857142857,-0.001860465,0.03125,0.153225806,-1.066666667,-0.571428571,-0.8357296,0,0
0,2019,1.466,0.83,0.07,0.28,9.39,0.09,139.44,0.7,-0.36,207.64,0.17,1.237607,0.44,0.1,-0.13,0.79,11.48,0.13,0.11,0.1,-0.98,7035449,0,0,1,0,0,0,1,0,0,1.502,0.83,0.07,0.28,11.64,0.1,152.61,0.67,-0.32,177.27,0.18,1.411801,0.44,0.04,-0.12,0.3,11.34,0.13,0.09,0.04,-0.95,2299341,0,0,0,2.31,0.86,0.07,0.28,16.29,0.1,153.92,0.62,-0.24,234.15,0.22,1.253135,0.58,0.04,-0.1,0.33,11.29,0.12,0.06,0.04,-0.82,2200242,0,0,-0.023968043,0,-0.193298969,-0.1,0,-0.086298408,0.044776119,0.125,0.171320584,-0.055555556,-0.123384245,0,1.5,0.083333333,1.633333333,0.012345679,0,0.222222222,1.5,0.031578947,2.059767559,0,0
0,2013,2.879,0.87,0.08,0.24,-0.81,0.09,47.72,0.55,-0.09,1.94,0.74,25.00359,0.66,0.1,-0.15,5526161300,13.58,-0.25,-1.24,0.1,-8071422000,55261613,0,0,0,0,0,0,0,1,0,2.906,0.88,0.08,0.24,-0.63,0.19,45.24,0.53,-0.08,0.31,0.7,24.311228,0.72,0.08,-0.14,4089129000,13.52,-0.22,-1.6,0.08,-7165679000,40891290,0,0,1,3.628,0.9,0.08,0.24,-0.67,0.18,45.53,0.52,-0.06,3.23,0.72,24.826092,0.74,0.07,-0.11,3337312200,13.45,-0.22,-1.49,0.07,-5251815400,33373122,0,0,-0.009291122,-0.011363636,0.285714286,-0.526315789,0.111111111,0.054818744,0.037735849,0.125,5.258064516,0.057142857,0.028479104,-0.083333333,0.25,0.071428571,0.35142748,0.00443787,0.136363636,-0.225,0.25,0.126400164,0.35142748,1,1
0,2009,1.782,0.99,0.39,0.36,4.34,0.3,68.01,0.43,-0.01,82.7,0.51,1.957805,0.29,-0.02,0.03,-0.07,11.52,0.3,0.23,0.02,0.09,-1465898,0,0,0,0,0,0,0,0,0,3.668,1,0.39,0.36,4.51,0.28,73.3,0.44,0,78.58,0.5,1.915011,0.27,0.03,0.03,0.11,11.52,0.28,0.22,0.04,0.12,2191536,0,0,0,3.907,0.98,0.39,0.36,4.03,0.23,65.5,0.44,-0.02,64.61,0.54,2.011965,0.24,0,0.02,0,11.44,0.25,0.25,0.03,0.09,0,0,0,-0.514176663,-0.01,-0.037694013,0.071428571,0.105263158,-0.072169168,-0.022727273,-1,0.052430644,0.02,0.022346608,0.074074074,-1.666666667,0,-1.636363636,0,0.071428571,0.045454545,-0.5,-0.25,-1.668890678,0,0
0,2021,4.936,1.01,0.02,0.36,9.31,0.02,44.43,0.3,0.03,11.86,0.51,7.676832,0.7,0.07,0.02,0.65,13.23,0.1,0.11,0.06,0.19,25811805,0,0,0,0,0,0,0,1,0,6.617,1.03,0.02,0.36,6.51,0.01,37.45,0.27,0.06,572.33,0.43,5.540501,0.67,0.11,0.02,0.83,13.19,0.13,0.15,0.05,0.18,40283877,0,0,1,5.864,1.05,0.02,0.36,17.51,0.04,39.98,0.26,0.08,420.53,0.47,5.522353,0.69,0.06,0.04,0.73,13,0.08,0.06,0.06,0.54,18225677,0,0,-0.254042618,-0.019417476,0.430107527,1,-0.266666667,0.186381842,0.111111111,-0.5,-0.979277689,0.186046512,0.385584444,0.044776119,-0.363636364,0,-0.21686747,0.0030326,-0.230769231,-0.266666667,0.2,0.055555556,-0.359252214,0,0
0,2010,0.14,0.56,0.08,0.19,2.32,0.76,53.2,0.47,-0.2,99.12,0.7,24.549241,0.29,0.01,-0.15,0.01,13.32,0.56,0.43,0.05,-0.26,2391000,0,0,0,0,0,0,1,0,0,0.108,0.4,0.08,0.19,2.44,0.71,60.56,0.5,-0.29,71.16,0.65,23.67149,0.29,0.02,-0.23,0.03,13.25,0.53,0.41,0.03,-0.42,7085000,0,0,0,0.063,0.01,0.08,0.19,1.9,0.75,65.37,0.55,-0.5,60.02,0.71,25.940579,0.2,-0.01,-0.38,-0.02,13.26,0.56,0.53,-0.02,-0.69,-3643000,0,1,0.296296296,0.4,-0.049180328,0.070422535,0.105263158,-0.121532365,-0.06,-0.310344828,0.392917369,0.076923077,0.037080513,0,-0.5,-0.347826087,-0.666666667,0.005283019,0.056603774,0.048780488,0.666666667,-0.380952381,-0.662526464,0,0
0,2017,1.493,2.18,0.15,0.12,1.43,-4.77,37.19,0.42,-0.25,45.53,0.64,14.821502,0.18,0,-0.16,0,13.72,1.15,0.7,0,-0.14,357963,0,0,1,0,0,0,1,0,0,2.29,1.87,0.15,0.12,1.15,-3.98,37.8,0.42,-0.2,71.34,0.63,14.690239,0.08,0.06,-0.11,0.05,13.66,1.16,0.87,0.07,-0.1,36145204,0,0,0,7.921,0.93,0.15,0.12,0.98,-2.73,40.87,0.42,0.02,49.76,0.65,14.463113,-0.01,-0.28,0.05,-0.22,13.39,1.29,1.02,0.13,0.04,-127060938,0,0,-0.348034934,0.165775401,0.243478261,0.198492462,0.051388889,-0.016137566,0,0.25,-0.361788618,0.015873016,0.008935389,1.25,-1,0.454545455,-1,0.004392387,-0.00862069,-0.195402299,-1,0.4,-0.990096528,0,0
0,2015,4.078,0.85,0.06,0.43,2.28,0.97,41.44,0.45,-0.06,28.76,0.46,8.484604,0.21,0.09,0.04,0.16,12.93,0.58,0.44,0.02,0.07,26122984,0,0,0,0,0,0,0,0,0,2.296,0.56,0.06,0.43,1.07,1.45,44.02,0.52,-0.18,20.63,0.47,8.152507,0.01,-0.39,-0.05,-0.58,12.94,0.67,0.94,-0.42,-0.07,-113831637,0,1,0,0.172,0.78,0.06,0.43,2.61,0.66,64.7,0.51,-0.18,7.46,0.51,6.383581,0.17,-0.05,-0.06,-0.11,13.23,0.46,0.38,-0.05,-0.12,-19698342,0,1,0.776132404,0.517857143,1.130841121,-0.331034483,-0.339805825,-0.058609723,-0.134615385,-0.666666667,0.394086282,-0.021276596,0.040735568,20,-1.230769231,-1.8,-1.275862069,-0.000772798,-0.134328358,-0.531914894,-1.047619048,-2,-1.229487906,0,0
0,2016,3.601,0.95,0.05,0.39,1.66,0.02,63.32,0.35,-0.03,12.64,0.44,10.231394,0.14,-0.1,0.11,-0.44,12.7,0.23,0.6,0,0.49,-23021012,0,1,0,0,0,1,0,0,0,3.845,0.96,0.05,0.39,2.38,0.01,59.06,0.32,-0.03,8.83,0.46,10.812036,0.25,-0.03,0.06,-0.17,12.77,0.19,0.42,0.02,0.31,-7711093,0,0,0,3.257,0.94,0.05,0.39,2.31,-0.05,58.67,0.3,-0.04,14.42,0.46,11.690704,0.23,-0.02,0.02,-0.12,12.73,0.12,0.43,0.01,0.12,-3626070,0,0,-0.063459038,-0.010416667,-0.302521008,1,0.304347826,0.072130037,0.09375,0,0.431483579,-0.043478261,-0.053703299,-0.44,2.333333333,0.833333333,1.588235294,-0.005481597,0.210526316,0.428571429,-1,0.580645161,1.985440845,0,0
0,2011,4.673,1.3,0.21,0.22,4.18,7.4,69.65,0.4,0.07,1.05,0.3,1.466809,0.16,0.03,0.11,0.03,11.37,0.89,0.24,0.05,0.12,1678541,0,0,0,0,0,0,0,1,0,7.129,1.74,0.21,0.22,0.77,9.89,54.66,0.28,0.11,2.2,0.45,1.859273,-0.03,0.06,0.11,0.07,11.43,0.92,1.31,0.06,0.12,4099903,1,0,1,7.553,3.29,0.21,0.22,0.36,49.01,43.64,0.28,0.07,3.18,0.47,2.085183,-0.13,0.04,0.12,0.04,11.46,0.98,2.79,0.04,0.12,2833617,1,0,-0.344508346,-0.252873563,4.428571429,-0.251769464,-0.312609457,0.274240761,0.428571429,-0.363636364,-0.522727273,-0.333333333,-0.211084655,-6.333333333,-0.5,0,-0.571428571,-0.005249344,-0.032608696,-0.816793893,-0.166666667,0,-0.59059007,0,0
0,2014,7.532,1.09,0.05,0.27,1.62,0.71,35.06,0.45,0.06,27.19,0.45,10.584573,0.07,0.06,0.11,0.11,12.92,0.48,0.62,0.06,0.22,15679291,0,0,0,0,0,0,0,0,0,7.818,1.08,0.05,0.27,1.81,0.8,36.79,0.45,0.05,14.55,0.48,10.419946,0.08,0.06,0.1,0.12,12.84,0.5,0.55,0.06,0.2,15402846,0,0,0,4.946,1.04,0.05,0.27,1.8,0.57,35.87,0.47,0.02,24.68,0.48,10.365589,0.1,0.06,0.09,0.13,12.61,0.44,0.56,0.06,0.21,11558096,0,0,-0.036582246,0.009259259,-0.104972376,-0.1125,-0.069306931,-0.047023648,0,0.2,0.868728522,-0.0625,0.015799218,-0.125,0,0.1,-0.083333333,0.00623053,-0.04,0.127272727,0,0.1,0.017947657,0,0
0,2016,4.531,1.16,0.04,0.39,-1,0.02,34.83,0.39,0.07,0.34,0.51,4.237477,0.58,0.19,0.29,428738900,10.37,-0.27,-1,0.42,654635700,4287389,0,0,0,0,0,0,1,0,0,4.514,1.24,0.04,0.39,13.44,-0.02,43.32,0.39,0.1,1.39,0.46,3.089616,0.33,0.17,0.32,49.25,10.45,0,0.07,0.43,89.57,4197893,0,0,0,4.709,1,0.04,0.39,3.03,0.03,55.87,0.47,0,0.54,0.51,3.736979,0.22,-0.03,0.07,-0.22,10.4,0.14,0.33,0.31,0.49,-696452,0,0,0.003766061,-0.064516129,-1.074404762,-2,-21,-0.19598338,0,-0.3,-0.755395683,0.108695652,0.371522222,0.757575758,0.117647059,-0.09375,8705357.376,-0.007655502,-27,-15.28571429,-0.023255814,7308648.101,0.021319267,0,0
0,2009,0.278,-3.87,0.42,0.22,0.9,0.32,120.85,0.42,-0.47,-117.94,0.46,3.961886,1.94,-31.36,-99.21,-400762200,5.21,-20.27,1.11,-12.33,-1267743100,-4007622,0,1,0,0,1,0,0,0,0,3.341,-1.84,0.42,0.22,0.15,0.32,128.51,0.42,-0.7,-92.97,0.48,3.992088,2.19,0.05,-9.87,10117900,7.9,-2.59,6.56,-2.19,-1850639900,101179,0,1,0,1.857,0.36,0.42,0.22,-0.49,0.32,76.29,0.42,-0.11,-71.6,0.5,4.299129,0.92,0,-0.89,0,8.68,-0.62,-2.03,-0.99,-365091700,0,0,1,-0.91679138,1.10326087,5,0,0.319444444,-0.059606256,0,-0.328571429,0.268581263,-0.041666667,-0.007565464,-0.114155251,-628.2,9.051671733,-40.60922721,-0.340506329,6.826254826,-0.830792683,4.630136986,-0.314970406,-40.60922721,1,1
0,2008,3.196,0.99,0.1,0.29,2.85,0.83,41.74,0.39,-0.01,57.13,0.57,4.591233,0.25,-0.06,0.03,-0.11,11.75,0.53,0.35,-0.05,0.06,-5036483,0,1,0,0,0,1,0,0,0,0.995,0.97,0.1,0.29,2.92,0.76,41.46,0.38,-0.02,68.09,0.58,4.413398,0.22,0.02,0.03,0.03,11.81,0.5,0.34,0.01,0.06,1528612,0,0,0,4.069,0.94,0.1,0.29,2.36,0.81,42.63,0.39,-0.04,47.41,0.63,4.758398,0.17,0,0.02,0,11.81,0.52,0.42,0.02,0.04,0,0,0,2.212060302,0.020618557,-0.023972603,0.092105263,0.121212121,0.006753497,0.026315789,-0.5,-0.160963431,-0.017241379,0.040294349,0.136363636,-4,0,-4.666666667,-0.00508044,0.06,0.029411765,-6,0,-4.29480797,0,0
0,2015,1.534,0.46,0.05,0.78,1.65,0.71,44.21,0.42,-0.06,44.28,0.34,0.568143,0.31,-0.13,-0.08,-0.19,8.18,0.7,0.61,-0.11,-0.12,-332666,0,1,0,1,1,0,0,0,0,1.53,0.64,0.05,0.78,1.76,0.49,41.16,0.42,-0.06,55.69,0.37,0.560814,0.33,0.15,-0.06,0.24,8.32,0.62,0.57,0.17,-0.09,426161,0,0,0,0.092,-1.14,0.05,0.78,1.27,0.81,50.04,0.42,-0.21,10.36,0.42,0.603778,0.14,0.02,-0.49,0.03,8.14,0.72,0.79,0.02,-0.68,49881,0,0,0.002614379,-0.28125,-0.0625,0.448979592,0.419753086,0.074101069,0,0,-0.20488418,-0.081081081,0.013068504,-0.060606061,-1.866666667,0.333333333,-1.791666667,-0.016826923,0.129032258,0.070175439,-1.647058824,0.333333333,-1.780611084,0,0
0,2018,4.504,1.1,0.02,0.25,6.09,0.35,1.22,0.42,0.08,301.28,0.65,8.307283,0.54,0.04,0.11,0.12,12.6,0.34,0.16,0.06,0.34,8234689,0,0,0,0,0,0,0,1,0,4.488,1.11,0.02,0.25,6.57,0.38,7.02,0.42,0.09,291.96,0.66,8.563442,0.54,0.03,0.13,0.09,12.55,0.35,0.15,0.12,0.36,5864246,0,0,1,4.493,1.13,0.02,0.25,6.84,0.43,6.98,0.37,0.09,259.16,0.88,8.968076,0.56,0.04,0.13,0.1,12.53,0.37,0.15,0.1,0.36,7309009,0,0,0.003565062,-0.009009009,-0.073059361,-0.078947368,-0.037735849,-0.826210826,0,-0.111111111,0.031922181,-0.015151515,-0.029913089,0,0.333333333,-0.153846154,0.333333333,0.003984064,-0.028571429,0.066666667,-0.5,-0.055555556,0.404219571,0,0
0,2014,8.526,1.4,0.01,0.06,1.17,0.32,71.3,0.31,0.08,0.95,0.09,0.537671,0.09,-0.25,0.36,-0.46,9.78,0.53,0.85,0.22,0.67,-3052047,0,0,0,0,1,0,0,0,0,6.629,1.72,0.01,0.06,2.72,0.32,53.62,0.21,0.23,2.58,0.1,0.59273,0.36,0.08,0.65,0.41,9.68,0.21,0.37,0.62,3.15,933574,0,0,0,7.166,1.54,0.01,0.06,2.09,0.32,54.87,0.22,0.17,10.22,0.13,0.662703,0.27,0.38,0.51,1.54,9.61,0.24,0.48,0.49,2.1,3916370,0,0,0.286166843,-0.186046512,-0.569852941,0,3.384615385,0.329727714,0.476190476,-0.652173913,-0.631782946,-0.1,-0.092890524,-0.75,-4.125,-0.446153846,-2.12195122,0.010330579,1.523809524,1.297297297,-0.64516129,-0.787301587,-4.269207369,0,0
0,2013,0.111,27.84,0.18,0.14,1.13,-123.94,42.17,0.73,-0.1,7.07,0.76,14.386298,0.05,0.25,-0.06,0.24,13.03,1.01,0.89,0.07,-0.06,77577000,0,0,0,0,0,1,0,0,0,1.483,1.28,0.18,0.14,0.98,-3.61,44.96,0.7,-0.05,5.63,0.76,14.993152,-0.01,0.03,0,0.03,13.08,1.24,1.02,0.05,0,11042000,1,0,0,0.154,1.37,0.18,0.14,0.94,-3.17,44.87,0.72,-0.08,2.47,0.84,16.694128,-0.02,-0.08,-0.04,-0.06,13.03,1.28,1.06,0,-0.03,-25880000,1,0,-0.925151719,20.75,0.153061224,33.33240997,36.87164751,-0.06205516,0.042857143,1,0.255772647,0,-0.040475412,-6,7.333333333,-6,7,-0.00382263,-0.185483871,-0.12745098,0.4,-6,6.025629415,0,0
0,2010,0.191,0.83,0.05,0.33,1.42,1.71,37.36,0.34,-0.05,30.88,0.62,12.331621,0.06,0.02,0.05,0.03,12.96,0.69,0.7,0.04,0.08,5229082,0,0,0,0,0,0,0,0,0,0.114,0.68,0.05,0.33,1.2,1.88,39.22,0.34,-0.1,14.22,0.6,12.734519,0.03,-0.38,0.02,-0.54,12.94,0.7,0.83,-0.03,0.02,-110765409,0,1,0,3.63,0.91,0.05,0.33,3.42,0.04,67.48,0.42,-0.08,2.29,0.58,7.1597,0.16,-0.01,-0.01,-0.09,12.67,0.11,0.29,-0.01,-0.12,-2091904,0,1,0.675438596,0.220588235,0.183333333,-0.090425532,-0.064102564,-0.047424783,0,-0.5,1.171589311,0.033333333,-0.031638258,1,-1.052631579,1.5,-1.055555556,0.001545595,-0.014285714,-0.156626506,-2.333333333,3,-1.047208619,0,0
0,2018,7.143,1.09,0.37,0.13,1.84,0.77,44.58,0.35,0.07,94.26,0.29,2.435147,0.11,0.02,0.12,0.03,12.03,0.51,0.54,0.02,0.24,1955628,0,0,1,0,0,0,0,1,0,8.066,1.05,0.37,0.13,1.41,0.79,50.15,0.4,0.05,58.69,0.29,2.375751,0.06,0,0.09,0,12.02,0.52,0.71,0.01,0.18,239264,0,0,1,7.162,1.07,0.37,0.13,1.59,0.8,44,0.39,0.06,38.18,0.28,3.123066,0.06,0.02,0.11,0.04,11.98,0.5,0.63,0.01,0.23,2388193,0,0,-0.114430945,0.038095238,0.304964539,-0.025316456,-0.055045872,-0.1110668,-0.125,0.4,0.606065769,0,0.025000937,0.833333333,2,0.333333333,3,0.000831947,-0.019230769,-0.23943662,1,0.333333333,7.173515447,0,0
0,2013,6.592,1.24,0.21,0.43,5.95,-0.5,46.24,0.31,0.26,-3.05,0.41,4.691621,0.27,-0.04,0.53,-204186500,11.18,-0.91,0.17,0.48,2657432400,-2041865,0,0,0,0,1,0,1,0,0,6.585,1.22,0.21,0.43,4.29,-0.5,59.71,0.32,0.25,-3.22,0.44,4.699499,0.24,1.11,0.48,5762090600,11.22,-0.87,0.23,0.44,2511107800,57620906,0,0,0,5.832,1.5,0.21,0.43,4.2,0.32,56.54,0.35,0.25,-7.93,0.5,4.945684,0.24,0.05,0.54,0.68,11.03,0.08,0.24,0.49,7.16,2193334,0,0,0.001063022,0.016393443,0.386946387,0,0.043478261,-0.225590353,-0.03125,0.04,-0.052795031,-0.068181818,-0.001676349,0.125,-1.036036036,0.104166667,-1.035436184,-0.003565062,0.045977011,-0.260869565,0.090909091,0.058270935,-1.035436184,1,0
0,2009,3.341,0.66,0.21,0.2,1.22,1.41,42.97,0.4,-0.07,47.95,0.52,2.462225,0.07,0.02,-0.03,0.03,10.75,0.73,0.82,0.02,-0.04,748825,0,0,0,0,0,0,0,0,0,1.521,-0.08,0.21,0.2,1.37,1.72,47.98,0.39,-0.19,33.8,0.55,2.563936,0.11,-0.18,-0.2,-0.24,10.74,0.75,0.73,-0.18,-0.27,-5672603,0,1,0,3.262,0.76,0.21,0.2,2.22,1.12,123.64,0.36,-0.07,14.04,0.53,2.447214,0.3,0.16,-0.03,0.25,10.92,0.64,0.45,0.18,-0.04,6261130,0,0,1.196581197,-9.25,-0.109489051,-0.180232558,-0.10472973,-0.104418508,0.025641026,-0.631578947,0.418639053,-0.054545455,-0.039669867,-0.363636364,-1.111111111,-0.85,-1.125,0.000931099,-0.026666667,0.123287671,-1.111111111,-0.851851852,-1.132007299,0,0
0,2017,4.516,1.06,0.01,0.23,2.55,-0.73,55.41,0.33,0.12,0.16,0.52,10.122451,0.2,0.33,0.25,5358010000,12.37,-2.23,0.39,0.21,4028272000,53580100,0,0,0,0,1,0,1,0,0,4.547,1.05,0.01,0.23,2.63,-0.72,48.82,0.33,0.09,0.29,0.49,9.954207,0.18,0.29,0.21,4363679800,12.28,-2.17,0.38,0.16,3073546300,43636798,0,0,0,5.787,1.03,0.01,0.23,2.6,-0.68,48.82,0.34,0.06,0.35,0.39,9.277129,0.17,0.18,0.15,2751211500,12.3,-1.82,0.38,0.13,2300122300,27512115,0,0,-0.006817682,0.00952381,-0.030418251,0.013888889,0,0.134985662,0,0.333333333,-0.448275862,0.06122449,0.016901798,0.111111111,0.137931034,0.19047619,0.227865069,0.00732899,0.02764977,0.026315789,0.3125,0.310626751,0.227865069,1,1
0,2010,4.305,1.34,0.83,0.06,0.39,-1.57,41.01,0.56,-0.05,13.81,0.19,0.161613,-0.5,-0.1,0.02,-0.07,8.21,1.3,2.54,-0.1,0.01,-248097,0,1,0,0,1,0,0,0,0,4.13,1.75,0.83,0.06,0.39,-2.21,43.32,0.56,-0.07,4.51,0.29,0.220892,-0.47,-0.14,-0.05,-0.11,8.26,1.19,2.58,-0.14,-0.04,-363938,0,1,0,5.106,-0.84,0.83,0.06,0.54,-8.34,55.04,0.5,0.05,7.96,0.19,0.153803,-0.3,0.09,0.18,0.09,8.43,1.05,1.84,0.09,0.17,299556,0,0,0.042372881,-0.234285714,0,-0.28959276,-0.299516908,-0.0533241,0,-0.285714286,2.062084257,-0.344827586,-0.268361914,0.063829787,-0.285714286,-1.4,-0.363636364,-0.006053269,0.092436975,-0.015503876,-0.285714286,-1.25,-0.318298721,0,0
0,2021,0.079,0.56,0.13,0.3,0.74,1.3,41.14,0.54,-0.14,25.92,0.66,12.636491,-0.08,0.08,-0.09,0.12,13.01,0.7,1.35,0.05,-0.12,25847881,1,0,0,0,0,0,0,0,0,0.116,0.68,0.13,0.3,0.74,2.15,33.83,0.5,-0.08,60.03,0.63,11.61492,-0.09,0.01,-0.03,0.01,13.07,0.8,1.35,0.05,-0.03,2774170,1,0,0,0.131,0.59,0.13,0.3,1.1,2.15,47.92,0.51,-0.1,15.17,0.65,12.388231,0.02,-0.1,-0.06,-0.13,12.82,0.75,0.91,0.04,-0.07,-24635786,0,0,-0.318965517,-0.176470588,0,-0.395348837,-0.397959184,0.216080402,0.08,0.75,-0.568215892,0.047619048,0.087953339,-0.111111111,7,2,11,-0.004590666,-0.125,0,0,3,8.317338519,0,0
0,2018,1.536,0.96,0.01,0.38,2.98,0.32,87.99,0.61,-0.1,26.04,0.15,0.638697,0.08,-0.05,-0.02,-1.21,11.49,0.04,0.34,-0.05,-0.4,-3355747,0,1,0,1,0,0,0,0,0,6.682,1,0.01,0.38,2.68,0.32,52.55,0.51,0.01,27.62,0.19,0.74001,0.05,0.13,0.01,4.69,11.52,0.03,0.37,0.13,0.5,9429954,0,0,0,6.59,1.02,0.01,0.38,2.56,0.05,53.74,0.5,0.05,39.8,0.18,0.683926,0.06,0.08,0.03,0.95,11.43,0.08,0.39,0.08,0.33,5123297,0,0,-0.770128704,-0.04,0.111940299,0,0.333333333,0.674405328,0.196078431,-11,-0.057204924,-0.210526316,-0.136907609,0.6,-1.384615385,-3,-1.257995736,-0.002604167,0.333333333,-0.081081081,-1.384615385,-1.8,-1.355860379,0,0
0,2020,7.869,1.04,0.14,0.53,3.94,0.34,55.59,0.49,0.05,195.97,0.47,4.81165,0.25,0.06,0.06,0.17,13.39,0.32,0.25,0.05,0.2,25317868,0,0,0,0,0,0,0,1,0,8.299,1.03,0.14,0.53,4.69,0.36,54.79,0.48,0.04,143.71,0.49,4.791422,0.24,0.08,0.06,0.27,13.3,0.31,0.21,0.08,0.21,34636464,0,0,1,6.63,1.05,0.14,0.53,4.34,0.4,58.7,0.48,0.06,108.64,0.5,4.745716,0.21,0.03,0.08,0.1,13.19,0.33,0.23,0.02,0.26,11885548,0,0,-0.051813472,0.009708738,-0.159914712,-0.055555556,0.044444444,0.014601205,0.020833333,0.25,0.363649015,-0.040816327,0.004221711,0.041666667,-0.25,0,-0.37037037,0.006766917,0.032258065,0.19047619,-0.375,-0.047619048,-0.26904005,0,0
0,2012,3.275,0.93,0.1,0.28,0.75,0.44,50.39,0.56,-0.06,2.18,0.45,19.759515,-0.05,-0.05,-0.03,-0.11,13.71,0.43,1.34,-0.04,-0.06,-29685491,1,1,0,0,0,0,0,0,0,4.271,0.96,0.1,0.28,0.88,0.41,52.02,0.54,-0.03,1.1,0.47,19.481168,-0.02,0.08,-0.02,0.21,13.73,0.39,1.14,0.03,-0.06,53477327,1,0,0,4.324,0.96,0.1,0.28,1.14,0.49,47.71,0.44,-0.03,41.07,0.62,19.445112,0.02,-0.02,-0.02,-0.04,13.67,0.44,0.88,-0.01,-0.05,-10341229,0,1,-0.233200656,-0.03125,-0.147727273,0.073170732,0.169230769,-0.031334102,0.037037037,1,0.981818182,-0.042553191,0.014288004,1.5,-1.625,0.5,-1.523809524,-0.001456664,0.102564103,0.175438596,-2.333333333,0,-1.555104241,0,0
0,2013,0.088,12.88,0.21,0.24,1.55,-5.28,85.3,1.39,-1.86,50.18,0.69,11.534554,0.27,0.14,-1.4,0.12,13.14,1.12,0.65,0.04,-1.25,48554383,0,0,1,0,0,1,0,0,0,0.085,6.35,0.21,0.24,1.14,-2.12,72.15,1.33,-1.81,30.23,0.72,11.834438,0.08,-0.08,-1.83,-0.06,12.84,1.35,0.88,-0.08,-1.36,-19798590,0,1,0,0.081,6.61,0.21,0.24,1.13,-2.31,48.71,1.05,-1.34,23.44,0.73,11.904959,0.07,-0.13,-1.71,-0.1,12.7,1.31,0.89,-0.13,-1.31,-28937610,0,1,0.035294118,1.028346457,0.359649123,1.490566038,1.402564103,0.182259182,0.045112782,0.027624309,0.659940457,-0.041666667,-0.025339944,2.375,-2.75,-0.234972678,-3,0.023364486,-0.17037037,-0.261363636,-1.5,-0.080882353,-3.452416207,0,0
0,2019,2.385,0.65,0.09,0.29,1.32,0.02,50.37,0.45,-0.03,33.69,0.55,5.574305,0.22,-0.05,-0.09,-0.07,11.3,0.67,0.76,-0.09,-0.13,-2545786,0,1,0,0,1,0,0,1,0,1.069,0.51,0.09,0.29,1.41,0.02,45.64,0.44,-0.06,37.76,0.53,5.400191,0.25,0.28,-0.15,0.45,11.31,0.63,0.71,0.11,-0.24,16064649,0,0,1,2.367,-6.43,0.09,0.29,0.95,0.08,49.46,0.58,-0.26,26.97,0.51,5.508933,-0.05,-0.45,-0.76,-0.51,11.08,0.89,1.06,-0.45,-0.85,-20547161,0,1,1.231057063,0.274509804,-0.063829787,0,0.203488372,0.10363716,0.022727273,-0.5,-0.107786017,0.037735849,0.032242193,-0.12,-1.178571429,-0.4,-1.155555556,-0.000884173,0.063492063,0.070422535,-1.818181818,-0.458333333,-1.158471312,0,0
0,2020,0.441,0.94,0.01,0.27,0.84,-0.02,40,0.35,-0.04,0.49,0.57,16.089977,-0.05,0.42,0.01,1.55,13.01,0.27,1.19,-0.04,0.04,129859368,1,1,0,0,0,0,1,0,0,3.886,0.77,0.01,0.27,2.2,1.56,39.8,0.34,-0.05,1.16,0.61,17.21326,0.13,0.06,-0.01,0.09,12.89,0.65,0.45,-0.01,-0.02,15780232,0,1,0,3.259,0.66,0.01,0.27,2.02,1.96,40.98,0.36,-0.07,0.21,0.61,15.997416,0.11,0.09,-0.04,0.13,12.86,0.7,0.49,-0.06,-0.05,23440802,0,1,-0.886515697,0.220779221,-0.618181818,-1.012820513,-0.802139037,0.005025126,0.029411765,-0.2,-0.577586207,-0.06557377,-0.065256843,-1.384615385,6,-2,16.22222222,0.009309542,-0.584615385,1.644444444,3,-3,7.229243271,0,0
0,2020,1.131,1.18,0.06,0.3,4.51,1.45,-745.17,0.24,0.12,0,0.13,1.276502,0.35,0.1,0.07,0.15,11.27,0.63,0.22,0.1,0.12,5299127,0,0,0,0,1,0,0,0,0,0.747,1.12,0.06,0.3,3.02,1.99,-337.45,0.26,0.07,0,0.12,1.298579,0.24,0.06,0.04,0.08,11.19,0.71,0.33,0.06,0.06,2992694,0,0,0,5.854,1.09,0.06,0.3,4.5,0.32,42.28,0.27,0.04,0,0.09,1.211259,0.7,0.16,0.08,0.82,9.96,0.2,0.22,0.16,0.41,2409136,0,0,0.514056225,0.053571429,0.493377483,-0.271356784,-0.283333333,1.208238258,-0.076923077,0.714285714,0,0.083333333,-0.017000891,0.458333333,0.666666667,0.75,0.875,0.00714924,-0.112676056,-0.333333333,0.666666667,1,0.770687882,0,0
0,2019,3.302,1.78,0.28,0.46,0.39,0.32,69.72,0.37,-0.06,0.94,0.14,0.83953,-0.69,-0.08,-0.02,-0.07,9.82,1.13,2.57,-0.08,-0.01,-976421,1,1,0,0,1,0,0,0,0,4.047,2.36,0.28,0.46,0.38,0.32,64.67,0.36,-0.05,0.76,0.14,0.81528,-0.66,-0.13,0.03,-0.12,9.77,1.05,2.67,-0.05,0.02,-1547537,1,1,0,2.475,0.76,0.28,0.46,0.39,0.32,51.68,0.36,-0.01,-1.03,0.19,0.965201,-0.57,0.14,0.04,0.15,9.73,0.92,2.6,0.02,0.05,1650044,1,0,-0.184086978,-0.245762712,0.026315789,0,-0.542946382,0.078088758,0.027777778,0.2,0.236842105,0,0.029744382,0.045454545,-0.384615385,-1.666666667,-0.416666667,0.005117707,0.076190476,-0.037453184,0.6,-1.5,-0.369048365,0,0
0,2020,1.45,0.82,0.26,0.36,1.52,0.29,44.04,0.66,-0.22,105.9,0.41,4.839361,0.1,0.04,-0.07,0.11,13.31,0.38,0.66,0.04,-0.2,17898280,0,0,0,0,0,0,0,1,0,2.307,0.89,0.26,0.36,1.32,0.33,41.7,0.59,-0.12,25.23,0.44,5.5711,0.05,0.06,-0.03,0.16,13.21,0.36,0.76,0.06,-0.09,22290122,0,0,1,4.3,0.95,0.26,0.36,1.62,0.36,46.79,0.58,-0.04,17.14,0.45,5.250616,0.08,0.05,0.02,0.13,13.12,0.36,0.62,0.05,0.06,16634231,0,0,-0.37147811,-0.078651685,0.151515152,-0.121212121,0.071428571,0.056115108,0.118644068,0.833333333,3.197384067,-0.068181818,-0.131345515,1,-0.333333333,1.333333333,-0.3125,0.007570023,0.055555556,-0.131578947,-0.333333333,1.222222222,-0.197030864,0,0
0,2020,0.086,4.96,0.01,0.25,1.61,-29.04,41.43,0.39,-0.2,0.03,0.34,5.206744,0.04,-0.39,-0.07,-0.38,13.01,1.03,0.62,-0.09,-0.07,-121889421,0,1,0,0,0,0,0,0,0,3.604,0.94,0.01,0.25,6.8,2.59,59.07,0.32,-0.03,0.03,0.4,5.162264,0.26,0.04,0.03,0.06,13.31,0.73,0.15,0.01,0.04,17123314,0,0,0,0.138,0.75,0.01,0.25,5.61,3.11,48.23,0.34,-0.11,0.02,0.43,4.911828,0.22,-0.06,-0.01,-0.08,13.28,0.77,0.18,-0.04,-0.02,-24397134,0,1,-0.976137625,4.276595745,-0.763235294,-12.21235521,-12.20652174,-0.298628746,0.21875,5.666666667,0,-0.15,0.008616375,-0.846153846,-10.75,-3.333333333,-7.333333333,-0.022539444,0.410958904,3.133333333,-10,-2.75,-8.118331241,0,0
0,2021,2.599,1,0.08,0.34,1.05,0.03,53.06,0.49,-0.01,23.42,0.43,11.813466,0.01,0.14,0.01,0.71,13.18,0.19,0.95,0.15,0.05,50257660,0,0,0,0,0,0,1,0,0,1.485,0.93,0.08,0.34,1.31,0.06,51.27,0.54,-0.08,59.29,0.44,10.988934,0.05,-0.03,-0.04,-0.11,13.04,0.23,0.77,0,-0.17,-8218038,0,1,0,5.719,1.01,0.08,0.34,3.17,-0.01,54.8,0.47,0.01,52.3,0.48,10.263937,0.18,0.03,0.03,0.41,12.89,0.08,0.32,0.05,0.39,8734518,0,0,0.75016835,0.075268817,-0.198473282,-0.5,-0.2,0.034913205,-0.092592593,-0.875,-0.60499241,-0.022727273,0.075032938,-0.8,-5.666666667,-1.25,-7.454545455,0.010736196,-0.173913043,0.233766234,15,-1.294117647,-7.115530252,0,0
0,2018,4.43,1.25,0.06,0.3,13.19,0.32,42.53,0.2,0.31,-0.07,0.17,0.798308,0.92,0.06,0.24,0.86,10.04,0.08,0.08,0.26,3.13,1028255,0,0,0,0,1,0,0,0,0,4.433,1.23,0.06,0.3,12.78,0.32,41.25,0.21,0.28,-0.08,0.05,0.499736,0.91,0.25,0.22,3.18,9.97,0.08,0.08,0.25,2.82,3670249,0,0,0,4.419,1.47,0.06,0.3,-0.16,0.32,40.35,0.22,0.41,-1.76,0.01,0.109433,6.55,3.42,3.18,517560800,7.68,-5.65,-6.31,3.42,479944600,5175608,0,0,-0.000676743,0.016260163,0.032081377,0,0,0.031030303,-0.047619048,0.107142857,-0.125,2.4,0.597459459,0.010989011,-0.76,0.090909091,-0.729559748,0.007021063,0,0,0.04,0.109929078,-0.719840534,0,1
0,2019,8.309,1.04,0.06,0.43,16.88,0.03,47.76,0.47,0.07,575.34,0.63,10.811704,0.83,0.06,0.06,0.79,14.09,0.08,0.06,0.07,0.72,55982710,0,0,0,0,0,1,0,0,0,7.885,1.05,0.06,0.43,17.52,0.03,45.62,0.45,0.08,524.13,0.62,10.488629,0.83,0.09,0.07,1.18,14.02,0.08,0.06,0.11,0.89,79778203,0,0,0,4.926,1.03,0.06,0.43,14.26,0.04,52.12,0.49,0.05,495.81,0.62,10.457202,0.8,0.1,0.05,1.05,13.93,0.09,0.07,0.11,0.49,76796844,0,0,0.053772987,-0.00952381,-0.03652968,0,-0.111111111,0.04690925,0.044444444,-0.125,0.097704768,0.016129032,0.030802405,0,-0.333333333,-0.142857143,-0.330508475,0.004992867,0,0,-0.363636364,-0.191011236,-0.298270607,0,0
0,2011,4.564,1.1,0.06,0.35,2.84,0.3,43.3,0.5,0.07,65,0.56,11.369165,0.2,0.02,0.13,0.06,13.1,0.31,0.35,0.08,0.41,6261000,0,0,0,0,0,0,0,1,0,7.19,1.04,0.06,0.35,2.23,0.26,44.98,0.39,0.03,52.39,0.6,11.55476,0.17,0.09,0.1,0.27,13.07,0.32,0.45,0.09,0.3,28707650,0,0,1,6.591,1.06,0.06,0.35,2.15,0.34,42.44,0.37,0.04,41.5,0.56,11.473863,0.15,0.11,0.1,0.32,13,0.35,0.47,0.1,0.29,35077258,0,0,-0.365229485,0.057692308,0.273542601,0.153846154,-0.02173913,-0.037349933,0.282051282,1.333333333,0.240694789,-0.066666667,-0.016062212,0.176470588,-0.777777778,0.3,-0.777777778,0.002295333,-0.03125,-0.222222222,-0.111111111,0.366666667,-0.781904823,0,0
0,2013,4.586,1.18,0.27,0.3,0.81,0.32,76.73,0.26,0.14,-3.6,0.5,7.806601,-0.05,0.14,0.11,0.51,12.36,0.27,1.23,0.14,0.39,22448520,1,0,0,0,1,1,0,0,0,4.524,1.25,0.27,0.3,0.5,0.32,56.77,0.27,0.15,-0.9,0.52,8.114185,-0.18,0.18,0.2,0.48,12.29,0.37,2,0.18,0.55,26758992,1,0,0,4.474,1.45,0.27,0.3,0.29,0.32,44.49,0.26,0.19,-2.2,0.52,7.851106,-0.38,-0.34,0.26,-0.64,12.27,0.53,3.41,0.22,0.48,-50513998,1,0,0.013704686,-0.056,0.62,0,-0.362068966,0.351594152,-0.037037037,-0.066666667,3,-0.038461538,-0.037906949,-0.722222222,-0.222222222,-0.45,0.0625,0.005695688,-0.27027027,-0.385,-0.222222222,-0.290909091,-0.161084992,0,0
0,2014,3.59,0.84,0.09,0.21,0.88,0.62,50.77,0.43,-0.07,0.36,0.49,16.949545,-0.1,-0.01,-0.01,-0.01,14.86,0.9,1.14,-0.01,-0.01,-25362717,1,1,0,0,0,0,0,0,0,2.158,0.96,0.09,0.21,0.64,0.54,54.67,0.44,-0.02,0.28,0.5,16.875308,-0.22,0.04,0,0.06,14.04,0.74,1.57,0.01,0,38685580,1,0,0,4.13,0.87,0.09,0.21,-6.38,0.65,49.25,0.49,-0.05,2.04,0.46,17.726716,-0.6,-0.02,0,-0.05,13.1,0.44,-0.16,-0.03,-0.01,-7763364,1,1,0.663577386,-0.125,0.375,0.148148148,2.088339223,-0.071337114,-0.022727273,2.5,0.285714286,-0.02,0.004399149,-0.545454545,-1.25,-1,-1.166666667,0.058404558,0.216216216,-0.27388535,-2,-1,-1.655611652,0,0
0,2016,5.824,1.19,0.03,0.29,2.71,2.08,42.25,0.44,0.06,77.01,0.59,16.630472,0.2,-0.01,0.11,-0.02,13.31,0.71,0.37,0.12,0.16,-4559230,0,0,0,0,0,0,0,0,0,7.123,1.1,0.03,0.29,2.35,1.87,39.46,0.47,0.03,64.13,0.73,16.394293,0.16,0.04,0.09,0.05,13.29,0.69,0.43,0.14,0.13,14902113,0,0,0,5.078,1.04,0.03,0.29,2.06,1.95,43.19,0.47,0.01,48.58,0.57,14.967438,0.13,0.05,0.08,0.07,13.19,0.7,0.49,0.12,0.12,17186620,0,0,-0.18236698,0.081818182,0.153191489,0.112299465,0.116071429,0.070704511,-0.063829787,1,0.20084204,-0.191780822,0.014406172,0.25,-1.25,0.222222222,-1.4,0.001504891,0.028985507,-0.139534884,-0.142857143,0.230769231,-1.305945204,0,0
0,2012,0.032,2.75,0.18,0.15,0.83,0,42.52,0.81,-0.37,0.41,0.55,10.053182,-0.21,-0.25,-0.32,-0.2,12.93,1.21,1.21,-0.31,-0.26,-70237000,1,1,1,0,0,1,0,0,0,0.198,-0.34,0.18,0.15,1.03,0.01,29.22,0.67,-0.04,0.86,0.64,11.603196,0.03,-0.01,-0.01,-0.01,13.09,0.97,0.97,-0.01,-0.01,-4696000,0,1,0,0.023,-8.51,0.18,0.15,1.05,0.02,56.85,0.79,-0.69,0.4,0.68,12.154877,0.05,-0.37,-0.43,-0.39,13.02,0.95,0.95,-0.37,-0.46,-117523000,0,1,-0.838383838,-9.088235294,-0.194174757,-1,-1.193473193,0.455167693,0.208955224,8.25,-0.523255814,-0.140625,-0.133585092,-8,24,31,19,-0.012223071,0.24742268,0.24742268,30,25,13.95677172,0,0
0,2011,3.337,1.03,0.08,0.2,1.17,-1.63,39.44,0.54,-0.02,-1.31,0.71,7.389872,0.03,-0.36,0.05,-0.16,12.18,2.28,0.86,-0.01,0.02,-49688699,0,1,0,0,0,0,1,0,0,0.042,1.42,0.08,0.2,1.02,-2.22,32.18,0.42,-0.21,-0.13,0.7,7.630284,0,-0.01,-0.22,-0.01,12.47,1.69,0.98,-0.27,-0.13,-2166067,0,1,0,3.274,1.05,0.08,0.2,1.43,-2.28,37.67,0.42,-0.03,0.01,0.66,11.716545,0.06,0,0.03,0,12.47,1.68,0.7,-0.01,0.02,0,0,1,78.45238095,-0.274647887,0.147058824,-0.265765766,-0.273469388,0.225605966,0.285714286,-0.904761905,9.076923077,0.014285714,-0.031507608,3,35,-1.227272727,15,-0.023255814,0.349112426,-0.12244898,-0.962962963,-1.153846154,21.93959467,0,0
0,2021,5.814,1.61,0.03,0.32,1.91,6.82,50.47,0.28,0.07,34.25,0.5,3.793422,0.12,0.03,0.16,0.03,12.12,0.89,0.52,0.14,0.18,3894376,0,0,0,0,0,0,0,1,0,3.295,0.71,0.03,0.32,1.77,9.94,49.39,0.3,-0.03,28.56,0.41,2.754259,0.09,-0.04,0.07,-0.04,12.12,0.92,0.57,-0.08,0.08,-4647176,0,1,1,8.466,1.12,0.03,0.32,1.24,6.62,50.15,0.3,0.02,2.35,0.43,2.811746,0.03,0.03,0.1,0.04,12.13,0.88,0.81,0.04,0.11,4381004,0,0,0.764491654,1.267605634,0.079096045,-0.3138833,-0.296035242,0.021866775,-0.066666667,-3.333333333,0.199229692,0.219512195,0.37729313,0.333333333,-1.75,1.285714286,-1.75,0,-0.032608696,-0.087719298,-2.75,1.25,-1.838009148,0,0
0,2009,0.139,0.86,0.1,0.24,0.78,0.41,37.77,0.39,-0.07,0.01,0.84,33.749701,-0.04,-0.14,-0.02,-0.33,14.01,0.43,1.28,-0.06,-0.04,-117613794,0,1,0,0,0,0,0,0,0,2.877,0.96,0.1,0.24,0.86,0.13,49.09,0.39,-0.03,0.01,0.84,34.590135,-0.03,0.02,0.04,0.09,14.01,0.29,1.17,0.01,0.13,20644335,0,0,0,2.892,0.96,0.1,0.24,1.13,0.13,45.25,0.38,-0.03,0.01,0.81,34.848693,0.02,0,0.03,0,13.92,0.25,0.89,0.02,0.13,0,0,0,-0.951685784,-0.104166667,-0.093023256,2.153846154,0.85,-0.230596863,0,1.333333333,0,0,-0.024296927,0.333333333,-8,-1.5,-4.666666667,0,0.482758621,0.094017094,-7,-1.307692308,-6.697146166,0,0
0,2020,2.858,0.83,0.07,0.23,2.58,0.03,53.89,0.48,-0.12,133.06,0.87,16.125038,0.39,0.03,-0.09,0.1,14.08,0.27,0.39,0.03,-0.33,25149587,0,0,1,0,0,1,0,0,0,3.898,0.89,0.07,0.23,3.29,0.02,61.05,0.44,-0.07,91.98,0.95,17.261939,0.41,0.06,-0.05,0.29,13.95,0.19,0.3,0.03,-0.26,45141919,0,0,0,3.62,0.87,0.07,0.23,3.02,0.02,55.96,0.43,-0.08,88.9,0.93,17.521409,0.4,-0.02,-0.06,-0.1,13.9,0.21,0.33,-0.01,-0.29,-16698997,0,1,-0.266803489,-0.06741573,-0.215805471,0.5,0.5,-0.117280917,0.090909091,0.714285714,0.44661883,-0.084210526,-0.06586172,-0.048780488,-0.5,0.8,-0.655172414,0.009318996,0.421052632,0.3,0,0.269230769,-0.442877318,0,0
0,2020,0.233,0.96,0.1,0.09,1.67,0.32,62.03,0.31,-0.03,187.54,0.32,5.298788,0.25,0.12,-0.01,0.33,12.66,0.37,0.6,0.13,-0.03,26947614,0,0,0,0,0,0,0,0,0,7.892,1.07,0.1,0.09,1.58,0.32,47.97,0.31,0.05,147.41,0.22,4.921317,0.22,0.15,0.06,0.41,12.46,0.38,0.64,0.15,0.16,27410692,0,0,0,7.546,1.13,0.1,0.09,5.74,0.16,42.61,0.32,0.06,95.73,0.23,4.898061,0.59,0.19,0.12,0.77,11.98,0.24,0.17,0.19,0.48,20963715,0,0,-0.970476432,-0.102803738,0.056962025,0,-0.032786885,0.293099854,0,-1.6,0.272233905,0.454545455,0.076701216,0.136363636,-0.2,-1.166666667,-0.195121951,0.016051364,-0.026315789,-0.0625,-0.133333333,-1.1875,-0.016894065,0,0
0,2012,2.88,0.8,0.02,0.27,4.14,1.61,43.44,0.56,-0.06,0.01,0.63,6.519207,0.4,-0.01,-0.02,-0.01,12.84,0.66,0.24,-0.01,-0.03,-1988843,0,1,0,0,0,0,0,0,0,3.298,0.85,0.02,0.27,4.09,1.61,45.69,0.55,-0.05,0.01,0.67,6.65392,0.4,-0.04,-0.02,-0.07,12.86,0.67,0.24,-0.01,-0.04,-11728787,0,1,0,4.102,0.92,0.02,0.27,4.13,1.3,47.78,0.42,-0.03,0.01,0.61,6.257869,0.39,-0.06,0.01,-0.09,12.86,0.62,0.24,0.01,0.01,-15396793,0,0,-0.126743481,-0.058823529,0.012224939,0,-0.01,-0.049244911,0.018181818,0.2,0,-0.059701493,-0.02024566,0,-0.75,0,-0.857142857,-0.00155521,-0.014925373,0,0,-0.25,-0.830430632,0,0
0,2015,0.797,0.87,0.06,0.33,0.67,0.49,47.55,0.46,-0.01,0.01,0.66,7.146785,-0.21,-0.22,0.07,-0.29,11.47,0.76,1.48,0.17,0.1,-14740786,1,0,0,0,0,0,0,0,0,7.178,1.22,0.06,0.33,1.01,0.27,46.84,0.43,0.03,0.01,0.61,7.026116,0,0.12,0.15,0.22,11.49,0.55,0.99,0.31,0.27,8360339,0,0,0,2.353,0.63,0.06,0.33,0.88,0.39,44.78,0.49,-0.04,0.01,0.5,7.184348,-0.06,0.1,-0.03,0.16,11.41,0.65,1.14,0.1,-0.04,6374855,1,0,-0.888966286,-0.286885246,-0.336633663,0.814814815,1.62295082,0.015157985,0.069767442,-1.333333333,0,0.081967213,0.017174354,-21,-2.833333333,-0.533333333,-2.318181818,-0.001740644,0.381818182,0.494949495,-0.451612903,-0.62962963,-2.763180416,0,0
0,2020,3.294,0.97,0.02,0.28,-0.42,0.01,50.32,0.4,-0.03,0.21,0.3,3.90787,2.37,0.03,0.1,81261500,10.52,-1.63,-2.39,0.03,270590300,812615,0,0,0,0,0,0,0,0,1,4.492,1.29,0.02,0.28,-0.63,0.02,64.2,0.32,0.18,0.41,0.34,3.825058,2.03,0.68,0.76,2058291800,10.69,-1.21,-1.59,0.68,2324853600,20582918,0,0,1,7.146,1.12,0.02,0.28,-2.25,0.01,94.96,0.37,0.06,0.24,0.35,3.879379,1.22,0.23,0.32,773045100,10.8,-0.36,-0.44,0.23,1097333800,7730451,0,0,-0.266696349,-0.248062016,-0.333333333,-0.5,0.127272727,-0.216199377,0.25,-1.166666667,-0.487804878,-0.117647059,0.021649868,0.167487685,-0.955882353,-0.868421053,-0.960519932,-0.015902713,0.347107438,0.503144654,-0.955882353,-0.883609746,-0.960519932,1,1
0,2020,4.543,1.06,0.04,0.2,-0.34,0.32,68.02,0.3,0.12,102.43,0.62,10.904271,2.31,0.22,0.21,5227451600,12.76,-1.72,-2.96,0.22,5179801800,52274516,0,0,0,0,0,0,0,1,0,7.21,1.11,0.04,0.2,-5.41,0.32,386.64,0.29,0.22,124.9,0.58,9.983165,0.95,0.11,0.15,5686191900,13.54,-0.15,-0.18,0.13,8089212000,56861919,0,0,1,4.553,1.1,0.04,0.2,4418.52,0.32,45.45,0.33,0.18,0,0.57,9.398895,0.81,0.12,0.13,669.69,13.58,0,0,0.11,688.66,67671155,0,0,-0.369902913,-0.045045045,-0.93715342,0,3.846153846,-0.824074074,0.034482759,-0.454545455,-0.179903923,0.068965517,0.09226593,1.431578947,1,0.4,-0.08067619,-0.05760709,10.46666667,15.44444444,0.692307692,-0.359665466,-0.08067619,1,0
0,2014,2.889,0.98,0.02,0.12,2.89,0.05,45.58,0.62,-0.04,178.8,0.52,3.917509,0.2,0.07,-0.01,0.5,11.91,0.14,0.35,0.08,-0.04,7488265,0,0,0,0,0,0,0,0,0,1.449,0.94,0.02,0.12,4.35,0.05,55.06,0.66,-0.12,122.4,0.32,1.690725,0.19,0.01,-0.04,0.11,11.78,0.1,0.23,0.02,-0.36,1066544,0,0,0,6.309,1,0.02,0.12,4.55,0.05,53.89,0.59,0.01,112.4,0.36,1.912314,0.18,0.06,0.02,0.63,11.75,0.09,0.22,0.06,0.17,5093924,0,0,0.99378882,0.042553191,-0.335632184,0,0.416666667,-0.172175808,-0.060606061,-0.666666667,0.460784314,0.625,1.317058658,0.052631579,6,-0.75,3.545454545,0.011035654,0.4,0.52173913,3,-0.888888889,6.021055859,0,0
0,2017,0.064,0.54,0,0.6,0.94,0.19,44.47,0.72,-0.27,14.89,0.18,1.047318,-0.02,-0.07,-0.21,-0.18,10.58,0.4,1.06,-0.16,-0.51,-2021118,1,1,0,0,0,1,0,0,0,0.152,0.81,0,0.6,1.2,0.19,49.81,0.61,-0.11,7.13,0.19,0.963445,0.05,-0.05,-0.06,-0.14,10.64,0.36,0.83,-0.05,-0.16,-1436124,0,1,0,0.148,0.8,0,0.6,1.37,0.22,50.24,0.62,-0.12,6.09,0.24,1.165162,0.08,-0.03,-0.06,-0.08,10.69,0.35,0.73,-0.03,-0.18,-844776,0,1,-0.578947368,-0.333333333,-0.216666667,0,0.157894737,-0.107207388,0.180327869,1.454545455,1.088359046,-0.052631579,0.087055307,-1.4,0.4,2.5,0.285714286,-0.005639098,0.111111111,0.277108434,2.2,2.1875,0.407342263,0,0
0,2008,4.488,1.36,0.02,0.43,2.23,0.4,47.95,0.37,0.14,80.42,0.19,0.762201,0.27,-0.01,0.24,-0.03,10.81,0.44,0.45,-0.01,0.55,-423431,0,1,0,0,0,0,0,1,0,4.542,1.24,0.02,0.43,2.92,0.38,58.82,0.41,0.11,98.15,0.2,0.84594,0.37,0.16,0.17,0.38,10.78,0.41,0.34,0.16,0.42,5275949,0,0,1,4.505,1.45,0.02,0.43,5.44,0.27,62.52,0.4,0.15,64.37,0.2,0.828299,0.55,0,0.33,0,10.3,0.31,0.18,0.34,1.07,0,0,0,-0.011889036,0.096774194,-0.23630137,0.052631579,0.126760563,-0.184801088,-0.097560976,0.272727273,-0.180641875,-0.05,-0.09898929,-0.27027027,-1.0625,0.411764706,-1.078947368,0.002782931,0.073170732,0.323529412,-1.0625,0.30952381,-1.080256841,0,0
0,2009,0.178,0.81,0.27,0.37,2.64,0.09,36.36,0.49,-0.11,44.48,0.41,1.235502,0.23,-0.06,-0.1,-0.3,9.89,0.21,0.38,-0.06,-0.49,-884634,0,1,1,1,0,0,0,1,0,0.168,0.78,0.27,0.37,2.95,0.07,38.34,0.52,-0.15,50.34,0.45,1.231167,0.26,-0.09,-0.13,-0.5,9.94,0.19,0.34,-0.09,-0.7,-1358668,0,1,1,1.47,0.87,0.27,0.37,4.16,0.06,41.42,0.54,-0.11,75.46,0.44,1.223353,0.31,0,-0.07,-0.02,10,0.15,0.24,0,-0.45,-38952,0,1,0.05952381,0.038461538,-0.105084746,0.285714286,0.173913043,-0.051643192,-0.057692308,-0.266666667,-0.116408423,-0.088888889,0.00352105,-0.115384615,-0.333333333,-0.230769231,-0.4,-0.005030181,0.105263158,0.117647059,-0.333333333,-0.3,-0.348896125,0,0
0,2016,7.552,1.05,0.06,0.21,1.8,0,46.54,0.37,0.06,0,0.78,13.39656,0.39,0.04,0.03,0.07,14.38,0.49,0.55,0.04,0.06,43274800,0,0,0,0,0,0,0,1,0,6.645,1.08,0.06,0.21,-0.18,0.01,50.81,0.42,0.1,-0.33,0.76,12.664146,2.43,0.27,0.27,5157842700,12.51,-2.05,-5.58,0.27,5123137000,51578427,0,0,1,6.613,1.09,0.06,0.21,-0.17,0,45.92,0.42,0.11,0,0.8,12.51756,2.51,0.3,0.3,5087524400,12.39,-2.13,-5.83,0.3,5060994600,50875244,0,0,0.136493604,-0.027777778,-11,-1,-2.447761194,-0.084038575,-0.119047619,-0.4,-1,0.026315789,0.057833667,-0.839506173,-0.851851852,-0.888888889,-1,0.149480416,-1.23902439,-1.098566308,-0.851851852,-1,-0.160990311,1,1
0,2018,1.193,0.89,0.11,0.25,3.59,0.32,48.9,0.54,-0.05,47,0.71,14.053946,0.46,0.05,-0.01,0.14,13.28,0.38,0.28,0.13,-0.01,21021006,0,0,0,0,0,0,1,0,0,2.892,0.63,0.11,0.25,3.83,0.38,52.48,0.63,-0.16,50.04,0.7,13.591448,0.44,-0.1,-0.19,-0.25,13.21,0.39,0.26,-0.02,-0.49,-37123767,0,1,0,0.419,0.84,0.11,0.25,3.67,0.35,56.79,0.56,-0.07,65.48,0.77,14.644776,0.48,0.02,-0.06,0.05,13.36,0.39,0.27,0.07,-0.16,7997776,0,0,-0.587482711,0.412698413,-0.062663185,-0.157894737,-0.031746032,-0.068216463,-0.142857143,-0.6875,-0.060751399,0.014285714,0.034028604,0.045454545,-1.5,-0.947368421,-1.56,0.005299016,-0.025641026,0.076923077,-7.5,-0.979591837,-1.56624119,0,0
0,2012,5.456,1.02,0.15,0.44,3.17,0.9,46.15,0.59,0.01,138.52,0.64,11.515774,0.33,0.08,0.07,0.14,12.59,0.55,0.32,0.06,0.13,15753718,0,0,0,0,0,0,0,0,1,7.032,1.01,0.15,0.44,3.15,1.09,45.61,0.58,0,105.42,0.69,11.667606,0.3,0.04,0.08,0.07,12.48,0.59,0.32,0.06,0.13,7268733,0,0,1,4.101,0.96,0.15,0.44,2.69,1.24,44.95,0.46,-0.01,80.53,0.68,11.399855,0.24,0.01,0.06,0.01,12.45,0.62,0.37,0.04,0.1,1500110,0,0,-0.224118316,0.00990099,0.006349206,-0.174311927,-0.125874126,0.011839509,0.017241379,1,0.313982167,-0.072463768,-0.013013124,0.1,1,-0.125,1,0.008814103,-0.06779661,0,0,0,1.167326548,0,0
0,2019,4.055,0.96,0.11,0.26,2.52,0.1,38.28,0.51,-0.05,24.93,0.72,18.516139,0.11,0.08,0,0.54,14.31,0.15,0.4,0.02,0.03,93982662,1,0,0,0,0,0,0,1,0,3.21,0.99,0.11,0.26,1.61,0.1,35.5,0.48,-0.01,36.84,0.69,18.77222,0.07,0.05,0.03,0.26,14.26,0.2,0.62,0.02,0.14,55490621,1,0,1,4.358,1,0.11,0.26,2.11,0.12,37.09,0.5,0,25.76,0.7,19.607458,0.08,0.06,0.03,0.35,14.17,0.18,0.47,0.04,0.18,59865662,1,0,0.263239875,-0.03030303,0.565217391,0,-0.25,0.078309859,0.0625,4,-0.323289902,0.043478261,-0.013641487,0.571428571,0.6,-1,1.076923077,0.003506311,-0.25,-0.35483871,0,-0.785714286,0.693667512,0,0
0,2009,6.628,1.06,0.05,0.29,3.75,0.52,46.06,0.36,0.06,121.11,0.69,5.893584,0.26,0.09,0.09,0.22,12.42,0.4,0.27,0.09,0.22,15466484,1,0,0,0,0,0,0,1,0,1.209,0.99,0.05,0.29,4.58,0.62,50.2,0.41,-0.01,134.28,0.62,5.362137,0.31,0.08,0.04,0.18,12.32,0.44,0.22,0.08,0.09,12369932,1,0,1,5.424,1.02,0.05,0.29,3.85,0.74,50.31,0.4,0.01,98.61,0.7,5.612908,0.27,0.09,0.06,0.19,12.24,0.48,0.26,0.09,0.13,13380856,1,0,4.482216708,0.070707071,-0.181222707,-0.161290323,-0.12987013,-0.08247012,-0.12195122,-7,-0.098078642,0.112903226,0.099111045,-0.161290323,0.125,1.25,0.222222222,0.008116883,-0.090909091,0.227272727,0.125,1.444444444,0.250328943,0,0
0,2020,0.107,0.09,0.22,0.3,1.08,1.27,33.72,0.48,-0.25,52.35,0.83,44.204267,0.03,0.15,-0.18,0.21,14.64,0.73,0.93,0.03,-0.25,239309082,0,0,0,0,0,0,1,0,0,0.161,-0.4,0.22,0.3,2.04,4.27,35.72,0.44,-0.18,29.93,0.86,44.61402,0.2,0.01,-0.13,0.02,14.42,0.85,0.49,0.04,-0.16,17532574,0,0,0,0.181,-0.51,0.22,0.3,1.31,3.9,44.63,0.42,-0.19,24.93,0.85,43.027943,0.07,0.08,-0.13,0.09,14.3,0.84,0.77,0,-0.16,88201355,0,0,-0.335403727,-1.225,-0.470588235,-0.702576112,-0.519784173,-0.055991041,0.090909091,0.388888889,0.749081189,-0.034883721,-0.0091844,-0.85,14,0.384615385,9.5,0.015256588,-0.141176471,0.897959184,-0.25,0.5625,12.64939809,0,0
0,2017,2.874,0.97,0.04,0.32,2.43,0.19,45.32,0.42,-0.03,29.66,0.55,5.449031,0.12,0.11,-0.01,0.48,12.05,0.23,0.41,0.09,-0.06,13045175,0,0,0,0,0,0,0,1,0,7.529,1.03,0.04,0.32,2.31,0.19,47.62,0.39,0.03,34.74,0.51,5.069919,0.13,0.12,0.04,0.51,11.92,0.24,0.43,0.09,0.16,12911356,0,0,1,6.636,1.05,0.04,0.32,2.06,0.25,45.95,0.39,0.04,41.95,0.52,5.135654,0.15,0.09,0.05,0.3,11.83,0.31,0.49,0.11,0.17,8830000,0,0,-0.618275999,-0.058252427,0.051948052,0,-0.0625,-0.048299034,0.076923077,-2,-0.146229131,0.078431373,0.074776737,-0.076923077,-0.083333333,-1.25,-0.058823529,0.01090604,-0.041666667,-0.046511628,0,-1.375,0.010364442,0,0
0,2012,3.567,0.94,0.06,0.32,1.66,0.91,47.36,0.62,-0.02,44.92,0.58,7.790929,0.13,0.06,0.05,0.1,11.69,0.58,0.6,0.05,0.09,4623065,0,0,0,0,0,0,1,0,0,0.724,0.96,0.06,0.32,1.48,1.1,65.92,0.62,-0.01,16.64,0.58,7.995251,0.1,-0.03,0.05,-0.05,11.63,0.62,0.68,0.01,0.08,-2580835,0,0,0,4.376,1,0.06,0.32,1.45,0.56,55.01,0.48,0,23.01,0.66,7.205671,0.1,0.06,0.07,0.11,11.46,0.51,0.69,0.03,0.14,3617787,0,0,3.92679558,-0.020833333,0.121621622,-0.172727273,-0.141104294,-0.281553398,0,1,1.699519231,0,-0.02555542,0.3,-3,0,-3,0.005159071,-0.064516129,-0.117647059,4,0.125,-2.791305915,0,0
0,2016,0.848,0.49,0.13,0.36,1.38,17.01,42.9,0.4,-0.02,3.74,0.78,11.793677,0.06,-0.01,0.07,-0.01,12.99,0.95,0.72,0,0.08,-3207622,0,0,0,0,0,0,0,1,0,7.86,1.89,0.13,0.36,1.49,13.21,40.91,0.41,0.05,17.49,0.84,11.189189,0.08,0.08,0.14,0.08,12.96,0.94,0.67,0.08,0.14,22297083,0,0,1,5.397,-0.26,0.13,0.36,1.37,-37.19,41.58,0.42,0.02,4.22,0.74,11.017546,0.07,0.04,0.12,0.04,12.66,1.02,0.73,0.05,0.12,8035149,0,0,-0.892111959,-0.740740741,-0.073825503,0.287660863,0.281504702,0.048643363,-0.024390244,-1.4,-0.786163522,-0.071428571,0.054024291,-0.25,-1.125,-0.5,-1.125,0.002314815,0.010638298,0.074626866,-1,-0.428571429,-1.143858369,0,0
0,2016,2.362,0.5,0.17,0.33,1.04,1.49,53.86,0.57,-0.12,12.24,0.51,9.723744,0.01,-0.02,-0.06,-0.02,13.01,0.73,0.96,-0.02,-0.09,-5316102,0,1,0,0,0,0,0,0,0,3.609,0.71,0.17,0.33,1.23,1.35,50.63,0.56,-0.08,24.51,0.52,9.607158,0.06,0.03,-0.01,0.04,12.96,0.7,0.82,0.02,-0.01,8309920,0,0,0,0.249,0.79,0.17,0.33,1.12,1.59,64.19,0.57,-0.06,17.42,0.45,8.640961,0.04,0.01,0.02,0.02,12.98,0.73,0.89,0.01,0.03,3842213,0,0,-0.345525076,-0.295774648,-0.154471545,0.103703704,0.161572052,0.063796168,0.017857143,0.5,-0.500611995,-0.019230769,0.012135327,-0.833333333,-1.666666667,5,-1.5,0.003858025,0.042857143,0.170731707,-2,8,-1.639729624,0,0
0,2013,3.259,0.41,0.71,0.29,0.89,3.32,54.67,0.61,-0.04,0.49,0.99,1.8117,-0.05,0.04,-0.02,0.05,11.16,0.87,1.12,0.04,-0.02,2122446,0,0,0,0,0,0,0,0,0,3.02,0.88,0.71,0.29,0.94,5.86,54.12,0.61,0,2.63,1,1.8265,-0.03,0.07,0.05,0.08,11.18,0.91,1.07,0.07,0.05,3606887,0,0,0,3.897,-4.32,0.71,0.29,1.09,42.28,69.69,0.62,-0.03,0.44,1,2.042244,0.04,-0.04,-0.01,-0.04,11.35,0.99,0.92,-0.03,-0.01,-2213347,0,1,0.079139073,-0.534090909,-0.053191489,-0.433447099,-0.376770538,0.010162602,0,-4,-0.813688213,-0.01,-0.008102929,0.666666667,-0.428571429,-1.4,-0.375,-0.001788909,-0.043956044,0.046728972,-0.428571429,-1.4,-0.41155739,0,0
0,2019,7.815,1.45,0.81,0.08,1.41,1.03,29.88,0.39,0.07,64.85,0.82,8.048902,0.16,0.22,0.17,0.31,11.53,0.71,0.71,0.22,0.25,15224342,0,0,0,0,1,0,1,0,0,0.404,0.13,0.81,0.08,0.86,4.01,33.52,0.41,-0.04,20.39,0.79,7.810844,-0.07,0.02,-0.03,0.02,11.23,0.9,1.16,0.02,-0.03,969299,0,0,0,0.191,-5.25,0.81,0.08,0.73,3.46,39.75,0.54,-0.34,14.08,0.75,7.495518,-0.18,-0.42,-0.37,-0.46,11.45,0.93,1.36,-0.32,-0.4,-27665970,0,1,18.34405941,10.15384615,0.639534884,-0.743142145,-0.722029988,-0.108591885,-0.048780488,-2.75,2.180480628,0.037974684,0.030477884,-3.285714286,10,-6.666666667,14.5,0.026714159,-0.211111111,-0.387931034,10,-9.333333333,14.70654875,0,0
0,2017,0.143,0.31,0.14,0.26,-0.4,0.6,47.93,0.49,-0.09,-77.88,0.47,12.884535,-0.57,-0.06,-0.11,-0.1,11.69,0.63,-2.5,0.07,-0.17,-4988536,1,0,0,0,0,0,0,1,0,2.852,0.8,0.14,0.26,0.07,0.53,49.48,0.47,-0.03,-59.15,0.46,12.537776,-0.42,-0.13,0.04,-0.2,11.87,0.64,15.05,0.08,0.06,-12661722,1,0,1,7.402,1.01,0.14,0.26,1.08,0.68,44.4,0.44,0,-7.64,0.46,12.310206,0.02,-0.03,0.11,-0.05,11.96,0.56,0.93,0.09,0.19,-3166788,0,0,-0.949859748,-0.6125,-6.714285714,0.132075472,-0.050561798,-0.031325788,0.042553191,2,0.316652578,0.02173913,0.027657138,0.357142857,-0.538461538,-3.75,-0.5,-0.01516428,-0.015625,-1.166112957,-0.125,-3.833333333,-0.606014411,0,0
0,2009,4.679,1.05,0.07,0.27,1.41,0.11,59.03,0.5,0.03,19.67,0.55,3.525135,0.09,0.05,0.1,0.18,11.17,0.3,0.71,0.05,0.35,2710765,0,0,0,0,0,0,0,0,0,6.153,1.02,0.07,0.27,1.12,0.13,53.27,0.5,0.01,18,0.55,3.511459,0.03,0.01,0.08,0.04,11.15,0.34,0.89,0.01,0.24,691556,0,0,0,6.063,1.02,0.07,0.27,1,0.13,50.77,0.52,0.01,5.79,0.51,3.270437,0,0.07,0.07,0.21,11.11,0.33,1,0.02,0.21,3129212,0,0,-0.239557939,0.029411765,0.258928571,-0.153846154,-0.173076923,0.108128402,0,2,0.092777778,0,0.003894677,2,4,0.25,3.5,0.001793722,-0.117647059,-0.202247191,4,0.458333333,2.919805482,0,0
0,2012,4.512,1.52,0.06,0.26,0.96,0.32,45.67,0.25,0.15,-8.72,0.55,5.640074,-0.01,0.14,0.41,0.41,11.6,0.34,1.04,0.38,1.2,10555062,1,0,0,0,1,0,1,0,0,6.632,1.24,0.06,0.26,0.91,0.27,54.03,0.28,0.07,-4.54,0.52,4.904559,-0.03,0.16,0.18,0.32,11.62,0.49,1.1,0.16,0.37,12116336,1,0,0,7.154,1.3,0.06,0.26,0.54,0.38,43.02,0.28,0.07,-7.92,0.51,4.250005,-0.21,-0.29,0.14,-0.47,11.52,0.61,1.87,0.14,0.23,-19983312,1,0,-0.319662244,0.225806452,0.054945055,0.185185185,-0.463917526,-0.154728854,-0.107142857,1.142857143,0.920704846,0.057692308,0.149965573,-0.666666667,-0.125,1.277777778,0.28125,-0.00172117,-0.306122449,-0.054545455,1.375,2.243243243,-0.128856942,0,0
0,2015,5.794,1.06,0.03,0.41,4.91,0.45,35.86,0.39,0.05,69.65,0.64,11.529566,0.35,0.03,0.09,0.07,12.92,0.37,0.2,0.02,0.24,7203448,0,0,1,0,0,0,0,0,0,7.563,1.03,0.03,0.41,5.27,0.49,44.9,0.39,0.02,30.77,0.64,11.562569,0.3,-0.08,0.07,-0.21,12.89,0.38,0.19,0,0.19,-22250320,0,0,0,7.556,1.05,0.03,0.41,3.83,0.44,42.28,0.41,0.04,43.18,0.67,11.862046,0.2,0.11,0.07,0.31,12.98,0.36,0.26,0.06,0.19,32940003,0,0,-0.233901891,0.029126214,-0.068311195,-0.081632653,-0.032786885,-0.201336303,0,1.5,1.263568411,0,-0.002854296,0.166666667,-1.375,0.285714286,-1.333333333,0.002327386,-0.026315789,0.052631579,2,0.263157895,-1.323745816,0,0
0,2015,4.509,1.08,0.12,0.34,1.4,0.31,44.69,0.46,0.1,20.85,0.68,20.331231,0.08,0,0.08,0.01,14.24,0.38,0.72,0.07,0.22,2877725,0,0,0,0,0,0,0,1,0,6.578,1.07,0.12,0.34,3.89,0.35,48.96,0.46,0.09,45.14,0.63,19.137022,0.2,0.06,0.09,0.21,14.12,0.31,0.26,0.11,0.28,60642089,0,0,1,5.807,1.07,0.12,0.34,2.88,0.39,43.93,0.47,0.08,13.09,0.65,18.588986,0.15,0.06,0.08,0.16,14.06,0.34,0.35,0.06,0.25,49605389,0,0,-0.314533293,0.009345794,-0.640102828,-0.114285714,0.377777778,-0.087214052,0,0.111111111,-0.538103677,0.079365079,0.062403074,-0.6,-1,-0.111111111,-0.952380952,0.008498584,0.225806452,1.769230769,-0.363636364,-0.214285714,-0.952545748,0,0
0,2011,0.164,0.73,0.25,0.29,1.27,0.01,42.13,0.42,-0.07,0,0.7,9.461232,0.1,0.02,-0.09,0.05,11.99,0.39,0.79,-0.02,-0.22,2014769,0,1,1,1,0,0,0,0,0,0.117,0.62,0.25,0.29,1.01,0.04,44.12,0.42,-0.1,0,0.72,9.342124,0,0.08,-0.12,0.18,12.07,0.45,0.99,-0.08,-0.27,9961441,0,1,0,1.469,0.73,0.25,0.29,0.87,0.41,49.92,0.42,-0.06,0,0.76,10.089546,-0.05,0.03,-0.04,0.04,12.16,0.58,1.15,-0.09,-0.06,3371003,0,1,0.401709402,0.177419355,0.257425743,-0.75,-0.21686747,-0.045104261,0,-0.3,0,-0.027777778,0.012749563,10,-0.75,-0.25,-0.722222222,-0.006628003,-0.133333333,-0.202020202,-0.75,-0.185185185,-0.797743218,0,0
0,2014,5.619,1.05,0.07,0.24,17.33,0.32,70.01,0.42,0.03,-0.17,0.62,13.536258,0.47,-0.07,0.11,-2.28,12.67,0.03,0.06,0.09,3.92,-14602718,0,0,0,1,0,0,0,1,0,7.853,1.12,0.07,0.24,9.39,0.32,69.87,0.42,0.09,-0.19,0.69,13.384385,0.41,0.14,0.18,2.95,12.75,0.05,0.11,0.21,3.67,34728685,0,0,1,8.086,1.11,0.07,0.24,3,0.32,61.32,0.42,0.06,-0.19,0.73,14.144844,0.3,0,0.16,0,12.7,0.15,0.33,0.24,1.07,-78890,0,0,-0.28447727,-0.0625,0.845580405,0,-0.4,0.002003721,0,-0.666666667,-0.105263158,-0.101449275,0.011347029,0.146341463,-1.5,-0.388888889,-1.772881356,-0.00627451,-0.4,-0.454545455,-0.571428571,0.068119891,-1.420480015,0,0
0,2018,0.181,1.32,0.01,0.36,2.27,-3.25,58.49,0.5,-0.09,0.22,0.35,8.853585,0.15,-0.06,-0.05,-0.04,12.39,1.39,0.44,-0.11,-0.04,-9728498,0,1,0,0,1,0,1,0,0,2.296,1.34,0.01,0.36,2.41,-4.9,88.39,0.49,-0.08,2.11,0.38,10.179785,0.17,-0.88,-0.01,-0.72,12.79,1.23,0.41,-0.06,-0.01,-219573141,0,1,0,2.874,0.94,0.01,0.36,0.5,-0.61,48.6,0.34,-0.04,14.99,0.4,8.659885,-0.31,-0.15,0.04,-2449567500,12.36,0,2.01,-0.1,607292623.8,-24495675,1,1,-0.921167247,-0.014925373,-0.058091286,-0.336734694,-0.349264706,-0.33827356,0.020408163,0.125,-0.895734597,-0.078947368,-0.130277801,-0.117647059,-0.931818182,4,-0.944444444,-0.031274433,0.130081301,0.073170732,0.833333333,3,-0.955693588,0,1
0,2019,2.855,0.85,0.06,0.3,0.29,0.15,31.42,0.11,-0.08,33.95,0.07,0.347625,-0.41,-0.05,-0.03,-0.08,11.11,0.64,3.41,-0.04,-0.05,-2306138,0,1,0,0,1,0,0,0,0,5.852,1.22,0.06,0.3,2.04,0.05,44.67,0.38,0.12,31.94,0.11,0.49342,0.17,0.22,0.22,1.09,10.45,0.2,0.49,0.25,1.09,5286929,0,0,0,3.616,0.86,0.06,0.3,0.79,0.05,48.8,0.47,-0.07,-1.79,0.11,0.559449,-0.07,-0.05,-0.01,-0.13,10.36,0.37,1.27,-0.05,-0.03,-1022709,0,1,-0.512132604,-0.303278689,-0.857843137,2,6.08,-0.296619655,-0.710526316,-1.666666667,0.062930495,-0.363636364,-0.295478497,-3.411764706,-1.227272727,-1.136363636,-1.073394495,0.063157895,2.2,5.959183673,-1.16,-1.04587156,-1.436196136,0,0
0,2018,4.406,1.12,0.03,0.18,0.59,-0.87,3.3,0.27,0.4,0.01,0.65,23.362186,-0.05,0.5,0.62,23447582600,13.42,-5.49,1.69,0.77,29060210500,234475826,1,0,0,0,1,0,0,1,0,4.402,1.11,0.03,0.18,0.64,-0.88,2.44,0.28,0.38,0.08,0.65,21.437372,-0.05,0.5,0.67,19056822300,13.22,-6.39,1.56,0.81,25531530600,190568223,1,0,1,4.41,1.11,0.03,0.18,0.6,-0.89,1.11,0.28,0.37,0.02,0.64,21.026797,-0.06,0.53,0.69,18663372300,13.13,-6.53,1.67,0.85,24245395700,186633723,1,0,0.000908678,0.009009009,-0.078125,-0.011363636,-0.022988506,0.352459016,-0.035714286,0.052631579,-0.875,0,0.089787778,0,0,-0.074626866,0.230403591,0.015128593,-0.14084507,0.083333333,-0.049382716,0.13820871,0.230403591,1,1
0,2012,0.034,0.8,0.14,0.09,2.89,0.01,45.45,0.77,-0.36,358.46,0.65,26.656729,0.43,0.14,-0.13,0.6,14.35,0.24,0.35,0.04,-0.57,170037143,0,0,1,0,0,0,1,0,0,0.042,0.71,0.14,0.09,3.76,0.01,70.06,0.77,-0.46,233.31,0.69,24.775848,0.4,0.07,-0.22,0.49,14.04,0.15,0.27,-0.01,-1.44,64934663,0,1,0,0.034,0.73,0.14,0.09,3.12,0.01,52.12,0.81,-0.42,188.33,0.65,20.216758,0.34,0.04,-0.19,0.25,13.96,0.17,0.32,0.09,-1.17,33599271,0,0,-0.19047619,0.126760563,-0.231382979,0,0.722222222,-0.35127034,0,-0.217391304,0.536410784,-0.057971014,0.075915908,0.075,1,-0.409090909,0.224489796,0.022079772,0.6,0.296296296,-5,-0.604166667,1.618588211,0,0
0,2014,4.129,0.94,0.02,0.38,1.93,1.5,49.69,0.49,-0.04,58.9,0.64,13.270993,0.08,-0.06,0.05,-0.09,13.8,0.64,0.52,-0.02,0.07,-39562382,0,1,0,0,0,0,0,1,0,2.839,0.89,0.02,0.38,1.74,1.36,48.16,0.51,-0.09,47.55,0.62,12.697691,0.06,0.02,0.03,0.04,13.88,0.61,0.58,-0.03,0.04,18185005,0,1,1,3.261,0.9,0.02,0.38,1.16,1.56,52.6,0.54,-0.08,35.76,0.7,12.031303,0.02,0.09,0.02,0.14,13.92,0.65,0.86,-0.03,0.02,71375120,0,1,0.454385347,0.056179775,0.109195402,0.102941176,0.114649682,0.031769103,-0.039215686,-0.555555556,0.238696109,0.032258065,0.045150099,0.333333333,-4,0.666666667,-3.25,-0.005763689,0.049180328,-0.103448276,-0.333333333,0.75,-3.175549691,0,0
0,2012,7.542,1.26,0.21,0.31,5.35,2.65,37.32,0.38,0.08,81.24,0.35,2.868997,0.21,0.09,0.19,0.12,11.54,0.74,0.19,0.09,0.25,6186814,0,0,0,0,0,0,0,0,0,5.014,1.01,0.21,0.31,0.53,2.68,28.51,0.35,0,26.95,0.36,2.65112,-0.14,0.04,0.12,0.05,11.45,0.81,1.87,0.04,0.14,2499922,1,0,0,4.639,1.17,0.21,0.31,0.51,3.45,27.97,0.35,0.03,28.99,0.57,2.62003,-0.15,0.05,0.11,0.05,11.43,0.84,1.98,0.05,0.13,2922375,1,0,0.504188273,0.247524752,9.094339623,-0.01119403,-0.337236534,0.309014381,0.085714286,8,2.014471243,-0.027777778,0.082183002,-2.5,1.25,0.583333333,1.4,0.007860262,-0.086419753,-0.898395722,1.25,0.785714286,1.474802814,0,0
0,2009,7.518,1.23,0.06,0.33,1.59,2.1,39.29,0.38,0.05,6.99,0.59,6.11465,0.08,-0.04,0.12,-0.06,11.76,0.72,0.63,0.02,0.17,-3907369,0,0,0,0,0,0,1,0,0,6.594,1.36,0.06,0.33,2.2,0.89,44.23,0.38,0.09,5.88,0.63,6.767603,0.2,-0.13,0.24,-0.23,11.45,0.56,0.45,-0.06,0.42,-8243890,0,1,0,6.666,1.21,0.06,0.33,2.33,0.63,44.02,0.4,0.07,14.92,0.66,6.934734,0.2,-0.01,0.17,-0.03,11.53,0.48,0.43,0,0.36,-903152,0,0,0.140127389,-0.095588235,-0.277272727,1.359550562,1.047244094,-0.111688899,0,-0.444444444,0.18877551,-0.063492063,-0.096482167,-0.6,-0.692307692,-0.5,-0.739130435,0.027074236,0.285714286,0.4,-1.333333333,-0.595238095,-0.526028489,0,0
0,2017,3.537,0.9,0.03,0.31,-13.1,0.02,42.2,0.32,-0.01,0,0.59,8.558192,-4.26,0.04,0.72,0.13,10.63,0.31,-0.08,0.04,2.28,1135870,1,0,0,0,0,0,0,0,0,4.738,1.05,0.03,0.31,-19.89,0.05,40.52,0.32,0,0,0.58,8.531951,-5.03,0.15,0.94,0.55,10.53,0.28,-0.05,0.15,3.35,3953734,1,0,0,1.266,0.65,0.03,0.31,-8.36,0.03,44.15,0.32,-0.02,0,0.63,7.785138,-4.69,-0.08,0.57,-0.16,10.68,0.51,-0.12,-0.08,1.11,-2431886,1,1,-0.253482482,-0.142857143,-0.341377577,-0.6,0.179487179,0.041461007,0,-1,0,0.017241379,0.003075615,-0.153081511,-0.733333333,-0.234042553,-0.763636364,0.009496676,0.107142857,0.6,-0.733333333,-0.319402985,-0.712709555,0,0
0,2013,7.465,1.01,0.03,0.21,2.61,0.01,65.05,0.4,0.01,25.08,0.35,4.884935,0.18,0.02,0.09,0.13,11.86,0.12,0.38,0.02,0.76,1588504,0,0,1,0,0,0,0,0,1,8.084,1.04,0.03,0.21,2.27,0.01,52.83,0.39,0.03,48.05,0.39,5.204947,0.17,0.03,0.12,0.22,11.87,0.15,0.44,0.05,0.79,3281242,0,0,1,8.525,1.03,0.03,0.21,2.37,0.01,53.32,0.38,0.03,41.92,0.39,5.137288,0.16,-0.01,0.11,-0.04,11.81,0.13,0.42,0.03,0.86,-522570,0,0,-0.076571004,-0.028846154,0.149779736,0,-0.176470588,0.231307969,0.025641026,-0.666666667,-0.478043704,-0.102564103,-0.061482278,0.058823529,-0.333333333,-0.25,-0.409090909,-0.00084246,-0.2,-0.136363636,-0.6,-0.037974684,-0.515883315,0,0
0,2016,4.448,2.72,0.06,0.3,3.08,0.11,46.99,0.19,0.37,33.79,0.37,1.032664,0.46,0.06,1.29,0.2,10.76,0.3,0.32,1.23,4.34,1909179,0,0,0,0,1,0,0,0,0,4.435,2.82,0.06,0.3,3.05,0.13,36.98,0.18,0.36,27.87,0.35,1.026939,0.41,0.14,1.39,0.48,10.67,0.29,0.33,1.3,4.74,4210312,0,0,0,4.417,3.11,0.06,0.3,1.64,0.17,32.12,0.18,0.36,30.71,0.35,1.040028,0.21,0.08,1.3,0.18,10.67,0.43,0.61,1.21,2.98,2290363,0,0,0.002931229,-0.035460993,0.009836066,-0.153846154,0.024390244,0.270686858,0.055555556,0.027777778,0.212414783,0.057142857,0.00557482,0.12195122,-0.571428571,-0.071942446,-0.583333333,0.008434864,0.034482759,-0.03030303,-0.053846154,-0.084388186,-0.546546907,0,0
0,2010,4.473,2.53,0.06,0.3,1.92,0.89,52.67,0.17,0.21,19.6,0.16,0.435583,0.28,0.17,0.66,0.26,9.86,0.63,0.52,0.46,1.04,2243318,0,0,0,0,1,0,0,0,0,4.475,3.54,0.06,0.3,1.37,1.25,50.9,0.16,0.2,10.46,0.12,0.302711,0.17,0.2,0.77,0.27,9.65,0.75,0.73,0.54,1.03,2198443,0,0,0,4.492,12.27,0.06,0.3,1.14,11.24,46.71,0.18,0.16,15.7,0.11,0.260553,0.07,0.1,0.69,0.11,9.67,0.96,0.88,0.37,0.72,1128997,0,0,-0.000446927,-0.285310734,0.401459854,-0.288,-0.434640523,0.034774067,0.0625,0.05,0.873804971,0.333333333,0.438940111,0.647058824,-0.15,-0.142857143,-0.037037037,0.021761658,-0.16,-0.287671233,-0.148148148,0.009708738,0.020412174,0,0
0,2013,2.85,1.12,0.01,0.35,0.33,-1.18,23.4,0.57,-0.07,46.54,0.78,4.304222,-0.58,-0.55,0,-0.31,11.32,1.79,3.06,-0.16,0,-31533579,1,1,0,0,0,0,0,1,0,1.533,1.76,0.01,0.35,0.49,-2.62,23.15,0.59,-0.12,19,0.39,4.854897,-0.29,-0.22,-0.09,-0.18,11.23,1.27,2.03,-0.12,-0.07,-11639984,1,1,1,2.359,5.39,0.01,0.35,0.57,-17.33,37.54,0.6,-0.12,12.1,0.43,5.230647,-0.18,-0.22,-0.06,-0.21,11.45,1.04,1.77,-0.04,-0.06,-14387460,1,1,0.859099804,-0.363636364,-0.326530612,-0.549618321,-0.524210526,0.010799136,-0.033898305,-0.416666667,1.449473684,1,-0.113426711,1,1.5,-1,0.722222222,0.008014248,0.409448819,0.507389163,0.333333333,-1,1.709074085,0,0
0,2013,1.48,0.84,0.03,0.32,1.07,0.56,56.8,0.59,-0.08,-5.2,0.73,14.477263,0.01,0,-0.01,0.01,12.83,0.49,0.94,-0.02,-0.01,1280457,0,1,0,0,0,1,0,0,0,3.307,0.93,0.03,0.32,1.31,0.6,58.79,0.56,-0.04,-0.19,0.83,15.644144,0.07,0.06,0.04,0.13,12.87,0.51,0.76,0.02,0.07,17431144,0,0,0,3.644,0.94,0.03,0.32,1.38,0.73,55.15,0.55,-0.03,-3.43,0.81,15.484793,0.07,-0.02,0.05,-0.04,12.76,0.53,0.73,0.01,0.1,-5584016,0,0,-0.552464469,-0.096774194,-0.183206107,-0.066666667,-0.085714286,-0.033849294,0.053571429,1,26.36842105,-0.120481928,-0.074588996,-0.857142857,-1,-1.25,-0.923076923,-0.003108003,-0.039215686,0.236842105,-2,-1.142857143,-0.926541999,0,0
0,2020,4.553,1.29,0.01,0.41,2.18,0.15,34.52,0.42,0.16,0.02,0.38,1.496198,0.09,-0.2,0.35,-1.04,11.2,0.2,0.46,0.31,1.79,-10403085,0,0,0,0,0,0,0,0,1,4.534,1.31,0.01,0.41,2.3,0.03,44.14,0.42,0.22,0.02,0.43,1.596824,0.1,-0.07,0.38,-0.73,11.31,0.1,0.43,-0.08,3.75,-4280561,0,1,1,4.499,1.33,0.01,0.41,3.1,0.01,52.89,0.42,0.33,0.03,0.39,1.284494,0.1,0,0.41,0,11.34,0.05,0.32,0.34,7.44,0,0,0,0.00419056,-0.015267176,-0.052173913,4,1.181818182,-0.217942909,0,-0.272727273,0,-0.11627907,-0.063016337,-0.1,1.857142857,-0.078947368,0.424657534,-0.009725906,1,0.069767442,-4.875,-0.522666667,1.430308784,0,0
0,2018,7.313,1.04,0.03,0.3,3.82,4.38,40.35,0.6,0.01,118.96,0.76,29.641222,0.2,9.61e-05,0.04,0,14.69,0.83,0.26,0.01,0.05,161076,0,0,1,0,0,0,0,0,0,2.299,0.88,0.03,0.3,2.84,3.97,44.69,0.6,-0.04,104.34,0.78,29.077077,0.17,-0.01,0.01,-0.01,14.64,0.82,0.35,-0.01,0.02,-9200437,0,1,0,4.888,1.03,0.03,0.3,3.54,3.67,46.02,0.59,0.01,102.11,0.74,28.534162,0.18,0.01,0.04,0.02,14.58,0.8,0.28,0.01,0.06,21355990,0,0,2.180948238,0.181818182,0.345070423,0.103274559,0.071588367,-0.097113448,0,-1.25,0.140118842,-0.025641026,0.019401709,0.176470588,-1.00961,3,-1,0.003415301,0.012195122,-0.257142857,-2,1.5,-1.017507429,0,0
0,2017,0.159,0.66,0.02,0.25,8.53,0.87,66.66,0.44,-0.14,4.49,0.75,8.115231,0.46,0.11,-0.11,0.22,12.49,0.5,0.12,-0.14,-0.22,20319914,0,1,0,0,0,0,0,0,0,4.513,1.4,0.02,0.25,5.67,1.16,48.51,0.44,0.13,5.85,0.66,7.794866,0.37,0.02,0.24,0.03,12.4,0.57,0.18,-0.17,0.42,3301081,0,1,0,0.104,0.49,0.02,0.25,4.38,1.17,49.51,0.39,-0.16,5.11,0.72,7.159036,0.37,0.31,-0.14,0.52,12.4,0.59,0.23,-0.13,-0.24,52115300,0,1,-0.964768447,-0.528571429,0.504409171,-0.25,-0.253731343,0.37414966,0,-2.076923077,-0.232478632,0.136363636,0.041099488,0.243243243,4.5,-1.458333333,6.333333333,0.007258065,-0.122807018,-0.333333333,-0.176470588,-1.523809524,5.155533293,0,0
0,2021,4.501,4.17,0.02,0.36,-0.92,0.71,14.96,0.16,0.48,2.55,0.61,3.64453,1.66,-1.98,3.72,-4832790200,10.46,-0.09,-1.08,0.68,9082155200,-48327902,0,0,1,0,0,0,0,0,0,2.35,0.75,0.02,0.36,4.11,0.59,38.64,0.36,-0.29,292.38,0.49,3.29535,0.76,0.09,-0.09,0.16,12.33,0.53,0.24,0.09,-0.17,13574248,0,0,0,1.361,0.93,0.02,0.36,3.18,0.69,64.68,0.31,-0.07,196.17,0.43,3.053612,0.47,0.05,0,0.1,12.15,0.54,0.31,0.05,0,7007090,0,0,0.915319149,4.56,-1.223844282,0.203389831,-1.072072072,-0.612836439,-0.555555556,-2.655172414,-0.991278473,0.244897959,0.105961431,1.184210526,-23,-42.33333333,-30204938751,-0.151662612,-1.169811321,-5.5,6.555555556,-53424442354,-4.56026367,0,0
0,2019,4.494,1.6,0.06,0.3,4.22,0.14,39.44,0.42,0.27,109.51,0.27,0.539384,0.43,0.08,0.5,0.32,10.23,0.24,0.24,0.46,2.12,1454209,0,0,0,0,1,0,0,0,0,4.558,1.54,0.06,0.3,10.45,0.22,60.64,0.42,0.25,51.83,0.19,0.414327,0.41,0.25,0.47,1.17,10.09,0.22,0.1,0.42,2.18,4255425,0,0,0,4.513,1.65,0.06,0.3,2.33,0.2,48.28,0.42,0.25,46.58,0.03,0.323413,0.24,-0.1,0.51,-0.32,9.84,0.32,0.43,0.46,1.6,-1337512,0,0,-0.014041246,0.038961039,-0.596172249,-0.363636364,0.107142857,-0.349604222,0,0.08,1.112868995,0.421052632,0.301831645,0.048780488,-0.68,0.063829787,-0.726495726,0.013875124,0.090909091,1.4,0.095238095,-0.027522936,-0.658269386,0,0
0,2019,4.832,1.16,0.01,0.17,1.32,0.32,139.54,0.34,0.03,7.6,0.11,0.692908,0.19,0.05,0.11,0.09,10.39,0.59,0.76,0.13,0.18,1145579,0,0,0,0,1,0,0,0,0,5.435,1.12,0.01,0.17,1.41,0.32,160.89,0.38,0.03,2.29,0.07,0.561952,0.24,0.28,0.06,0.48,10.22,0.58,0.71,0.11,0.11,5287806,0,0,0,7.908,1.7,0.01,0.17,0.89,0.32,150.45,0.39,0.06,4.9,0.05,0.534233,-0.1,0.07,0.19,0.08,10.13,0.84,1.13,0.15,0.22,1170418,1,0,-0.110947562,0.035714286,-0.063829787,0,0.066176471,-0.13269936,-0.105263158,0,2.318777293,0.571428571,0.233037697,-0.208333333,-0.821428571,0.833333333,-0.8125,0.016634051,0.017241379,0.070422535,0.181818182,0.636363636,-0.783354571,0,0
0,2020,0.105,0.65,0,0.24,0.44,0.62,62.49,0.67,-0.74,11.69,0.42,2.586859,-0.12,-0.02,-0.16,-0.03,13.02,0.52,2.28,-0.05,-0.3,-5385581,0,1,0,0,0,0,0,1,0,0.14,0.78,0,0.24,0.58,0.6,63.44,0.51,-0.37,5.35,0.28,1.809903,-0.08,-0.08,-0.11,-0.17,13.02,0.5,1.73,-0.02,-0.22,-25980124,0,1,1,0.133,0.76,0,0.24,0.93,0.5,61.39,0.59,-0.52,3.44,0.23,1.616218,-0.01,-0.07,-0.14,-0.17,12.97,0.39,1.07,-0.06,-0.36,-19945099,0,1,-0.25,-0.166666667,-0.24137931,0.033333333,0.080808081,-0.014974779,0.31372549,1,1.185046729,0.5,0.429280464,0.5,-0.75,0.454545455,-0.823529412,0,0.04,0.317919075,1.5,0.363636364,-0.792703799,0,0
0,2015,7.543,1.03,0.05,0.27,0.77,0.66,251.71,0.39,0.13,119.12,0.66,20.807264,-0.04,-0.01,0.02,-0.02,16.17,0.5,1.29,0.01,0.04,-63335000,1,0,0,0,0,0,0,1,0,7.535,1.03,0.05,0.27,0.8,0.63,246.18,0.38,0.13,135.25,0.64,20.695381,-0.03,0.02,0.02,0.05,16.16,0.48,1.26,0.01,0.04,179730000,1,0,1,7.547,1.02,0.05,0.27,0.99,0.57,234.25,0.39,0.12,282.34,0.63,21.432135,0,0.07,0.02,0.15,16.08,0.47,1.01,0.01,0.04,465740000,1,0,0.001061712,0,-0.0375,0.047619048,0.053191489,0.022463238,0.026315789,0,-0.119260628,0.03125,0.005406182,0.333333333,-1.5,0,-1.4,0.000618812,0.041666667,0.023809524,0,0,-1.352389696,0,0
0,2013,5.844,1.14,0.1,0.44,0.81,0.43,36.22,0.39,0.04,0.01,0.54,12.383512,-0.05,0.23,0.15,0.45,11.99,0.5,1.23,0.18,0.3,25695163,1,0,0,0,1,0,0,1,0,4.479,1.72,0.1,0.44,0.91,1.47,34.55,0.39,0.11,0.01,0.55,12.087793,-0.02,0.44,0.31,0.64,11.86,0.69,1.1,0.25,0.45,43748531,1,0,1,4.563,0.28,0.1,0.44,0.42,-4.24,34.71,0.43,0.06,0.03,0.55,11.54455,-0.3,-1.03,0.19,-0.89,11.78,1.15,2.37,0.15,0.16,-93119514,1,0,0.304755526,-0.337209302,-0.10989011,-0.707482993,-0.555066079,0.048335745,0,-0.636363636,0,-0.018181818,0.024464267,1.5,-0.477272727,-0.516129032,-0.296875,0.010961214,-0.275362319,0.118181818,-0.28,-0.333333333,-0.412662267,0,0
0,2015,4.049,0.8,0.13,0.24,2.55,1.81,70.24,0.3,-0.07,0,0.8,12.740299,0.15,0,0.03,0,13.3,0.68,0.39,-0.04,0.05,131789,0,1,0,0,0,1,0,0,0,2.885,0.69,0.13,0.24,2.53,1.82,70.02,0.31,-0.12,0,0.75,11.820417,0.13,-0.02,0,-0.03,13.29,0.68,0.4,-0.07,0,-7036766,0,1,0,3.28,0.78,0.13,0.24,2.58,1.73,69.8,0.32,-0.09,0,0.72,11.469459,0.13,0.02,0.02,0.03,13.3,0.66,0.39,-0.05,0.04,8973151,0,1,0.403466205,0.15942029,0.007905138,-0.005494505,0.004784689,0.003141959,-0.032258065,-0.416666667,0,0.066666667,0.077821451,0.153846154,-1,3,-1,0.000752445,0,-0.025,-0.428571429,5,-1.018728632,0,0
0,2017,3.054,0.99,0.04,0.34,1.5,0.01,37.35,0.37,-0.01,23.73,0.59,8.706138,0.05,0.34,0.06,2.89,13.14,0.12,0.66,0.1,0.47,121707139,0,0,0,0,0,0,0,1,0,2.727,0.98,0.04,0.34,1.65,1.47,42.22,0.38,-0.01,53,0.57,8.452894,0.06,0.04,0.05,0.07,13.53,0.63,0.61,0.06,0.07,21542740,0,0,1,4.288,0.93,0.04,0.34,1.36,1.12,35.2,0.39,-0.04,41.68,0.57,8.568353,0.04,0.05,0.04,0.08,13.28,0.58,0.74,0.06,0.06,19252516,0,0,0.119911991,0.010204082,-0.090909091,-0.993197279,-0.924418605,-0.115348176,-0.026315789,0,-0.552264151,0.035087719,0.029959443,-0.166666667,7.5,0.2,40.28571429,-0.028824834,-0.80952381,0.081967213,0.666666667,5.714285714,4.64956635,0,0
0,2016,5.844,1.45,0.09,0.3,3.61,0.4,58.63,0.3,0.15,0.04,0.63,17.167433,0.29,0.21,0.36,0.58,12.69,0.37,0.28,0.34,0.98,47760392,0,0,0,0,1,1,0,0,0,4.589,1.9,0.09,0.3,3.25,0.94,51.91,0.29,0.21,0.03,0.61,16.737139,0.26,-2.21,0.48,-4.06,12.62,0.54,0.31,0.49,0.89,-465797076,0,0,0,5.864,1.1,0.09,0.3,2.86,-0.71,46.55,0.32,0.16,0.03,0.57,14.955745,0.23,0.25,0.39,4545074600,12.48,-2.06,0.35,0.41,7103839400,45450746,0,0,0.273480061,-0.236842105,0.110769231,-0.574468085,-0.512605042,0.129454826,0.034482759,-0.285714286,0.333333333,0.032786885,0.025708934,0.115384615,-1.095022624,-0.25,-1.142857143,0.005546751,-0.314814815,-0.096774194,-0.306122449,0.101123596,-1.102534761,0,1
0,2009,1.538,1.07,0.09,0.32,0.42,-0.23,53.6,0.39,-0.05,0.02,0.4,2.198195,-625788900,-30934500,240752100,-0.02,-11.15,1488314500,2.41,-30934500,0.16,-309345,0,1,1,0,0,0,0,0,1,0.07,1.29,0.09,0.32,3.07,-0.24,60.36,0.5,-0.24,0,0.42,2.108593,301530500,-829616800,-180990500,-1.47,-11.15,563177500,0.33,-424652700,-0.32,-8296168,0,1,1,4.871,1,0.09,0.32,3.36,-2.68,81.45,0.39,0,-0.32,0.4,1.749192,0.23,0,0.15,0,10.13,1.54,0.3,0.05,0.1,0,0,0,20.97142857,-0.170542636,-0.863192182,-0.041666667,1.59375,-0.111994698,-0.22,-0.791666667,2,-0.047619048,0.042493739,-3.075375128,-0.962712303,-2.330191916,-0.986394558,0,1.642709448,6.303030303,-0.927153413,-1.5,-0.962712303,0,0
0,2019,4.446,1.1,0.05,0.34,3.97,0.01,40.94,0.23,0.21,899.13,0.66,7.896883,0.57,0.11,0.1,0.54,13.63,0.2,0.25,0.11,0.5,62914851,0,0,0,0,0,0,0,0,1,4.453,1.12,0.05,0.34,3.86,0.01,49.69,0.23,0.22,880.85,0.64,7.604904,0.6,0.11,0.11,0.52,13.51,0.22,0.26,0.11,0.51,58291413,0,0,1,4.455,1.14,0.05,0.34,3.34,0.01,53,0.24,0.23,813.21,0.61,7.674615,0.56,0.11,0.12,0.45,13.39,0.25,0.3,0.11,0.49,51194962,0,0,-0.001571974,-0.017857143,0.028497409,0,-0.107142857,-0.176091769,0,-0.045454545,0.020752682,0.03125,0.038393516,-0.05,0,-0.090909091,0.038461538,0.008882309,-0.090909091,-0.038461538,0,-0.019607843,0.079315936,0,0
0,2020,2.091,1,0.06,0.3,2.91,0.03,61.4,0.47,0,4.39,0.44,2.76236,0.43,0.37,0.03,1.48,12.15,0.25,0.34,0.01,0.12,48637990,0,0,0,0,1,0,0,1,0,4.598,1.2,0.06,0.3,5.73,1.05,65.2,0.39,0.12,15.21,0.34,2.669132,0.5,-0.12,0.13,-0.21,12.03,0.56,0.17,0.09,0.22,-14039564,0,0,1,8.354,1.14,0.06,0.3,10.23,0.82,56.17,0.35,0.1,12.21,0.37,2.557435,0.57,0.14,0.13,0.29,12.1,0.48,0.1,0.07,0.26,17543441,0,0,-0.54523706,-0.166666667,-0.492146597,-0.971428571,-0.744186047,-0.058282209,0.205128205,-1,-0.711374096,0.294117647,0.034928209,-0.14,-4.083333333,-0.769230769,-8.047619048,0.009975062,-0.553571429,1,-0.888888889,-0.454545455,-4.464351884,0,0
0,2014,5.792,1.16,0.06,0.3,1.65,-0.74,22.6,0.42,0.04,0.01,0.95,4.0193,0.25,0.37,0.44,94043200,8.19,-1.34,0.61,0.37,110795900,940432,0,0,0,0,1,0,0,0,0,6.646,1.11,0.06,0.3,1.12,-0.84,26.84,0.42,0.02,0.02,0.95,4.0023,0.07,0.32,0.42,56845900,7.84,-1.8,0.89,0.32,74048400,568459,0,0,0,0.128,0.78,0.06,0.3,1.04,-0.78,14.88,0.42,-0.04,0.04,0.94,3.9813,0.02,-0.48,-0.31,-91820500,7.93,-1.26,0.96,-0.48,-60449900,-918205,0,1,-0.128498345,0.045045045,0.473214286,-0.119047619,-0.109375,-0.157973174,0,1,-0.5,0,0.004247558,2.571428571,0.15625,0.047619048,0.65435326,0.044642857,-0.255555556,-0.314606742,0.15625,0.496263255,0.65435326,1,1
0,2016,5.857,1.07,0.03,0.33,2.22,0.92,37.5,0.58,0.04,81.12,0.55,8.431151,0.16,0.07,0.07,0.12,13.02,0.55,0.45,0.05,0.13,21138283,0,0,0,0,0,0,0,1,0,5.85,1.07,0.03,0.33,1.98,1.09,34.58,0.55,0.04,80.83,0.58,8.948526,0.15,0.03,0.07,0.06,12.98,0.6,0.51,0.04,0.12,9887674,0,0,1,7.147,1.06,0.03,0.33,1.71,1.19,44.24,0.54,0.03,66.22,0.52,8.905272,0.13,0.04,0.07,0.07,12.97,0.63,0.59,0.04,0.11,12739662,0,0,0.001196581,0,0.121212121,-0.155963303,-0.189189189,0.084441874,0.054545455,0,0.003587777,-0.051724138,-0.057816785,0.066666667,1.333333333,0,1,0.003081664,-0.083333333,-0.117647059,0.25,0.083333333,1.137841822,0,0
0,2021,4.653,1.25,0.08,0.31,1.44,3.19,59.37,0.43,0.06,6.4,0.31,7.556485,0.06,0.18,0.11,0.23,12.76,0.79,0.69,0.16,0.14,44827945,0,0,1,0,0,0,1,0,0,1.136,0.88,0.08,0.31,1.15,31.08,49.53,0.47,0,5.12,0.3,7.312968,0.02,0.06,0.06,0.07,12.62,0.97,0.87,0.11,0.07,13550512,0,0,0,7.136,-2.2,0.08,0.31,3.03,-23.81,55.2,0.42,0.12,7.73,0.29,8.139693,0.14,-0.36,0.21,-0.35,12.54,1.04,0.33,0.17,0.2,-69697310,0,0,3.095950704,0.420454545,0.252173913,-0.897361647,-0.895054945,0.198667474,-0.085106383,6,0.25,0.033333333,0.033299339,2,2,0.833333333,2.285714286,0.011093502,-0.18556701,-0.206896552,0.454545455,1,2.30821042,0,0
0,2009,3.248,0.95,0.06,0.56,2.38,0.05,49.13,0.48,-0.06,43.4,0.46,2.339737,0.13,0.04,0.02,0.3,11.49,0.14,0.42,0.04,0.13,2724375,0,0,1,0,0,0,0,0,1,0.758,1,0.06,0.56,2.97,0.06,53.04,0.45,0,90.51,0.47,2.305058,0.21,0.07,0.06,0.43,11.47,0.16,0.34,0.06,0.4,4487405,0,0,1,0.599,0.98,0.06,0.56,2.83,0.11,59.36,0.46,-0.03,69.91,0.46,2.209707,0.18,0,0.01,0,11.42,0.18,0.35,0.04,0.08,0,0,0,3.284960422,-0.05,-0.198653199,-0.166666667,-0.157894737,-0.073717949,0.066666667,-6,-0.520494973,-0.021276596,0.015044741,-0.380952381,-0.428571429,-0.666666667,-0.302325581,0.001743679,-0.125,0.235294118,-0.333333333,-0.675,-0.392884083,0,0
0,2011,2.336,0.71,0.08,0.3,1.44,1.43,46.28,0.64,-0.11,25.37,0.39,1.719427,0.06,0.03,-0.03,0.04,10.34,0.64,0.7,-0.02,-0.04,593287,1,1,1,0,0,0,0,0,1,3.643,0.83,0.08,0.3,1.14,1.55,38.83,0.45,-0.05,26.23,0.41,1.645339,0.03,0.01,0.03,0.01,10.38,0.68,0.88,0.02,0.04,207809,1,0,1,3.851,0.83,0.08,0.3,1.13,1.69,50.31,0.48,-0.06,39.56,0.46,1.776795,0.03,0,0.03,0.01,10.44,0.71,0.88,0,0.04,110787,1,0,-0.358770244,-0.144578313,0.263157895,-0.077419355,-0.168224299,0.191861962,0.422222222,1.2,-0.032786885,-0.048780488,0.045029018,1,2,-2,3,-0.003853565,-0.058823529,-0.204545455,-2,-2,1.854962971,0,0
0,2021,3.938,0.98,0.12,0.43,2.85,0.55,68.17,0.46,-0.01,24.1,0.57,3.393206,0.38,0.15,0.03,0.31,11.18,0.49,0.35,0.11,0.06,7413991,0,0,0,1,0,0,0,1,0,0.824,0.88,0.12,0.43,1.52,0.75,54.7,0.47,-0.03,35.61,0.53,3.111247,0.19,-0.03,0,-0.04,11.17,0.63,0.66,0.1,0,-1355249,0,0,1,4.091,0.81,0.12,0.43,2.22,0.68,48.28,0.46,-0.04,11.11,0.5,3.206968,0.25,0.01,-0.03,0.01,10.99,0.53,0.45,-0.06,-0.07,215972,0,1,3.779126214,0.113636364,0.875,-0.266666667,-0.447674419,0.246252285,-0.021276596,-0.666666667,-0.323223814,0.075471698,0.09062572,1,-6,3,-8.75,0.000895255,-0.222222222,-0.46969697,0.1,6,-6.47057478,0,0
0,2017,1.839,0.97,0.08,0.32,2.12,1.03,44.14,0.32,-0.02,5.28,0.71,41.055833,0.09,0.05,0.02,0.09,14.67,0.55,0.47,0.04,0.04,81591311,0,0,0,0,0,0,0,1,0,4.52,1.65,0.08,0.32,2.12,1.31,36.7,0.24,0.24,-1.1,0.68,38.509121,0.08,-0.1,0.3,-0.17,14.68,0.6,0.47,0.21,0.5,-168266510,0,0,1,0.434,0.94,0.08,0.32,1.89,0.83,57.19,0.32,-0.04,0.65,0.68,38.163218,0.07,-0.01,0.01,-0.01,14.68,0.5,0.53,0.02,0.01,-10830139,0,0,-0.593141593,-0.412121212,0,-0.213740458,-0.194630872,0.202724796,0.333333333,-1.083333333,-5.8,0.044117647,0.066132696,0.125,-1.5,-0.933333333,-1.529411765,-0.000681199,-0.083333333,0,-0.80952381,-0.92,-1.484893346,0,0
0,2013,1.509,0.82,0.03,0.26,1.88,0.94,53.66,0.56,-0.08,13.47,0.51,6.222605,0.15,0.07,-0.02,0.12,12.29,0.57,0.53,0.31,-0.03,10015000,0,0,0,0,0,0,0,0,1,2.846,0.9,0.03,0.26,1.97,1.09,53.03,0.55,-0.03,42.94,0.53,6.56789,0.18,-0.06,0.04,-0.09,12.21,0.61,0.51,0.08,0.07,-8065110,0,0,1,0.82,0.94,0.03,0.26,2.19,0.71,42.68,0.52,-0.02,37.75,0.55,6.720613,0.2,0.09,0.05,0.18,12.12,0.51,0.46,0.08,0.09,11571689,0,0,-0.46978215,-0.088888889,-0.045685279,-0.137614679,-0.152866242,0.011880068,0.018181818,1.666666667,-0.686306474,-0.037735849,-0.052571678,-0.166666667,-2.166666667,-1.5,-2.333333333,0.006552007,-0.06557377,0.039215686,2.875,-1.428571429,-2.241768556,0,0
0,2009,6.652,1.06,0.04,0.28,0.85,0.77,47.93,0.34,0.05,27.39,0.67,18.998599,-0.02,0.12,0.07,0.23,13.48,0.52,1.18,0.13,0.13,60311862,1,0,0,0,0,0,0,0,1,1.18,0.98,0.04,0.28,0.45,0.78,53.58,0.34,-0.01,17.77,0.7,19.686723,-0.17,-0.06,0.04,-0.1,13.38,0.61,2.25,-0.05,0.06,-27904365,1,1,1,8.353,1.03,0.04,0.28,4.68,0.86,61.61,0.34,0.02,35.71,0.7,19.137484,0.15,-0.13,0.07,-0.28,13.25,0.48,0.21,0.1,0.14,-53451323,0,0,4.637288136,0.081632653,0.888888889,-0.012820513,-0.296774194,-0.105449795,0,-6,0.541361846,-0.042857143,-0.03495371,-0.882352941,-3,0.75,-3.3,0.007473842,-0.147540984,-0.475555556,-3.6,1.166666667,-3.161377333,0,0
0,2021,1.468,1.13,0.08,0.2,1.46,-0.42,39.1,0.44,-0.08,3.68,0.8,10.486597,-20695121500,-24019882600,-2043670100,-24019882600,-11.15,-36191377700,0.68,-2217599200,-2043670100,-240198826,1,1,0,0,0,0,0,1,0,2.825,0.65,0.08,0.2,2.35,1.91,62.2,0.46,-0.05,3.92,0.55,9.059493,0.23,-0.32,-0.06,-0.45,12.12,0.71,0.43,-0.04,-0.09,-40790646,0,1,1,8.306,1.07,0.08,0.2,1.65,0.31,51.64,0.42,0.02,0,0.57,10.045131,0.13,-0.07,0.07,-0.19,12.12,0.39,0.61,0.06,0.18,-9460364,0,0,-0.480353982,0.738461538,-0.378723404,-1.219895288,-0.290836653,-0.371382637,-0.043478261,0.6,-0.06122449,0.454545455,0.157525813,-89978789131,75062133124,34061168332,53377516888,-1.919966997,-50973771409,0.581395349,55439979999,22707445555,4.88857617,0,0
0,2019,6.581,1.12,0.03,0.45,1.45,1.22,56.7,0.5,0.07,52.8,0.79,9.66602,0.07,0.05,0.09,0.07,13.01,0.62,0.69,0.05,0.14,14039417,0,0,0,0,0,0,1,0,0,5.802,1.16,0.03,0.45,1.37,1.42,48.67,0.52,0.08,55.73,0.63,8.499151,0.06,0.07,0.1,0.11,12.97,0.66,0.73,0.07,0.15,21247041,0,0,0,7.576,1.07,0.03,0.45,1.42,1.86,41.1,0.53,0.03,57.99,0.79,9.06896,0.06,0.05,0.07,0.07,12.9,0.7,0.71,0,0.1,13150739,0,0,0.134264047,-0.034482759,0.058394161,-0.14084507,-0.136842105,0.164988699,-0.038461538,-0.125,-0.052574915,0.253968254,0.137292419,0.166666667,-0.285714286,-0.1,-0.363636364,0.00308404,-0.060606061,-0.054794521,-0.285714286,-0.066666667,-0.339229543,0,0
0,2014,0.043,5.42,0.06,0.3,1.71,-2.01,82.84,0.56,-0.63,8.25,0.19,1.353233,0.39,-1.03,-1.72,-0.71,9.1,1.45,0.58,-1.37,-1.19,-6439626,0,1,0,1,1,0,0,0,0,0.094,-0.82,0.06,0.3,1.62,1.73,73.53,0.5,-0.32,25.29,0.22,1.421626,0.19,0.04,-0.39,0.05,9.92,0.75,0.62,-0.03,-0.52,513468,0,1,0,0.061,-1.06,0.06,0.3,3.56,2.1,37.59,0.5,-0.28,55.87,0.27,1.419848,0.46,0.01,-0.44,0.02,9.73,0.74,0.28,-0.23,-0.6,165774,0,1,-0.542553191,-7.609756098,0.055555556,-2.161849711,-2.102739726,0.126614987,0.12,0.96875,-0.673784104,-0.136363636,-0.048108996,1.052631579,-26.75,3.41025641,-15.2,-0.08266129,0.933333333,-0.064516129,44.66666667,1.288461538,-13.54143588,0,0
0,2012,2.296,0.95,0.08,0.4,0.75,0.55,58.79,0.41,-0.06,27.97,0.62,39.482871,-0.04,0.06,0.01,0.13,15.17,0.45,1.34,0.06,0.03,156260015,1,0,0,0,0,0,0,0,1,2.849,0.97,0.08,0.4,0.71,0.61,49.82,0.4,-0.04,32.3,0.67,38.462507,-0.04,-0.01,0.02,-0.03,15.1,0.47,1.41,0.02,0.05,-36850766,1,0,1,4.272,0.99,0.08,0.4,0.76,0.57,53.28,0.39,-0.02,41.16,0.7,36.821313,-0.05,0.1,0.03,0.22,15.14,0.48,1.32,0.03,0.06,271863589,1,0,-0.194103194,-0.020618557,0.056338028,-0.098360656,-0.077777778,0.180048173,0.025,0.5,-0.134055728,-0.074626866,0.026528796,0,-7,-0.5,-5.333333333,0.004635762,-0.042553191,-0.04964539,2,-0.4,-5.240346456,0,0
0,2013,4.561,1.58,0.01,0.38,2.66,0.09,50.08,0.27,0.19,15.73,0.61,0.776256,0.31,0.08,0.52,0.32,10.33,0.25,0.38,0.54,2.08,1693618,0,0,0,0,1,0,0,0,0,4.553,1.61,0.01,0.38,2.17,0.05,50.64,0.28,0.19,8.2,0.6,0.772861,0.25,0,0.54,-0.02,10.22,0.25,0.46,0.54,2.15,-90943,0,0,0,4.501,1.75,0.01,0.38,2.68,0.07,43.51,0.26,0.23,23.27,0.61,0.731363,0.31,0.02,0.65,0.07,10.21,0.24,0.37,0.59,2.75,330130,0,0,0.001757083,-0.01863354,0.225806452,0.8,0,-0.011058452,-0.035714286,0,0.918292683,0.016666667,0.004392769,0.24,8,-0.037037037,-17,0.010763209,0,-0.173913043,0,-0.03255814,-19.62285168,0,0
0,2021,0.262,0.15,0.28,0.25,1.09,0.18,26.85,0.41,-0.07,115.87,0.32,1.670207,0.07,-0.56,-0.11,-0.65,10.81,0.85,0.92,0.1,-0.13,-19086184,0,0,0,0,1,0,0,0,1,3.404,0.96,0.28,0.25,1.91,0.02,25.14,0.38,-0.01,196.52,0.34,1.956708,0.45,0.06,-0.01,0.12,11.17,0.51,0.52,0.17,-0.02,3093932,0,0,1,8.515,1.27,0.28,0.25,1.86,0.04,29.25,0.35,0.08,185.94,0.38,2.189805,0.44,-0.16,0.14,-0.31,11.07,0.52,0.54,0.14,0.27,-7345517,0,0,-0.923031727,-0.84375,-0.429319372,8,4.413461538,0.068019093,0.078947368,6,-0.4103908,-0.058823529,-0.146419905,-0.844444444,-10.33333333,10,-6.416666667,-0.032229185,0.666666667,0.769230769,-0.411764706,5.5,-7.16890869,0,0
0,2014,3.044,1,0.02,0.28,1.98,0.5,47.69,0.4,0,35.13,0.73,36.646555,0.12,0.07,0.05,0.16,14.49,0.42,0.51,0.07,0.11,93934822,0,0,1,1,0,0,0,1,0,3.332,0.97,0.02,0.28,1.68,0.58,43.48,0.41,-0.02,33.22,0.75,33.986792,0.09,0.04,0.03,0.09,14.43,0.45,0.6,0.04,0.07,51844316,0,0,1,7.197,1.04,0.02,0.28,1.5,0.69,42.42,0.4,0.02,40.53,0.78,31.075061,0.07,0.06,0.06,0.13,14.42,0.49,0.67,0.06,0.12,81653068,0,0,-0.086434574,0.030927835,0.178571429,-0.137931034,-0.12345679,0.096826127,-0.024390244,-1,0.057495485,-0.026666667,0.078258725,0.333333333,0.75,0.666666667,0.777777778,0.004158004,-0.066666667,-0.15,0.75,0.571428571,0.811863464,0,0
0,2021,0.161,-0.04,0.01,0.4,0.56,0,38.16,0.59,-0.46,0.53,0.17,1.219618,-0.14,0.22,-0.55,0.69,10.19,0.32,1.8,-0.64,-1.75,4049702,1,1,0,0,0,0,0,0,0,3.895,0.72,0.01,0.4,0.62,0.01,50.61,0.51,-0.08,0.65,0.15,1.048948,-0.16,-0.23,0,-0.52,9.99,0.43,1.6,0.01,0.01,-3433233,1,0,0,4.14,0.81,0.01,0.4,4.53,0.32,48.8,0.47,-0.08,2.03,0.17,1.07197,0.3,-0.21,-0.02,-2.44,9.85,0.08,0.22,-0.07,-0.28,-2711290,0,1,-0.958664955,-1.055555556,-0.096774194,-1,-0.394736842,-0.245998814,0.156862745,4.75,-0.184615385,0.133333333,0.162705873,-0.125,-1.956521739,-55,-2.326923077,0.02002002,-0.255813953,0.125,-65,-176,-2.179559325,0,0
0,2014,0.945,0.99,0.19,0.32,3.9,0.98,58.63,0.43,-0.01,99.11,0.57,9.61739,0.27,0.17,0.06,0.32,12.95,0.54,0.26,0.03,0.1,51191308,0,0,1,0,0,0,0,1,0,3.32,0.96,0.19,0.32,1.86,1.64,49.29,0.49,-0.02,76.18,0.51,8.712546,0.12,0.02,0.06,0.03,12.81,0.67,0.54,0.02,0.09,4760381,0,0,1,3.267,0.95,0.19,0.32,2.02,1.88,52.58,0.5,-0.03,66.07,0.6,9.111774,0.11,0.01,0.06,0.01,12.81,0.69,0.49,0.01,0.09,2229171,0,0,-0.715361446,0.03125,1.096774194,-0.402439024,-0.427184466,0.189490769,-0.12244898,-0.5,0.300997637,0.117647059,0.103855291,1.25,7.5,0,9.666666667,0.010928962,-0.194029851,-0.518518519,0.5,0.111111111,9.753615729,0,0
0,2020,3.897,0.89,0.15,0.39,1.99,0.02,50.45,0.55,-0.07,85.24,0.56,4.944661,0.25,0.12,-0.02,0.45,11.45,0.27,0.5,0.05,-0.07,7844210,0,0,0,0,0,0,0,0,0,0.264,0.9,0.15,0.39,1.79,0.39,46.04,0.53,-0.05,75.46,0.48,4.362758,0.19,-0.19,0.01,-0.42,11.57,0.45,0.56,-0.07,0.02,-14004736,0,1,0,5.808,1.08,0.15,0.39,3.86,0.52,39.73,0.49,0.05,107.34,0.5,4.538699,0.44,0.03,0.09,0.07,11.84,0.44,0.26,0.06,0.21,2817629,0,0,13.76136364,-0.011111111,0.111731844,-0.948717949,-0.554216867,0.095786273,0.037735849,0.4,0.129605089,0.166666667,0.133379619,0.315789474,-1.631578947,-3,-2.071428571,-0.010371651,-0.4,-0.107142857,-1.714285714,-4.5,-1.560111237,0,0
0,2018,1.538,0.58,0.08,0.38,0.48,0.28,53.05,0.66,-0.23,16.69,0.17,1.325926,-0.26,-0.13,-0.08,-0.22,11.12,0.6,2.07,-0.12,-0.13,-6228940,1,1,1,0,0,0,1,0,0,0.094,0.78,0.08,0.38,1.52,0.85,49.7,0.63,-0.14,7.29,0.18,1.474296,0.07,-0.07,-0.01,-0.13,11.25,0.54,0.66,-0.07,-0.02,-3654959,0,1,0,2.334,0.82,0.08,0.38,2.66,0.77,52.37,0.65,-0.13,38.93,0.16,1.405706,0.15,-0.33,-0.01,-0.68,11.28,0.48,0.38,-0.06,-0.01,-18228962,0,1,15.36170213,-0.256410256,-0.684210526,-0.670588235,0.330434783,0.067404427,0.047619048,0.642857143,1.289437586,-0.055555556,-0.100637864,-4.714285714,0.857142857,7,0.692307692,-0.011555556,0.111111111,2.136363636,0.714285714,5.5,0.704243468,0,0
0,2019,5.662,1,0.02,0.47,1.15,0.22,542.93,0.49,0.01,10.77,0.66,12.914973,0.05,0.52,0,1.18,15.92,0.44,0.87,0.01,0.01,2986954752,0,0,0,0,0,0,0,0,0,7.21,1.04,0.02,0.47,1.08,0,33.42,0.48,0.02,0,0.63,12.861416,0.04,-3.03,0.07,-5.55,13.34,0.55,0.93,0.05,0.12,-1308272000,0,0,0,6.693,1.01,0.02,0.47,1.57,0.18,189.31,0.46,0.05,268.7,0.63,12.468493,0.09,0.08,0.02,0.27,14.93,0.29,0.64,0.02,0.06,167908000,0,0,-0.214701803,-0.038461538,0.064814815,22,-0.333333333,15.24566128,0.020833333,-0.5,1077,0.047619048,0.00416416,0.25,-1.171617162,-1,-1.212612613,0.193403298,-0.2,-0.064516129,-0.8,-0.916666667,-3.283129771,0,0
0,2018,6.648,1.14,0.02,0.54,2.45,0.48,39.45,0.45,0.09,69.5,0.63,10.815349,0.18,0.14,0.13,0.35,13.24,0.41,0.41,0.1,0.31,56143114,0,0,0,0,0,0,0,0,0,5.874,1.23,0.02,0.54,4.76,0.83,37.82,0.45,0.1,72.39,0.7,11.037381,0.56,0.1,0.16,0.18,13.2,0.54,0.21,0.08,0.29,37031709,0,0,0,6.579,1.27,0.02,0.54,2.13,1.1,39.91,0.46,0.1,62.26,0.62,9.961752,0.19,-0.03,0.16,-0.05,13.12,0.6,0.47,0.12,0.27,-9711835,0,0,0.131767109,-0.073170732,-0.485294118,-0.421686747,-0.391304348,0.043098889,0,-0.1,-0.039922641,-0.1,-0.020116366,-0.678571429,0.4,-0.1875,0.944444444,0.003030303,-0.240740741,0.952380952,0.25,0.068965517,0.516082177,0,0
0,2016,0.131,0.66,0,0.34,0.91,0.04,63.53,0.78,-0.44,10.73,0.28,0.882644,-0.05,0.02,-0.05,0.04,10.73,0.57,1.09,0.04,-0.09,670131,1,0,1,1,0,0,0,0,0,0.137,0.7,0,0.34,0.79,0.04,55.61,0.73,-0.34,4.06,0.34,0.84362,-0.12,-0.03,-0.03,-0.05,10.68,0.57,1.27,0.02,-0.06,-814351,1,0,0,0.14,0.71,0,0.34,0.75,0.04,55.17,0.72,-0.34,15.41,0.39,0.981613,-0.13,0.22,-0.06,0.4,10.68,0.54,1.33,0.03,-0.11,6586488,1,0,-0.04379562,-0.057142857,0.151898734,0,0,0.142420428,0.068493151,0.294117647,1.642857143,-0.176470588,0.046257794,-0.583333333,-1.666666667,0.666666667,-1.8,0.004681648,0,-0.141732283,1,0.5,-1.822901918,0,0
0,2014,0.088,1.4,0,0.43,0.16,0.32,71.54,0.37,-0.28,-1.53,0.11,0.793382,-1.66,-0.24,-0.35,-0.12,9.56,1.99,6.13,-0.24,-0.17,-2331583,1,1,0,1,1,0,1,0,0,0.112,1.46,0,0.43,0.2,0.32,81.5,0.35,-0.23,-0.13,0.18,0.885731,-1.51,-0.39,-0.3,-0.21,9.39,1.89,4.99,-0.39,-0.16,-3275904,1,1,0,0.127,1.55,0,0.43,0.22,0.32,54.04,0.34,-0.15,-0.97,0.23,1.038895,-1.11,-0.21,-0.13,-0.15,9.53,1.43,4.52,-0.21,-0.09,-2011392,1,1,-0.214285714,-0.04109589,-0.2,0,-0.051886792,-0.122208589,0.057142857,0.217391304,10.76923077,-0.388888889,-0.104263032,0.099337748,-0.384615385,0.166666667,-0.428571429,0.018104366,0.052910053,0.228456914,-0.384615385,0.0625,-0.288262721,0,0
0,2021,3.253,1.24,0.03,0.22,0.75,-2.15,71.12,0.5,-0.19,8.64,1,7.298293,-0.11,-0.01,-0.07,-0.01,13.18,1.49,1.33,0,-0.05,-2763252,1,1,0,0,0,0,1,0,0,3.252,1.22,0.03,0.22,0.77,-1.08,67.36,0.45,-0.19,25.42,0.88,6.106286,-0.21,-0.03,-0.28,-0.01,12.38,2.07,1.3,-0.17,-0.14,-4503662,1,1,0,4.105,1.15,0.03,0.22,0.88,-1.16,73.3,0.4,-0.13,38.59,0.87,6.155522,-0.1,-0.07,-0.19,-0.03,12.39,2.04,1.14,-0.07,-0.09,-11871335,1,1,0.000307503,0.016393443,-0.025974026,0.990740741,0.575129534,0.055819477,0.111111111,0,-0.660110149,0.136363636,0.195209821,-0.476190476,-0.666666667,-0.75,0,0.064620355,-0.280193237,0.023076923,-1,-0.642857143,-0.386443299,0,0
0,2020,1.491,0.72,0.18,0.4,1.23,0.15,37.82,0.48,-0.18,188.24,0.39,10.897473,0.11,-0.01,-0.12,-0.03,12.78,0.53,0.81,-0.02,-0.24,-3496963,0,1,0,1,0,0,1,0,0,2.837,0.82,0.18,0.4,1.59,0.14,41.12,0.43,-0.11,55.19,0.4,10.902052,0.14,-0.04,-0.11,-0.13,12.44,0.32,0.63,-0.05,-0.33,-7590465,0,1,0,4.229,0.91,0.18,0.4,1.71,0.14,43.22,0.42,-0.06,54.92,0.47,11.693961,0.14,0.01,-0.05,0.03,12.47,0.3,0.58,0.01,-0.16,1813176,0,0,-0.474444836,-0.12195122,-0.226415094,0.071428571,1.333333333,-0.080252918,0.11627907,0.636363636,2.410762819,-0.025,-0.000420013,-0.214285714,-0.75,0.090909091,-0.769230769,0.02733119,0.65625,0.285714286,-0.6,-0.272727273,-0.539295287,0,0
0,2009,0.193,0.76,0.03,0.45,1.77,0.17,70.77,0.53,-0.14,3.86,0.34,2.561216,0.13,-0.19,-0.13,-0.65,10.28,0.29,0.57,-0.19,-0.44,-3792848,0,1,0,1,0,0,0,0,0,2.353,0.9,0.03,0.45,2.18,0.13,82.52,0.53,-0.08,1.86,0.37,2.895601,0.15,-0.05,-0.04,-0.23,10.43,0.23,0.46,-0.05,-0.2,-1241018,0,1,0,4.06,0.95,0.03,0.45,1.85,0.11,73.25,0.47,-0.03,0.78,0.43,3.473534,0.12,0,0,0,10.49,0.22,0.54,0.08,-0.02,0,0,0,-0.917977051,-0.155555556,-0.188073394,0.307692308,0.366666667,-0.142389724,0,0.75,1.075268817,-0.081081081,-0.115480344,-0.133333333,2.8,2.25,1.826086957,-0.014381592,0.260869565,0.239130435,2.8,1.2,2.056239313,0,0
0,2018,0.161,0.56,0.02,0.52,2.13,1.75,49.94,0.68,-0.11,58.59,0.93,9.973088,0.22,0.1,-0.08,0.15,12.89,0.71,0.47,0.02,-0.11,28830126,0,0,0,0,0,0,0,1,0,0.19,0.45,0.02,0.52,1.73,2.39,51.09,0.67,-0.09,44.43,0.83,9.758105,0.18,-0.01,-0.06,-0.01,12.74,0.78,0.58,0,-0.07,-2748456,0,0,1,0.188,0.5,0.02,0.52,2,2.38,48.8,0.66,-0.09,43.48,0.77,8.915689,0.21,0,-0.05,0,12.72,0.77,0.5,0.01,-0.07,687837,0,0,-0.152631579,0.244444444,0.231213873,-0.267782427,-0.321126761,-0.022509297,0.014925373,0.222222222,0.318703579,0.120481928,0.022031224,0.222222222,-11,0.333333333,-16,0.01177394,-0.08974359,-0.189655172,2,0.571428571,-11.4895716,0,0
0,2020,3.854,0.93,0.14,0.13,3.8,0.34,33.04,0.41,-0.06,150.53,0.65,70.660886,0.47,0.08,-0.02,0.2,15.34,0.38,0.26,0.07,-0.05,243672314,0,0,0,0,0,0,0,1,0,0.569,0.96,0.14,0.13,4.38,0.39,33.07,0.37,-0.03,50.41,0.71,71.349054,0.35,-0.02,0,-0.05,15.17,0.35,0.23,-0.02,0,-51963520,0,1,1,2.199,0.99,0.14,0.13,4.42,0.25,30.76,0.37,-0.01,79.88,0.73,70.995085,0.34,0.1,0.02,0.37,15.1,0.28,0.23,0.11,0.05,260983151,0,0,5.773286467,-0.03125,-0.132420091,-0.128205128,0.12962963,-0.000907167,0.108108108,1,1.986113866,-0.084507042,-0.009645089,0.342857143,-5,-2,-5,0.011206328,0.085714286,0.130434783,-4.5,-5,-5.68929576,0,0
0,2018,0.048,0.23,0.04,0.32,1.58,0.01,41.43,0.33,-0.26,0.17,0.53,6.139421,0.13,-0.11,-0.47,-0.51,11.78,0.22,0.63,-0.55,-2.08,-10370645,0,1,0,0,0,0,1,0,0,0.077,0.57,0.04,0.32,2.53,0.01,43.51,0.32,-0.17,0.11,0.56,5.960187,0.21,0,-0.25,0,11.82,0.14,0.4,-0.32,-1.73,-21457,0,1,0,0.076,0.57,0.04,0.32,2.45,0.03,46.05,0.33,-0.19,0.07,0.56,5.693245,0.19,-0.03,-0.24,-0.18,11.83,0.15,0.41,-0.31,-1.57,-2690537,0,1,-0.376623377,-0.596491228,-0.375494071,0,0.705882353,-0.047805102,0.03125,0.529411765,0.545454545,-0.053571429,0.030071875,-0.380952381,-11,0.88,-51,-0.003384095,0.571428571,0.575,0.71875,0.202312139,482.3222258,0,0
0,2019,8.284,5.9,0.01,0.19,3.68,267.19,64.29,0.24,0.02,108.2,0.18,1.02901,0.38,1.11,0.11,1.11,11.22,1,0.27,0.22,0.11,57658197,0,0,1,0,0,0,0,0,0,0.073,1.51,0.01,0.19,0.54,-0.79,114.36,0.62,-0.96,31.17,0.21,1.011984,-0.54,-0.09,-0.33,-0.05,11.53,1.81,1.86,-0.09,-0.18,-6451437,1,1,0,0.106,1.56,0.01,0.19,0.47,-0.96,130.77,0.71,-1.06,13.49,0.26,1.019021,-0.55,-0.17,-0.39,-0.09,11.31,1.89,2.15,-0.17,-0.21,-9445250,1,1,112.4794521,2.907284768,5.814814815,-339.2151899,-140.9282511,-0.437827912,-0.612903226,-1.020833333,2.471286493,-0.142857143,0.016824377,-1.703703704,-13.33333333,-1.333333333,-23.2,-0.026886383,-0.447513812,-0.85483871,-3.444444444,-1.611111111,-9.93726421,0,0
0,2017,0.149,0.84,0.14,0.27,2.37,0.22,52.29,0.46,-0.14,4.64,0.61,15.681275,0.12,-0.03,-0.05,-0.11,13.16,0.25,0.42,-0.07,-0.2,-9737406,1,1,0,0,0,0,0,0,0,1.484,0.94,0.14,0.27,2.39,0.24,52.09,0.41,-0.06,4.92,0.63,16.072082,0.09,-0.07,0.02,-0.3,13.19,0.25,0.42,-0.03,0.09,-27206904,1,1,0,0.137,0.89,0.14,0.27,3.69,0.25,59.01,0.4,-0.12,4.68,0.58,15.283589,0.11,-0.07,-0.02,-0.29,13.27,0.24,0.27,-0.06,-0.08,-27031823,1,1,-0.899595687,-0.106382979,-0.008368201,-0.083333333,0,0.003839509,0.12195122,1.333333333,-0.056910569,-0.031746032,-0.024315891,0.333333333,-0.571428571,-3.5,-0.633333333,-0.00227445,0,0,1.333333333,-3.222222222,-0.642097976,0,0
0,2008,6.599,1.07,0.02,0.28,2.77,-0.65,53.48,0.3,0.11,-0.02,0.76,9.497117,0.19,0.18,0.26,1973635100,11.95,-1.54,0.36,0.18,2770001600,19736351,0,0,0,0,1,0,0,1,0,5.804,1.1,0.02,0.28,3.1,-0.61,61.66,0.31,0.15,-0.02,0.74,8.890609,0.21,0.22,0.29,2457940900,11.98,-1.28,0.32,0.22,3179920100,24579409,0,0,1,4.561,1.12,0.02,0.28,2.41,-0.58,57.62,0.3,0.18,-0.02,0.75,7.979661,0.16,0,0.31,0,11.96,-1.11,0.41,0.25,3379642300,0,0,0,0.1369745,-0.027272727,-0.106451613,0.06557377,0.089285714,-0.132662991,-0.032258065,-0.266666667,0,0.027027027,0.068218949,-0.095238095,-0.181818182,-0.103448276,-0.197037203,-0.002504174,0.203125,0.125,-0.181818182,-0.128908428,-0.197037203,1,1
0,2020,3.298,0.81,0.11,0.39,1.41,0.71,96.56,0.49,-0.15,13.1,0.47,5.700238,0.07,0.01,-0.03,0.01,12.98,0.51,0.71,0,-0.07,1845151,0,0,0,0,0,0,0,0,1,0.537,0.9,0.11,0.39,1.73,0.83,98,0.51,-0.07,16.72,0.41,5.355974,0.1,0,0,0,13.01,0.53,0.58,0,0,265823,0,0,1,4.703,1.01,0.11,0.39,2.31,0.46,61.63,0.52,0.01,162.07,0.43,5.973939,0.26,0.01,0.05,0.02,12.85,0.45,0.43,0.01,0.11,2556125,0,0,5.141527002,-0.1,-0.184971098,-0.144578313,-0.07079646,-0.014693878,-0.039215686,1.142857143,-0.216507177,0.146341463,0.064276638,-0.3,1,-3,1,-0.002305919,-0.037735849,0.224137931,0,-7,5.941276714,0,0
0,2018,0.45,0.78,0.18,0.27,0.35,0.01,51.08,0.34,-0.06,-0.65,0.72,10.977313,-0.44,-0.07,0,-0.1,12.19,0.68,2.87,-0.07,0,-9438196,0,1,0,0,1,0,1,0,0,1.822,0.89,0.18,0.27,0.46,0.01,84.45,0.33,-0.03,-1.5,0.79,11.69933,-0.36,0.09,0.03,0.13,12.35,0.67,2.19,-0.03,0.04,14342571,0,1,0,8.503,1.19,0.18,0.27,0.41,0.02,91.73,0.3,0.04,-1.26,0.82,12.183646,-0.46,0.05,0.09,0.06,12.42,0.77,2.46,0.05,0.12,8098963,0,0,-0.753018661,-0.123595506,-0.239130435,0,0.04,-0.395145056,0.03030303,1,-0.566666667,-0.088607595,-0.061714389,0.222222222,-1.777777778,-1,-1.769230769,-0.012955466,0.014925373,0.310502283,1.333333333,-1,-1.658054682,0,0
0,2021,7.068,1.05,0.06,0.26,1.57,1.7,49.76,0.28,0.01,89.46,0.49,7.549473,0.19,0.11,0.1,0.15,12.37,0.75,0.64,0.13,0.13,18365431,0,0,0,0,0,0,0,0,0,1.314,0.81,0.06,0.26,1.08,2.84,51,0.31,-0.02,69.02,0.49,7.180311,0.03,0.04,0.05,0.05,12.26,0.85,0.93,0.05,0.06,6260340,0,0,0,4.616,1.49,0.06,0.26,1.02,4.33,57.51,0.32,0.05,13.13,0.48,6.325995,0.01,0.06,0.19,0.07,12.04,0.86,0.98,0.08,0.22,7438742,0,0,4.378995434,0.296296296,0.453703704,-0.401408451,-0.454379562,-0.024313725,-0.096774194,-1.5,0.296146045,0,0.051413093,5.333333333,1.75,1,2,0.008972268,-0.117647059,-0.311827957,1.6,1.166666667,1.933615586,0,0
0,2016,1.527,0.82,0.03,0.56,1.7,0.91,54.2,0.63,-0.12,19.74,0.35,1.635553,0.08,-0.02,-0.04,-0.04,11.46,0.53,0.59,-0.02,-0.07,-1396568,0,1,0,0,0,0,0,0,1,0.438,0.96,0.03,0.56,2.42,0.93,58.7,0.59,-0.03,34.08,0.42,1.804836,0.13,0.04,0.02,0.08,11.49,0.53,0.41,0.06,0.04,3040582,0,0,1,5.606,1.03,0.03,0.56,2.06,1.07,65.24,0.57,0.02,15.11,0.29,1.647143,0.09,0.09,0.04,0.16,11.46,0.56,0.49,0.08,0.07,6028892,0,0,2.48630137,-0.145833333,-0.297520661,-0.021505376,0.017857143,-0.076660988,0.06779661,3,-0.420774648,-0.166666667,-0.093794118,-0.384615385,-1.5,-3,-1.5,-0.002610966,0,0.43902439,-1.333333333,-2.75,-1.459309435,0,0
0,2010,3.81,1.15,0.02,0.26,1.98,-1.7,72.39,0.4,-0.05,12.01,0.26,2.428613,0.39,0.09,-0.05,0.05,10.22,1.87,0.51,-0.03,-0.03,1697514,0,1,0,0,1,0,0,0,0,4.317,1.07,0.02,0.26,1.54,-1.49,57.17,0.38,-0.03,17.29,0.26,2.367772,0.27,0.3,0,0.14,10.14,2.04,0.65,0.02,0,5210399,0,0,0,3.864,1.07,0.02,0.26,1.2,-1.22,47.85,0.37,-0.03,20.19,0.24,2.095287,0.13,-0.03,-0.02,-0.01,9.99,2.56,0.83,0,-0.01,-446266,0,1,-0.117442669,0.074766355,0.285714286,0.140939597,0.096938776,0.266223544,0.052631579,0.666666667,-0.305378832,0,0.025695464,0.444444444,-0.7,-5,-0.642857143,0.007889546,-0.083333333,-0.215384615,-2.5,-3,-0.674206524,0,0
0,2021,5.786,1.13,0.02,0.16,0.39,-0.87,0.11,0.34,0.15,0.02,0.74,17.127628,-0.24,0.67,0.75,6710262100,11.88,-3.76,2.59,0.56,7513369100,67102621,1,0,0,0,1,0,0,0,0,5.8,1.12,0.02,0.16,0.25,-0.92,4.04,0.35,0.13,0.04,0.68,16.428871,-0.51,0.55,0.6,5747026300,11.91,-2.95,3.96,0.55,6231542100,57470263,1,0,0,7.138,1.06,0.02,0.16,0.48,-0.78,-0.1,0.37,0.06,0.05,0.68,16.949743,-0.14,0.22,0.32,2266798200,11.92,-2.37,2.1,0.22,3373300100,22667982,1,0,-0.002413793,0.008928571,0.56,-0.054347826,0.053333333,-0.972772277,-0.028571429,0.153846154,-0.5,0.088235294,0.042532259,-0.529411765,0.218181818,0.25,0.16760595,-0.002518892,0.274576271,-0.345959596,0.018181818,0.205699806,0.16760595,1,1
0,2011,0.231,0.93,0.01,0.54,2.79,0.32,65.52,0.6,-0.04,0.24,0.24,1.613177,0.25,-0.01,0.01,-0.07,10.33,0.14,0.36,-0.01,0.04,-203872,0,1,0,1,0,0,0,1,0,0.729,0.95,0.01,0.54,1.78,0.01,62.33,0.47,-0.03,10.47,0.23,1.648762,0.16,-0.01,0.03,-0.03,10.42,0.21,0.56,-0.01,0.16,-140662,0,1,1,8.602,1.01,0.01,0.54,2.05,0.09,72.01,0.47,0.01,18.83,0.27,1.8656,0.2,0.04,0.08,0.14,10.51,0.26,0.49,0.02,0.31,944367,0,0,-0.683127572,-0.021052632,0.56741573,31,-0.384615385,0.051179207,0.276595745,0.333333333,-0.977077364,0.043478261,-0.02158286,0.5625,0,-0.666666667,1.333333333,-0.008637236,-0.333333333,-0.357142857,0,-0.75,0.449375098,0,0
0,2021,4.485,1.42,0.05,0.29,1.7,0.88,30.15,0.29,0.11,47.38,0.4,6.145505,0.12,0.35,0.23,0.62,11.73,0.56,0.59,0.26,0.42,30152293,0,0,0,0,0,0,0,1,0,5.856,1.41,0.05,0.29,1.11,5.53,21.98,0.33,0.03,51.61,0.3,5.593879,0.03,-0.27,0.09,-0.3,11.52,0.88,0.9,0.19,0.11,-18842904,0,0,1,4.472,1.47,0.05,0.29,3.11,1.11,22.33,0.33,0.1,20.31,0.31,5.698188,0.12,0.03,0.27,0.06,11.37,0.55,0.32,0.24,0.48,2036896,0,0,-0.234118852,0.007092199,0.531531532,-0.840867993,-0.833773087,0.371701547,-0.121212121,2.666666667,-0.08196086,0.333333333,0.09861243,3,-2.296296296,1.555555556,-3.066666667,0.018229167,-0.363636364,-0.344444444,0.368421053,2.818181818,-2.600193526,0,0
0,2015,4.486,1.31,0.07,0.15,2.35,0.78,51.32,0.33,0.23,72.1,0.68,63.259973,0.14,0.06,0.21,0.11,15.1,0.5,0.43,0.1,0.43,142669666,1,0,0,0,0,0,0,0,0,4.564,1.17,0.07,0.15,2.32,0.88,48.06,0.33,0.12,53.91,0.65,60.006643,0.13,0.06,0.14,0.11,15.03,0.52,0.43,0.1,0.26,139494589,1,0,0,5.848,1.11,0.07,0.15,2.6,1.01,48.64,0.36,0.07,57.2,0.66,60.799918,0.15,-0.01,0.11,-0.03,14.96,0.55,0.38,0.05,0.21,-31437381,1,0,-0.017090272,0.11965812,0.012931034,-0.113636364,-0.092592593,0.067831877,0,0.916666667,0.337414209,0.046153846,0.054216164,0.076923077,0,0.5,0,0.004657352,-0.038461538,0,0,0.653846154,0.022761291,0,0
0,2011,0.929,0.97,0.06,0.31,1.09,1.15,40.84,0.5,-0.01,2.46,0.67,18.767764,0.01,0.01,0.03,0.02,13.32,0.59,0.92,0.03,0.05,5405625,0,0,0,0,0,1,0,0,0,8.097,1.06,0.06,0.31,1.08,1.15,36.82,0.38,0.02,4.84,0.69,19.099384,0.01,0.06,0.07,0.1,13.29,0.59,0.92,0.06,0.11,23463768,0,0,0,6.653,1.15,0.06,0.31,1.39,1.34,41.48,0.38,0.05,2.62,0.7,19.471308,0.04,-0.02,0.1,-0.03,13.22,0.62,0.72,0.01,0.16,-7062786,0,0,-0.885266148,-0.08490566,0.009259259,0,-0.006993007,0.109179794,0.315789474,-1.5,-0.491735537,-0.028985507,-0.017362864,0,-0.833333333,-0.571428571,-0.8,0.002257336,0,0,-0.5,-0.545454545,-0.769618205,0,0
0,2018,8.477,1.07,0.05,0.31,1.47,0.57,48.42,0.42,0.06,7.93,0.46,13.287562,0.05,-0.02,0.06,-0.04,13.38,0.43,0.68,0.06,0.13,-8639046,0,0,0,0,0,0,0,0,0,4.931,1.06,0.05,0.31,1.43,0.58,56.63,0.42,0.05,1.8,0.48,13.908877,0.05,0.06,0.05,0.13,13.42,0.44,0.7,0.05,0.11,26569678,0,0,0,8.028,1.01,0.05,0.31,1.39,0.68,55.57,0.42,0.01,5.11,0.52,14.582512,0.06,0,0.02,-0.01,13.41,0.49,0.72,0.03,0.05,-2040684,0,0,0.71912391,0.009433962,0.027972028,-0.017241379,-0.025316456,-0.144976161,0,0.2,3.405555556,-0.041666667,-0.044670393,0,-1.333333333,0.2,-1.307692308,-0.002980626,-0.022727273,-0.028571429,0.2,0.181818182,-1.325146808,0,0
0,2012,3.62,0.98,0.07,0.25,2.17,0.17,54.39,0.42,-0.03,54.05,0.68,32.624593,0.12,0.04,0.03,0.15,14.6,0.24,0.46,0.04,0.13,54948766,0,0,1,0,0,0,0,1,0,4.945,1.01,0.07,0.25,2.41,0.17,50.81,0.42,0.01,50.47,0.7,32.288163,0.12,0.06,0.06,0.27,14.53,0.22,0.42,0.07,0.27,83772370,0,0,1,4.24,0.99,0.07,0.25,2.16,0.13,48.23,0.42,-0.02,45.77,0.71,30.190039,0.12,0.04,0.05,0.21,14.42,0.2,0.46,0.04,0.25,54683027,0,0,-0.267947422,-0.02970297,-0.099585062,0,0.107142857,0.070458571,0,-4,0.070933228,-0.028571429,0.010419608,0,-0.333333333,-0.5,-0.444444444,0.004817619,0.090909091,0.095238095,-0.428571429,-0.518518519,-0.344070533,0,0
0,2016,3.436,0.93,0.07,0.3,0.97,3.8,34.47,0.58,-0.01,11.28,0.61,10.912594,-0.01,0.13,0.05,0.16,12.24,0.86,1.03,0.06,0.05,19348372,1,0,0,0,0,0,1,0,0,3.255,-18.67,0.07,0.3,0.92,86.82,41.09,0.62,-0.1,0.88,0.63,11.063773,-0.03,-0.02,-0.07,-0.02,12.21,0.99,1.09,-0.11,-0.07,-2612804,1,1,0,1.561,-0.35,0.07,0.3,1.02,32.47,36.49,0.54,-0.02,1.82,0.58,10.256906,0.01,-0.11,0.05,-0.11,12.39,0.98,0.98,0.02,0.05,-18192561,0,0,0.055606759,-1.049812533,0.054347826,-0.956231283,-0.953434763,-0.161109759,-0.064516129,-0.9,11.81818182,-0.031746032,-0.013664326,-0.666666667,-7.5,-1.714285714,-9,0.002457002,-0.131313131,-0.055045872,-1.545454545,-1.714285714,-8.405213709,0,0
0,2016,7.572,1.08,0.03,0.33,3.48,0,44.86,0.3,0.05,0.06,0.54,21.94829,0.18,0.05,0.16,0.72,13.18,0.08,0.29,0.07,2.16,19884323,0,0,0,0,0,0,0,0,1,8.13,1.06,0.03,0.33,2.94,0,43.57,0.3,0.04,0.03,0.56,21.388587,0.15,-0.01,0.14,-0.13,13.13,0.08,0.34,0.04,1.79,-3680159,0,0,1,7.832,1.06,0.03,0.33,2.48,0,40.42,0.31,0.05,2.29,0.56,20.730117,0.12,-0.05,0.15,-0.63,13.14,0.08,0.4,0.06,1.76,-18823555,0,0,-0.068634686,0.018867925,0.183673469,0,-0.111111111,0.029607528,0,0.25,1,-0.035714286,0.026168302,0.2,-6,0.142857143,-6.538461538,0.003808073,0,-0.147058824,0.75,0.206703911,-6.403115191,0,0
0,2010,2.818,0.96,0.09,0.26,2.54,0.32,50.62,0.44,-0.15,11.45,0.49,1.184628,0.41,0.86,-0.42,0.86,8.9,1,0.39,0.86,-0.42,4429353,0,0,1,0,0,0,1,0,0,4.298,1.21,0.09,0.26,3.41,-1.9,47.07,0.42,-0.06,17.98,0.53,1.303617,0.57,-0.14,-0.14,-0.07,8.93,1.85,0.29,-0.14,-0.08,-724052,0,1,0,2.278,1.67,0.09,0.26,1.38,-1.57,30.36,0.44,-0.19,1.73,0.42,1.234837,0.13,-0.68,-0.74,-0.32,8.43,2.16,0.72,-0.68,-0.34,-2179987,0,1,-0.344346208,-0.20661157,-0.255131965,-1.168421053,-1.26146789,0.075419588,0.047619048,1.5,-0.363181313,-0.075471698,-0.091276042,-0.280701754,-7.142857143,2,-13.28571429,-0.003359462,-0.459459459,0.344827586,-7.142857143,4.25,-7.117451509,0,0
0,2020,5.791,1.08,0.05,0.3,2.25,-0.73,49.68,0.37,0.14,0.01,0.64,9.745708,0.18,0.23,0.32,4033025400,12.42,-2.13,0.44,0.32,5430029300,40330254,1,0,0,0,1,0,1,0,0,4.574,1.09,0.05,0.3,2.03,-0.74,49.52,0.38,0.16,0.04,0.67,9.628757,0.17,0.29,0.37,4582433700,12.32,-2.2,0.49,0.37,5680175000,45824337,1,0,0,4.559,1.1,0.05,0.3,1.97,-0.73,46.03,0.38,0.15,0.15,0.73,10.465514,0.17,0.17,0.38,2421475400,12.26,-2.08,0.51,0.36,5529605200,24214754,1,0,0.266069086,-0.009174312,0.108374384,-0.013513514,-0.014492754,0.003231018,-0.026315789,-0.125,-0.75,-0.044776119,0.012146012,0.058823529,-0.206896552,-0.135135135,-0.119894435,0.008116883,-0.031818182,-0.102040816,-0.135135135,-0.044038379,-0.119894435,1,1
0,2010,0.13,0.8,0.33,0.28,1.3,2.13,50.96,0.33,-0.13,9.97,0.49,6.501727,0.03,-0.11,-0.02,-0.15,13.1,0.71,0.77,0.02,-0.03,-36545716,0,0,0,0,0,0,0,0,0,0.008,0.67,0.33,0.28,1.42,0.45,-39.88,0.33,-0.32,186.62,0.56,7.086215,0.13,-0.13,-0.12,-0.26,12.92,0.52,0.71,-0.21,-0.23,-38061677,0,1,0,0.172,0.91,0.33,0.28,2.22,0.5,56.41,0.36,-0.11,17.19,0.63,7.70334,0.08,-0.15,0,-0.39,12.9,0.38,0.45,-0.02,-0.01,-41290965,0,1,15.25,0.194029851,-0.084507042,3.733333333,1.240740741,-2.277833501,0,-0.59375,-0.94657593,-0.125,-0.082482397,-0.769230769,-0.153846154,-0.833333333,-0.423076923,0.013931889,0.365384615,0.084507042,-1.095238095,-0.869565217,-0.039829065,0,0
0,2009,4.449,1.37,0.06,0.2,4.1,1.15,41.17,0.23,0.2,10.26,0.52,7.339811,0.35,0.11,0.22,0.19,13.03,0.59,0.24,0.18,0.38,35987066,0,0,0,0,1,0,0,1,0,4.487,1.32,0.06,0.2,3.21,1.65,47.56,0.27,0.14,16.16,0.56,6.861058,0.26,0.07,0.19,0.1,12.92,0.67,0.31,0.14,0.29,19920994,0,0,1,4.487,1.35,0.06,0.2,2.45,1.93,43.68,0.28,0.13,130.18,0.57,6.877773,0.2,0.09,0.15,0.13,12.82,0.71,0.41,0.14,0.21,23388104,0,0,-0.00846891,0.037878788,0.277258567,-0.303030303,-0.29,-0.134356602,-0.148148148,0.428571429,-0.36509901,-0.071428571,0.069778305,0.346153846,0.571428571,0.157894737,0.9,0.008513932,-0.119402985,-0.225806452,0.285714286,0.310344828,0.806489475,0,0
0,2010,0.94,0.89,0.03,0.47,1.08,2.57,40.3,0.45,-0.01,36.85,0.53,5.469323,0.03,-0.1,0.03,-0.12,11.42,0.83,0.93,0.03,0.03,-6281780,0,0,0,0,0,0,1,0,0,3.291,0.8,0.03,0.47,0.86,1.17,43.25,0.46,-0.04,13.1,0.49,5.216764,-0.05,0.02,0,0.03,11.33,0.7,1.16,0,0,1240137,1,0,0,1.41,0.91,0.03,0.47,0.83,1.25,36.65,0.47,-0.02,17.87,0.64,5.379904,-0.06,0,0.03,0.01,11.29,0.71,1.21,0.02,0.04,266793,1,0,-0.714372531,0.1125,0.255813953,1.196581197,1.021367521,-0.068208092,-0.02173913,-0.75,1.812977099,0.081632653,0.048412963,-1.6,-6,3,-5,0.007943513,0.185714286,-0.198275862,3,3,-6.065391969,0,0
0,2021,2.831,0.91,0.02,0.37,3.58,1.28,42.46,0.5,-0.06,0.01,0.54,10.954674,0.35,0.04,0.01,0.07,13.62,0.62,0.28,-0.01,0.02,24804110,0,1,0,0,0,0,0,0,0,1.472,0.86,0.02,0.37,3.19,0.98,36.66,0.53,-0.1,0.11,0.55,9.613925,0.26,0.04,-0.01,0.08,13.33,0.55,0.31,0.04,-0.02,19131241,0,0,0,7.589,1.06,0.02,0.37,3.94,1.05,35.35,0.47,0.03,0.14,0.62,9.498576,0.3,-0.05,0.07,-0.09,13.24,0.56,0.25,0.04,0.13,-19273587,0,0,0.923233696,0.058139535,0.122257053,0.306122449,0.312,0.158210584,-0.056603774,-0.4,-0.909090909,-0.018181818,0.139459066,0.346153846,0,-2,-0.125,0.021755439,0.127272727,-0.096774194,-1.25,-2,0.296523838,0,0
0,2015,2.349,0.69,0.04,0.29,0.35,0.04,46.27,0.42,-0.07,0.01,0.74,7.437178,-0.42,-0.01,-0.02,-0.01,12.01,0.66,2.86,-0.07,-0.03,-1050385,1,1,0,0,1,0,0,0,0,3.256,0.84,0.04,0.29,3.31,1.55,53.05,0.45,-0.04,0.01,0.71,8.797413,0.19,0.05,0.03,0.08,11.97,0.64,0.3,0,0.05,5473775,0,1,0,2.908,0.82,0.04,0.29,2.87,1.92,52.54,0.42,-0.04,0.01,0.66,7.896153,0.17,0,0.03,0,11.96,0.69,0.35,0,0.04,105115,0,1,-0.278562654,-0.178571429,-0.894259819,-0.974193548,0.100558659,-0.127803959,-0.066666667,0.75,0,0.042253521,-0.154617613,-3.210526316,-1.2,-1.666666667,-1.125,0.003341688,0.03125,8.533333333,-7,-1.6,-1.191894077,0,0
0,2010,5.865,1.17,0.17,0.31,1.6,1.41,53.01,0.37,0.05,65.88,0.74,17.421132,0.13,0.07,0.11,0.1,12.99,0.68,0.63,0.08,0.16,20445681,0,0,0,0,0,0,0,0,0,4.659,1.08,0.17,0.31,1.5,1.98,47.07,0.37,0.02,43.1,0.78,17.539239,0.09,0.06,0.09,0.08,12.92,0.73,0.67,0.05,0.12,16045964,0,0,0,1.088,0.94,0.17,0.31,1.5,2.53,55.62,0.37,-0.01,21.24,0.78,15.85507,0.08,0.01,0.07,0.01,12.84,0.76,0.67,0.01,0.09,2275170,0,0,0.258853831,0.083333333,0.066666667,-0.287878788,-0.21509434,0.126195029,0,1.5,0.528538283,-0.051282051,-0.006733873,0.444444444,0.166666667,0.222222222,0.25,0.005417957,-0.068493151,-0.059701493,0.6,0.333333333,0.27419462,0,0
0,2019,4.469,1.09,0.04,0.29,0.13,-0.92,-6.3,0.42,0.23,0.01,0.33,4.710647,-0.25,0.84,0.94,2816906700,10.78,-7.83,7.65,0.84,3146335500,28169067,1,0,0,0,1,0,1,0,0,4.511,1.08,0.04,0.29,0.33,-0.94,-0.12,0.42,0.19,0.01,0.39,5.309909,-0.22,0.95,1.04,2335667600,10.47,-9.89,3.04,0.95,2540443100,23356676,1,0,0,4.544,1.06,0.04,0.29,0.18,-0.94,-1.81,0.43,0.14,0.24,0.41,5.508308,-0.28,0.74,0.81,1754433700,10.44,-9.27,5.43,0.74,1919166200,17544337,1,0,-0.009310574,0.009259259,-0.606060606,-0.021276596,-0.021978022,51.5,0,0.210526316,0,-0.153846154,-0.112857301,0.136363636,-0.115789474,-0.096153846,0.206039207,0.029608405,-0.208291203,1.516447368,-0.115789474,0.238498709,0.206039207,1,1
0,2009,6.034,0.7,0.16,0.13,9.1,-7.21,58.26,0.49,0.02,7.63,0.52,6.430131,0.47,0.02,0.11,0.02,11.3,1.15,0.11,0.07,0.1,1145324,0,0,0,0,1,0,0,1,0,5.682,0.52,0.16,0.13,2.75,-5.66,57.23,0.46,0.04,10.45,0.54,6.65549,0.29,-0.04,0.15,-0.04,11.27,1.18,0.36,0.02,0.13,-2248429,0,0,1,3.833,2.61,0.16,0.13,2.39,-7.71,96.44,0.54,-0.12,10.69,0.52,7.354742,0.3,-0.44,-0.14,-0.4,11.43,1.12,0.42,-0.15,-0.13,-28366137,0,1,0.061950018,0.346153846,2.309090909,0.27385159,0.15,0.017997554,0.065217391,-0.5,-0.269856459,-0.037037037,-0.033860617,0.620689655,-1.5,-0.266666667,-1.5,0.002661934,-0.025423729,-0.694444444,2.5,-0.230769231,-1.509388555,0,0
0,2018,0.158,0.69,0.03,0.25,1.08,0.49,40.37,0.61,-0.1,18.79,0.3,2.77781,0.02,-0.11,-0.1,-0.22,10.86,0.52,0.93,-0.1,-0.19,-4091736,0,1,0,1,0,0,0,1,0,0.1,0.84,0.03,0.25,2.69,0.42,21.38,0.54,-0.06,83.99,0.29,3.171846,0.35,-0.03,-0.04,-0.08,10.91,0.44,0.37,-0.02,-0.08,-1292698,0,1,1,3.291,0.96,0.03,0.25,2.97,0.41,31.3,0.51,-0.02,91.51,0.27,2.990104,0.38,0.01,0.03,0.03,10.95,0.43,0.34,0.02,0.08,457511,0,0,0.58,-0.178571429,-0.598513011,0.166666667,0.392405063,0.888213283,0.12962963,0.666666667,-0.776282891,0.034482759,-0.124229234,-0.942857143,2.666666667,1.5,1.75,-0.004582951,0.181818182,1.513513514,4,1.375,2.165268299,0,0
0,2014,2.833,0.93,0.03,0.21,3.4,0.59,34.91,0.51,-0.05,123.49,0.34,6.654806,0.29,0.17,0.01,0.38,12.46,0.45,0.29,0.17,0.02,30646516,0,0,1,0,0,0,0,0,0,1.509,0.86,0.03,0.21,3.57,1.34,40.09,0.51,-0.08,110.44,0.39,6.175307,0.27,-0.01,-0.02,-0.01,12.45,0.62,0.28,-0.01,-0.03,-1299566,0,1,0,2.301,0.9,0.03,0.21,4.09,1.2,39.42,0.5,-0.06,129.38,0.42,6.322245,0.31,0.02,0,0.03,12.41,0.59,0.24,0.02,0,2724914,0,0,0.877402253,0.081395349,-0.047619048,-0.559701493,-0.49689441,-0.129209279,0,-0.375,0.118163709,-0.128205128,0.0776478,0.074074074,-18,-1.5,-39,0.000803213,-0.274193548,0.035714286,-18,-1.666666667,-24.58211588,0,0
0,2011,4.475,1.72,0.19,0.35,2.41,0.44,63.73,0.3,0.21,62.96,0.47,4.543274,0.37,-0.16,0.44,-0.32,11.54,0.49,0.41,-0.04,0.9,-11208153,0,1,0,0,0,0,0,0,0,7.883,1.29,0.19,0.35,2.73,0.19,71.28,0.28,0.12,79.2,0.49,4.832648,0.41,0.01,0.25,0.03,11.59,0.36,0.37,0.26,0.68,722841,0,0,0,7.861,1.27,0.19,0.35,1.87,0.32,70.75,0.29,0.12,76.86,0.4,5.12827,0.29,0.1,0.24,0.29,11.54,0.34,0.54,0.27,0.71,6875113,0,0,-0.43232272,0.333333333,-0.117216117,1.315789474,0.649122807,-0.105920314,0.071428571,0.75,-0.205050505,-0.040816327,-0.059878973,-0.097560976,-17,0.76,-11.66666667,-0.004314064,0.361111111,0.108108108,-1.153846154,0.323529412,-16.50569627,0,0
0,2017,6.653,1.09,0.27,0.23,1.75,0.69,45.44,0.32,0.12,47.56,0.78,35.7614,0.07,0.11,0.07,0.23,15.59,0.47,0.57,0.11,0.14,432696709,0,0,1,0,0,0,0,1,0,6.589,1.11,0.27,0.23,1.11,0.63,41.07,0.35,0.13,13.31,0.81,33.508625,0.02,0.06,0.08,0.13,15.41,0.49,0.9,0.06,0.16,221460751,0,0,1,6.63,1.12,0.27,0.23,6.12,0.89,46.04,0.35,0.13,0.15,0.83,31.294697,0.44,0.07,0.08,0.14,15.34,0.52,0.16,0.07,0.15,228972917,0,0,0.009713158,-0.018018018,0.576576577,0.095238095,-0.074468085,0.106403701,-0.085714286,-0.076923077,2.573253193,-0.037037037,0.067229706,2.5,0.833333333,-0.125,0.769230769,0.011680727,-0.040816327,-0.366666667,0.833333333,-0.125,0.953830225,0,0
0,2012,5.822,1.06,0.05,0.36,4.13,0.57,54.96,0.39,0.06,0.52,0.33,2.255345,0.09,0.06,0.06,0.16,12.3,0.38,0.24,0.06,0.17,9351065,0,0,0,0,0,0,0,0,1,4.578,1.08,0.05,0.36,4,0.64,49.09,0.36,0.07,0.03,0.36,2.19697,0.08,0.07,0.08,0.17,12.24,0.41,0.25,0.07,0.2,10065663,0,0,1,6.587,1.05,0.05,0.36,3.49,0.74,48.23,0.32,0.04,0.13,0.35,2.214068,0.08,0.06,0.07,0.14,12.17,0.44,0.29,0.06,0.15,8289012,0,0,0.271734382,-0.018518519,0.0325,-0.109375,-0.101449275,0.119576288,0.083333333,-0.142857143,16.33333333,-0.083333333,0.026570686,0.125,-0.142857143,-0.25,-0.058823529,0.004901961,-0.073170732,-0.04,-0.142857143,-0.15,-0.070993634,0,0
0,2016,2.013,0.96,0.01,0.3,5.44,0.87,51.01,0.48,-0.04,25.66,0.33,16.958758,0.29,0,0.03,0.01,13.77,0.5,0.18,0.01,0.06,3132402,0,0,0,0,0,0,0,0,0,2.073,0.96,0.01,0.3,3.92,0.87,66.03,0.47,-0.04,15.88,0.38,17.740577,0.26,-0.03,0.04,-0.05,13.78,0.51,0.26,-0.01,0.08,-17467856,0,1,0,4.268,0.89,0.01,0.3,2.63,0.8,84,0.53,-0.1,13.17,0.47,19.378224,0.2,-0.17,0.01,-0.33,13.84,0.51,0.38,-0.01,0.01,-120060814,0,1,-0.02894356,0,0.387755102,0,-0.038095238,-0.227472361,0.021276596,0,0.615869018,-0.131578947,-0.044069536,0.115384615,-1,-0.25,-1.2,-0.000725689,-0.019607843,-0.307692308,-2,-0.25,-1.179323782,0,0
0,2009,5.708,1.03,0.02,0.41,2.04,0.33,46.6,0.41,0.01,20.88,0.36,2.114404,0.19,0.04,0.1,0.11,9.95,0.38,0.49,0.04,0.27,621214,0,0,1,0,0,0,0,0,0,1.741,0.97,0.02,0.41,2.51,0.43,53.96,0.45,-0.01,10.63,0.33,1.854481,0.23,0.02,0.07,0.05,9.92,0.41,0.4,0.02,0.17,310544,0,0,0,2.815,0.85,0.02,0.41,2.27,0.47,62.22,0.46,-0.06,12.61,0.3,1.699707,0.22,0,0,0,9.93,0.44,0.44,-0.03,0,0,0,1,2.278575531,0.06185567,-0.187250996,-0.23255814,-0.101449275,-0.136397331,-0.088888889,-2,0.964252117,0.090909091,0.14015943,-0.173913043,1,0.428571429,1.2,0.003024194,-0.073170732,0.225,1,0.588235294,1.00040574,0,0
0,2020,3.324,0.81,0.1,0.13,1.03,3.24,47.12,0.42,-0.08,0.03,0.57,10.678222,0,-0.02,0.03,-0.02,13.52,0.78,0.97,-0.03,0.04,-8259959,0,1,0,0,1,0,1,0,0,2.287,0.61,0.1,0.13,1.62,3.04,50.29,0.47,-0.21,0.07,0.59,11.302944,0.03,-0.07,-0.02,-0.09,13.51,0.76,0.62,-0.09,-0.03,-34191705,0,1,0,2.882,0.85,0.1,0.13,1.27,1.96,48.52,0.47,-0.1,0.05,0.61,12.396651,0.02,-0.27,-0.03,-0.4,13.46,0.68,0.79,-0.04,-0.04,-134165712,0,1,0.453432444,0.327868852,-0.364197531,0.065789474,0.114197531,-0.0630344,-0.106382979,-0.619047619,-0.571428571,-0.033898305,-0.055270733,-1,-0.714285714,-2.5,-0.777777778,0.000740192,0.026315789,0.564516129,-0.666666667,-2.333333333,-0.758422138,0,0
0,2011,0.075,-0.39,0.19,0.18,2.63,1.01,156.02,2.03,-3.03,117.88,0.58,17.003888,0.28,-0.24,-0.54,-0.41,14.49,0.59,0.38,0.02,-0.91,-327208567,0,0,1,0,0,0,1,0,0,0.082,0.15,0.19,0.18,5.79,0.66,162.76,1.74,-2.51,265.86,0.59,17.592813,0.48,0.24,-0.44,0.52,14.67,0.46,0.17,0.01,-0.96,388049056,0,0,0,0.077,-0.37,0.19,0.18,3.86,1.21,159.54,1.62,-2.2,180.27,0.59,17.688692,0.39,0.24,-0.51,0.4,14.43,0.61,0.26,0.29,-0.83,308813625,0,0,-0.085365854,-3.6,-0.545768566,0.53030303,0.69047619,-0.041410666,0.166666667,0.207171315,-0.556608741,-0.016949153,-0.033475317,-0.416666667,-2,0.227272727,-1.788461538,-0.012269939,0.282608696,1.235294118,1,-0.052083333,-1.843214439,0,0
0,2018,4.912,1.04,0.06,0.39,1.03,0.63,35.45,0.39,0.05,23.41,0.59,24.786143,0,0.06,0.05,0.13,14.87,0.43,0.97,0.07,0.12,113373114,0,0,1,0,0,0,0,0,1,4.9,1.04,0.06,0.39,0.84,0.44,37.09,0.4,0.05,14.64,0.56,23.823348,-0.01,0.06,0.06,0.17,14.66,0.37,1.19,0.07,0.16,99172129,0,0,1,4.645,1.04,0.06,0.39,0.74,0.51,35.76,0.4,0.06,9.89,0.54,23.743175,-0.02,0.07,0.06,0.18,14.61,0.4,1.35,0.07,0.15,107689505,0,0,0.00244898,0,0.226190476,0.431818182,0.310344828,-0.04421677,-0.025,0,0.599043716,0.053571429,0.040413925,-1,0,-0.166666667,-0.235294118,0.014324693,0.162162162,-0.18487395,0,-0.25,0.143195323,0,0
0,2018,0.024,-0.85,0,0.35,0.87,2.6,59.99,0.79,-0.69,18.57,0.13,1.727434,-0.04,-0.58,-0.34,-0.63,10.21,0.91,1.15,-0.16,-0.37,-10831103,1,1,1,0,0,0,0,0,0,0.049,0.48,0,0.35,2.25,0.83,94.23,0.73,-0.52,3.99,0.15,1.936461,0.08,-0.06,-0.19,-0.13,10.68,0.49,0.45,-0.05,-0.39,-1886916,0,1,0,0.028,0.42,0,0.35,2.91,0.77,72.27,0.83,-0.7,48.43,0.18,1.715903,0.12,-0.14,-0.23,-0.29,10.76,0.47,0.34,-0.09,-0.49,-4440768,0,1,-0.510204082,-2.770833333,-0.613333333,2.13253012,9.552083333,-0.363366232,0.082191781,0.326923077,3.654135338,-0.133333333,-0.107942788,-1.5,8.666666667,0.789473684,3.846153846,-0.044007491,0.857142857,1.555555556,2.2,-0.051282051,4.740108728,0,0
0,2020,5.867,3.58,0.04,0.35,3.51,4.48,50.02,0.25,0.21,-6.51,0.26,1.596017,0.59,-0.17,0.42,-0.2,11.67,0.86,0.28,0.42,0.49,-14266664,0,0,0,0,1,0,0,0,1,5.792,2.69,0.04,0.35,4.82,1.82,49.12,0.23,0.28,-6.81,0.3,1.711832,0.65,0.15,0.55,0.21,11.74,0.71,0.21,0.4,0.78,12990722,0,0,1,5.794,4.2,0.04,0.35,2.03,1.27,45.23,0.23,0.27,-9.48,0.29,1.699677,0.31,0.06,1.12,0.08,10.99,0.69,0.49,0.75,1.61,2349247,0,0,0.012948895,0.330855019,-0.271784232,1.461538462,1.556016598,0.018322476,0.086956522,-0.25,-0.044052863,-0.133333333,-0.067655588,-0.092307692,-2.133333333,-0.236363636,-1.952380952,-0.005962521,0.211267606,0.333333333,0.05,-0.371794872,-2.098219483,0,0
0,2021,2.336,0.88,0.07,0.15,2.66,0.2,41.98,0.47,-0.08,136.6,0.92,34.157695,0.42,0.25,-0.05,0.65,14.5,0.38,0.38,0.25,-0.12,344283422,0,0,1,0,0,0,1,0,0,1.491,0.72,0.07,0.15,1.99,0.35,46.01,0.44,-0.13,101.43,0.81,31.846895,0.29,0.1,-0.11,0.21,14.16,0.48,0.5,0.1,-0.23,97900722,0,0,0,1.499,0.64,0.07,0.15,2.13,0.47,47.51,0.45,-0.15,52.06,0.82,32.699508,0.27,0.03,-0.14,0.06,13.95,0.48,0.47,0.03,-0.3,24697105,0,0,0.566733736,0.222222222,0.336683417,-0.428571429,-0.336956522,-0.087589654,0.068181818,-0.384615385,0.346741595,0.135802469,0.072559664,0.448275862,1.5,-0.545454545,2.095238095,0.024011299,-0.208333333,-0.24,1.5,-0.47826087,2.516658662,0,0
0,2014,7.208,1.04,0.15,0.27,2.55,0.36,64.72,0.37,0.07,36.2,0.6,11.508318,0.09,0.05,0.06,0.15,13.63,0.31,0.39,0.04,0.2,26966938,0,0,0,0,0,0,1,0,0,7.145,1.04,0.15,0.27,1.44,0.33,63.68,0.4,0.07,23.19,0.62,11.202381,0.05,0.04,0.07,0.11,13.59,0.33,0.7,0.04,0.2,21149884,0,0,0,7.194,1.05,0.15,0.27,2.12,0.36,65.67,0.4,0.07,43.29,0.61,10.934611,0.08,0.05,0.06,0.17,13.51,0.32,0.47,0.05,0.2,28047310,0,0,0.008817355,0,0.770833333,0.090909091,-0.1,0.016331658,-0.075,0,0.56101768,-0.032258065,0.027309998,0.8,0.25,-0.142857143,0.363636364,0.002943341,-0.060606061,-0.442857143,0,0,0.275039523,0,0
0,2010,0.076,0.66,0.07,0.33,2.63,1.02,54.19,0.48,-0.2,78.26,0.4,4.974497,0.22,-0.05,-0.07,-0.1,12.27,0.57,0.38,-0.05,-0.12,-8095807,0,1,0,0,0,0,0,1,0,0.11,0.76,0.07,0.33,4.32,0.86,58.25,0.47,-0.15,75.13,0.44,5.250441,0.29,0.06,-0.03,0.11,12.25,0.51,0.23,0.06,-0.07,8347571,0,0,1,0.091,0.66,0.07,0.33,3.64,1.09,61.02,0.49,-0.18,62.55,0.43,6.312451,0.29,-0.15,-0.07,-0.26,12.26,0.57,0.27,-0.15,-0.12,-22078523,0,1,-0.309090909,-0.131578947,-0.391203704,0.186046512,0.300970874,-0.069699571,0.021276596,0.333333333,0.041661121,-0.090909091,-0.052556347,-0.24137931,-1.833333333,1.333333333,-1.909090909,0.001632653,0.117647059,0.652173913,-1.833333333,0.714285714,-1.969839849,0,0
0,2020,1.217,0.98,0.08,0.31,1.19,0.09,41.76,0.53,-0.03,51.26,0.54,13.502862,0.03,0,0.02,0,14.02,0.22,0.84,0,0.1,-35604,0,0,1,0,0,0,0,0,0,8.448,1.05,0.08,0.31,1.29,0.12,48.46,0.48,0.06,15.54,0.61,14.783717,0.03,0.03,0.08,0.14,13.99,0.19,0.78,0.03,0.39,23194586,0,0,0,4.797,1.03,0.08,0.31,1.22,0.09,41.05,0.48,0.04,23.07,0.63,14.602817,0.02,0.01,0.06,0.05,13.93,0.18,0.82,0.01,0.36,7496814,0,0,-0.855942235,-0.066666667,-0.07751938,-0.25,0.166666667,-0.138258357,0.104166667,-1.5,2.298584299,-0.114754098,-0.086639578,0,-1,-0.75,-1,0.002144389,0.157894737,0.076923077,-1,-0.743589744,-1.001535013,0,0
0,2015,4.682,1.04,0.03,0.37,6.55,1.25,82.07,0.5,0.05,340.78,0.71,22.311059,0.49,0.24,0.05,0.4,14.43,0.59,0.15,0.03,0.09,309077842,1,0,0,0,0,0,1,0,0,4.414,3.46,0.03,0.37,4.22,1.15,18.25,0.22,0.58,145.01,0.64,19.896324,0.34,0.08,1.09,0.14,13.52,0.58,0.24,1.05,1.87,42215971,1,0,0,7.948,1.01,0.03,0.37,3.57,1.49,111.93,0.52,0.01,173.52,0.58,14.563659,0.32,0.06,0.06,0.1,13.47,0.65,0.28,0.06,0.09,31706670,1,0,0.060715904,-0.699421965,0.552132701,0.086956522,0.035460993,3.496986301,1.272727273,-0.913793103,1.350044824,0.109375,0.121365886,0.441176471,2,-0.95412844,1.857142857,0.067307692,0.017241379,-0.375,-0.971428571,-0.951871658,6.321348643,0,0
0,2012,0.07,1.15,0.01,0.41,0.06,0.32,43.51,0.41,-0.22,-6.79,0.28,2.246066,-2.89,-3.86,-0.24,-1.26,10.66,3.07,17.23,-0.27,-0.08,-114047132,1,1,0,0,0,0,1,0,0,0.132,0.88,0.01,0.41,-0.09,0.32,50.72,0.4,-0.15,-1.03,0.35,2.425785,2.97,3.28,-0.14,10018841100,10.69,-2.74,-11.62,-0.19,-434059300,100188411,0,1,0,1.448,1.09,0.01,0.41,0.09,0.32,47.52,0.37,-0.09,-0.17,0.36,2.407525,-2.31,-0.12,-0.07,-0.05,10.69,2.54,11.04,-0.11,-0.03,-3759897,1,1,-0.46969697,0.306818182,-1.666666667,0,1.02739726,-0.142152997,0.025,0.466666667,5.59223301,-0.2,-0.074086945,-1.973063973,-2.176829268,0.714285714,-1,-0.002806361,-2.120437956,-2.482788296,0.421052632,-1,-2.138326587,1,0
0,2016,4.585,1.06,0.01,0.21,1.55,0.35,33.56,0.4,0.05,7.16,0.54,12.656111,0.05,-0.04,0.09,-0.12,13.21,0.33,0.64,0.08,0.27,-15144475,0,0,0,0,0,0,0,0,1,4.588,1.06,0.01,0.21,1.97,0.31,34.36,0.4,0.06,13.77,0.57,12.837975,0.08,0.04,0.09,0.14,13.22,0.3,0.51,0.08,0.28,15624192,0,0,1,6.622,1.03,0.01,0.21,1.76,0.34,34.13,0.42,0.03,7.84,0.57,12.737091,0.06,0.11,0.07,0.37,13.17,0.31,0.57,0.11,0.22,41659627,0,0,-0.00065388,0,-0.21319797,0.129032258,0.139534884,-0.023282887,0,-0.166666667,-0.480029049,-0.052631579,-0.014166097,-0.375,-2,0,-1.857142857,-0.00075643,0.1,0.254901961,0,-0.035714286,-1.969296524,0,0
0,2021,3.227,1,0.21,0.47,1.09,0.18,112.29,0.42,-0.01,223.62,0.75,6.47115,0.01,0.14,0.01,0.51,14.64,0.27,0.92,0.04,0.04,218846913,0,0,0,0,0,0,0,1,0,2.836,0.98,0.21,0.47,1.26,0.26,116.74,0.42,-0.08,284.25,0.64,5.41893,0.04,0.03,0,0.08,14.5,0.32,0.8,0,0.02,35680139,0,0,1,0.27,0.99,0.21,0.47,1.02,0.27,132.31,0.42,-0.03,58.13,0.44,5.02346,0,0.05,0,0.16,14.42,0.29,0.98,0,0.01,58939506,0,0,0.13787024,0.020408163,-0.134920635,-0.307692308,-0.212765957,-0.038118897,0,-0.875,-0.213298153,0.171875,0.194174865,-0.75,3.666666667,1,5.375,0.009655172,-0.15625,0.15,4,1,5.133577927,0,0
0,2011,6.796,1.01,0.13,0.29,0.28,0.03,51.56,0.33,0.01,0.01,0.66,47.356311,-0.27,0.04,0.04,0.11,15.12,0.39,3.54,0.04,0.11,111752419,1,0,0,0,0,0,0,0,0,6.961,1.01,0.13,0.29,0.25,0.04,51.12,0.32,0.01,0,0.67,46.54968,-0.3,0.09,0.04,0.22,15.1,0.42,3.98,0.09,0.1,234427931,1,0,0,7.715,1.01,0.13,0.29,0.28,0.15,53.65,0.34,0.01,0,0.66,44.982093,-0.28,0.12,0.04,0.27,15.01,0.47,3.62,0.12,0.09,284274290,1,0,-0.023703491,0,0.12,-0.25,-0.123287671,0.008607199,0.03125,0,1,-0.014925373,0.01732839,-0.1,-0.555555556,0,-0.5,0.001324503,-0.071428571,-0.110552764,-0.555555556,0.1,-0.523297337,0,0
0,2012,0.856,0.96,0.09,0.37,4.45,0.78,62.67,0.63,-0.02,85.12,0.3,1.646868,0.4,0.03,0.06,0.05,11.26,0.5,0.22,0.03,0.11,1405763,0,0,0,0,0,0,0,1,0,1.902,0.98,0.09,0.37,4.07,0.86,60.62,0.64,-0.01,88.11,0.34,1.602653,0.37,0.01,0.07,0.01,11.26,0.53,0.25,0,0.13,376834,0,0,1,0.483,0.99,0.09,0.37,4.3,0.92,62.61,0.51,0,91.75,0.4,1.792201,0.37,0,0.08,0.01,11.27,0.54,0.23,0.01,0.16,179093,0,0,-0.549947424,-0.020408163,0.093366093,-0.093023256,-0.09009009,0.033817222,-0.015625,1,-0.033934854,-0.117647059,0.02758863,0.081081081,2,-0.142857143,4,0,-0.056603774,-0.12,3,-0.153846154,2.730456912,0,0
0,2014,4.733,1,0.02,0.41,1.12,0.86,50.48,0.41,0,30.44,0.52,7.776988,0.03,-0.02,0.07,-0.04,12.77,0.59,0.89,0.03,0.12,-5392544,0,0,0,0,0,0,0,0,0,7.163,1.1,0.02,0.41,1.34,0.87,47.37,0.39,0.04,47.66,0.62,7.240262,0.08,0.09,0.12,0.16,12.8,0.59,0.74,0.04,0.21,23652722,0,0,0,1.401,0.94,0.02,0.41,1.35,1.12,50.39,0.42,-0.02,23.45,0.55,6.91942,0.07,-0.03,0.08,-0.05,12.64,0.62,0.74,0.01,0.13,-6214675,0,0,-0.339243334,-0.090909091,-0.164179104,-0.011494253,0.035460993,0.065653367,0.051282051,-1,-0.361309274,-0.161290323,0.074130743,-0.625,-1.222222222,-0.416666667,-1.25,-0.00234375,0,0.202702703,-0.25,-0.428571429,-1.227988305,0,0
0,2020,0.075,-0.47,0.06,0.3,1.22,0.06,73.4,0.76,-0.27,-3.82,0.21,0.155839,0.15,-0.03,-0.45,-0.05,9.37,0.69,0.82,-0.03,-0.66,-254166,0,1,0,0,1,0,0,0,0,7.198,1.92,0.06,0.3,1.11,0.32,200.52,0.4,0.11,3.13,0.38,0.295588,0.09,0.17,0.18,0.2,10.03,0.82,0.9,0.17,0.22,2612027,0,0,0,5.123,1.22,0.06,0.3,0.84,0.32,101.08,0.5,0,0.02,0.39,0.244884,-0.16,0.08,0.03,0.08,9.43,0.98,1.19,0.08,0.03,671524,0,0,-0.989580439,-1.244791667,0.099099099,-0.8125,-0.522875817,-0.633951726,0.9,-3.454545455,-2.220447284,-0.447368421,-0.472783063,0.666666667,-1.176470588,-3.5,-1.25,-0.065802592,-0.158536585,-0.088888889,-1.176470588,-4,-1.097306039,0,0
0,2021,3.292,0.87,0.03,0.2,1.87,0.97,48.77,0.41,-0.07,82.94,0.87,16.602961,0.15,0.13,-0.02,0.22,13.52,0.58,0.53,0.13,-0.03,66466185,0,0,0,0,0,0,0,0,0,0.056,-0.36,0.03,0.2,1.52,1.5,64.74,0.79,-1.14,92.87,0.68,13.704237,0.1,0.01,-0.41,0.01,13.42,0.68,0.66,0.01,-0.6,4492374,0,0,0,1.328,0.96,0.03,0.2,2.23,1.45,38.48,0.39,-0.02,82.14,0.68,15.033703,0.16,0.11,0.04,0.16,13.3,0.65,0.45,0.1,0.06,44067275,0,0,57.78571429,-3.416666667,0.230263158,-0.353333333,-0.345971564,-0.246679024,-0.481012658,-0.938596491,-0.106923657,0.279411765,0.211520277,0.5,12,-0.951219512,21,0.007451565,-0.147058824,-0.196969697,12,-0.95,13.7953365,0,0
0,2014,5.817,1.5,0.1,0.46,3.14,0.49,51.12,0.28,0.16,12.53,0.22,0.741107,0.32,0.08,0.31,0.19,10.35,0.43,0.32,0.32,0.71,1769132,0,0,0,0,1,0,0,0,1,5.274,1.08,0.1,0.46,1.38,0.17,87.72,0.31,0.04,15.21,0.25,0.339821,0.12,0.61,0.08,1.47,10.16,0.41,0.72,0.11,0.2,10921470,0,0,1,4.953,0.4,0.1,0.46,1.76,-9.71,71.13,0.33,0.02,11.65,0.21,0.337911,0.32,0.1,0.13,0.09,8.87,1.07,0.57,0.06,0.12,475810,0,0,0.102957907,0.388888889,1.275362319,1.882352941,0.085714286,-0.417236662,-0.096774194,3,-0.176199869,-0.12,1.180874637,1.666666667,-0.868852459,2.875,-0.870748299,0.018700787,0.048780488,-0.555555556,1.909090909,2.55,-0.838013381,0,0
0,2015,4.518,1.57,0.01,0.1,4.21,0.32,58.25,0.44,0.32,154.91,0.72,5.473538,0.51,0.13,0.51,0.8,10.24,0.16,0.24,0.49,3.19,2485841,0,0,0,1,0,0,0,0,0,4.482,1.61,0.01,0.1,3.84,0.32,39.35,0.46,0.3,123.28,0.57,4.67779,0.44,0.12,0.55,0.78,10.07,0.16,0.26,0.52,3.52,2012120,0,0,0,4.487,1.68,0.01,0.1,2.89,0.32,49.25,0.46,0.3,84.64,0.55,4.52423,0.37,0.08,0.58,0.43,9.96,0.19,0.35,0.55,2.99,1240191,0,0,0.008032129,-0.02484472,0.096354167,0,0,0.480304956,-0.043478261,0.066666667,0.256570409,0.263157895,0.170111955,0.159090909,0.083333333,-0.072727273,0.025641026,0.016881827,0,-0.076923077,-0.057692308,-0.09375,0.235433771,0,0
0,2019,4.589,1.12,0.05,0.5,5.37,0.9,45.55,0.58,0.1,211.26,0.6,1.671748,0.41,-0.01,0.11,-0.01,11.84,0.52,0.19,0,0.2,-577600,0,1,0,1,0,0,0,1,0,0.281,0.98,0.05,0.5,4.3,0.73,50.31,0.6,-0.02,174.22,0.71,1.857428,0.36,0.03,0.04,0.06,11.77,0.48,0.23,0.03,0.08,2676310,0,0,1,8.071,1.03,0.05,0.5,4.35,0.79,45.1,0.58,0.03,217.05,0.73,1.896588,0.36,-0.01,0.06,-0.02,11.75,0.5,0.23,-0.01,0.12,-870490,0,1,15.33096085,0.142857143,0.248837209,0.232876712,0.170212766,-0.094613397,-0.033333333,-6,0.212604753,-0.154929577,-0.09996619,0.138888889,-1.333333333,1.75,-1.166666667,0.005947324,0.083333333,-0.173913043,-1,1.5,-1.215819543,0,0
0,2014,5.811,1.06,0.04,0.27,1.21,0.45,43.93,0.56,0.05,33.82,0.7,12.924066,0.03,0.04,0.05,0.11,13.31,0.4,0.82,0.03,0.13,18334005,0,0,0,0,0,0,0,0,0,5.852,1.08,0.04,0.27,1.44,0.51,61.8,0.52,0.06,20.62,0.65,12.795604,0.06,0.03,0.06,0.06,13.26,0.42,0.69,0.05,0.15,10380849,0,0,0,0.695,0.99,0.04,0.27,1.65,0.4,49.11,0.51,-0.01,31.45,0.63,11.842316,0.08,0.06,0.01,0.16,13.14,0.37,0.61,0.07,0.03,21004611,0,0,-0.007006152,-0.018518519,-0.159722222,-0.117647059,-0.069444444,-0.289158576,0.076923077,-0.166666667,0.640155189,0.076923077,0.010039542,-0.5,0.333333333,-0.166666667,0.833333333,0.003770739,-0.047619048,0.188405797,-0.4,-0.133333333,0.766137336,0,0
0,2019,4.467,1.07,0.06,0.3,0.29,0.39,24.73,0.59,0.09,5,0.64,8.580513,-0.13,0.06,0.06,0.16,13.39,0.41,3.44,0.07,0.15,29160251,0,0,0,0,0,0,0,0,0,4.445,1.12,0.06,0.3,0.39,0.43,26.13,0.58,0.13,16.13,0.6,7.93624,-0.12,0.09,0.08,0.2,13.31,0.43,2.56,0.07,0.19,37007556,0,0,0,4.489,1.06,0.06,0.3,0.36,0.54,25.22,0.6,0.07,9.24,0.58,7.714474,-0.11,0.08,0.06,0.17,13.19,0.47,2.81,0.05,0.13,30352492,0,0,0.004949381,-0.044642857,-0.256410256,-0.093023256,-0.078947368,-0.053578263,0.017241379,-0.307692308,-0.690018599,0.066666667,0.081181139,0.083333333,-0.333333333,-0.25,-0.2,0.006010518,-0.046511628,0.34375,0,-0.210526316,-0.212046021,0,0
0,2018,8.009,0.03,0.06,0.21,0.45,-0.91,53.4,0.42,0.06,24.63,0.39,5.198541,-0.56,0.09,0.21,0.08,11.19,1.11,2.24,0.13,0.19,4356595,1,0,0,0,1,0,0,1,0,1.833,2.44,0.06,0.21,0.43,-0.74,67.92,0.52,-0.21,25.03,0.32,4.706171,-0.6,-0.53,-0.16,-0.45,11.28,1.18,2.35,-0.24,-0.13,-28984815,1,1,1,2.756,0.31,0.06,0.21,0.9,0.45,167.21,0.51,-0.18,32.38,0.3,4.537959,-0.06,-0.16,-0.11,-0.21,11.65,0.76,1.11,-0.16,-0.14,-12469047,1,1,3.36933988,-0.987704918,0.046511628,0.22972973,0.551204819,-0.213780919,-0.192307692,-1.285714286,-0.015980823,0.21875,0.104622208,-0.066666667,-1.169811321,-2.3125,-1.177777778,-0.007978723,-0.059322034,-0.046808511,-1.541666667,-2.461538462,-1.150306117,0,0
0,2021,5.843,1.19,0.06,0.31,-0.81,0,53.08,0.31,0.19,0.02,0.42,4.880856,0.55,0.28,0.31,2000139800,11.54,-0.31,-1.23,0.28,2199841500,20001398,0,0,0,0,1,0,0,0,0,6.654,1.17,0.06,0.31,-1.27,0.09,45.84,0.32,0.15,-0.09,0.4,4.767681,0.37,0.18,0.24,1263722200,11.51,-0.07,-0.79,0.18,1667176700,12637222,0,0,0,6.595,1.22,0.06,0.31,8.91,0.12,53.68,0.3,0.18,-0.07,0.36,4.645473,0.19,0.2,0.27,1.51,11.52,0.13,0.11,0.2,2.08,13827073,0,0,-0.121881575,0.017094017,-0.362204724,-1,2.833333333,0.157940663,-0.03125,0.266666667,-1.222222222,0.05,0.023737956,0.486486486,0.555555556,0.291666667,0.582736934,0.002606429,3.428571429,0.556962025,0.555555556,0.319501106,0.582736934,1,0
0,2019,4.52,1.84,0.06,0.3,1.54,-0.01,48.51,0.12,0.5,61.24,0.2,0.302492,0.14,0.08,0.63,0.32,11.04,0.26,0.65,0.62,2.43,3582876,0,0,0,0,1,0,0,0,0,4.566,1.7,0.06,0.3,2.79,0.03,48.51,0.13,0.43,43.37,0.19,0.283032,0.27,-0.05,0.59,-0.3,10.81,0.17,0.36,0.58,3.39,-1807697,0,0,0,4.544,1.75,0.06,0.3,3.12,0.03,48.51,0.11,0.44,2.73,0.19,0.263493,0.3,-0.1,0.65,-0.6,10.87,0.17,0.32,0.63,3.84,-3711412,0,0,-0.010074463,0.082352941,-0.448028674,-1.333333333,0.666666667,0,-0.076923077,0.162790698,0.41203597,0.052631579,0.068755476,-0.481481481,-2.6,0.06779661,-2.066666667,0.021276596,0.529411765,0.805555556,0.068965517,-0.283185841,-2.982011366,0,0
0,2019,4.471,1.17,0.29,0.18,3.32,-0.7,49.7,0.31,0.29,3.53,0.33,3.91681,0.23,0.4,0.58,2759398800,11.5,-1.98,0.3,0.51,3984400400,27593988,0,0,0,0,1,0,0,1,0,4.483,1.17,0.29,0.18,3.48,-0.65,52.25,0.32,0.27,0.13,0.35,3.832607,0.22,0.14,0.53,946976200,11.48,-1.61,0.29,0.45,3557151800,9469762,0,0,1,4.472,1.2,0.29,0.18,2.96,-0.68,43.56,0.3,0.28,0.69,0.39,3.915149,0.21,0.21,0.64,1282695000,11.36,-1.8,0.34,0.57,3811936000,12826950,0,0,-0.002676779,0,-0.045977011,0.076923077,0.064516129,-0.048803828,-0.03125,0.074074074,26.15384615,-0.057142857,0.021970163,0.045454545,1.857142857,0.094339623,1.913905122,0.00174216,0.229813665,0.034482759,0.133333333,0.120109746,1.913905122,1,1
0,2017,0.19,0.92,0.05,0.24,0.97,0.51,68.08,0.28,-0.13,8.31,0.72,49.561977,0,0.05,-0.02,0.12,15.6,0.41,1.03,0.04,-0.05,210423045,1,0,0,0,0,0,0,0,1,8.331,1.02,0.05,0.24,0.57,0.51,59.1,0.28,0.02,31.86,0.72,48.771379,-0.07,-0.03,0.03,-0.07,15.58,0.45,1.77,0.06,0.08,-121104350,1,0,1,4.14,0.99,0.05,0.24,0.74,0.55,56.09,0.34,-0.02,35.18,0.71,47.081368,-0.03,0.07,0.02,0.15,15.62,0.44,1.35,0.05,0.05,277123280,1,0,-0.977193614,-0.098039216,0.701754386,0,-0.148148148,0.151945854,0,-7.5,-0.739171375,0,0.016210286,-1,-2.666666667,-1.666666667,-2.714285714,0.001283697,-0.088888889,-0.418079096,-0.333333333,-1.625,-2.737534985,0,0
0,2014,0.071,0.59,0.02,0.27,5.49,0.75,18.1,0.73,-0.63,121.92,0.39,2.185209,0.31,-0.01,-0.17,-0.02,11.85,0.47,0.18,0.01,-0.37,-1072382,0,0,1,0,0,0,0,0,0,0.089,0.71,0.02,0.27,7.55,0.76,88.14,0.7,-0.49,135.27,0.4,2.150777,0.38,0.09,-0.12,0.2,11.86,0.46,0.13,0.09,-0.25,9229116,0,0,0,6.008,1.02,0.02,0.27,5.9,0.94,23.39,0.42,0.02,151.63,0.49,2.282814,0.31,0.03,0.05,0.07,11.78,0.52,0.17,0.04,0.1,3137071,0,0,-0.202247191,-0.169014085,-0.272847682,-0.013157895,0.023255814,-0.794644883,0.042857143,0.285714286,-0.098691506,-0.025,0.016009098,-0.184210526,-1.111111111,0.416666667,-1.1,-0.00084317,0.02173913,0.384615385,-0.888888889,0.48,-1.116195527,0,0
0,2017,3.29,2.37,0.04,0.14,1,-0.05,174.35,0.43,-0.09,-1.17,0.32,3.796541,0,-0.11,-0.19,-0.09,11.09,1.15,1,-0.11,-0.16,-4970445,0,1,0,0,0,0,0,0,0,0.761,1.28,0.04,0.14,1.78,-19.91,202.91,0.39,0,9.22,0.48,3.856128,0.42,0.02,0,0.02,11.53,1.02,0.56,0.03,0,1554341,0,0,0,1.178,1.9,0.04,0.14,2.58,-11.77,203.46,0.46,-0.03,3.88,0.36,3.656913,0.59,0.04,-0.05,0.04,11.3,1.06,0.39,0.04,-0.05,2490903,0,0,3.32325887,0.8515625,-0.438202247,-0.997488699,-0.813720819,-0.140752058,0.102564103,-9,-1.126898048,-0.333333333,-0.015452547,-1,-6.5,-19,-5.5,-0.038161318,0.12745098,0.785714286,-4.666666667,-16,-4.197782855,0,0
0,2014,1.656,0.95,0.1,0.39,2.42,0.36,42.79,0.52,-0.03,77.85,0.37,6.338264,0.22,0.03,0,0.08,12.1,0.38,0.41,0.04,0.01,3746008,0,0,1,0,0,1,0,0,0,1.219,0.93,0.1,0.39,2.29,0.45,44.78,0.53,-0.04,87.76,0.4,6.200439,0.21,0.02,-0.01,0.06,12.12,0.42,0.44,0.02,-0.03,3150025,0,0,0,4.696,1.01,0.1,0.39,2.17,0.51,50.53,0.49,0.01,63.2,0.43,6.283517,0.19,0.09,0.04,0.2,12.12,0.45,0.46,0.09,0.08,11440223,0,0,0.358490566,0.021505376,0.056768559,-0.2,-0.150684932,-0.044439482,-0.018867925,-0.25,-0.112921604,-0.075,0.022228265,0.047619048,0.5,-1,0.333333333,-0.001650165,-0.095238095,-0.068181818,1,-1.333333333,0.189199451,0,0
0,2019,0.112,0.89,0.05,0.29,2.21,0.61,44.03,0.56,-0.11,36.71,0.09,2.002076,0.09,0.01,0,0.03,12.42,0.43,0.45,0.02,0,2016884,0,0,0,0,0,0,0,0,0,0.11,0.89,0.05,0.29,2.11,0.62,47.75,0.57,-0.12,26.48,0.09,2.031552,0.08,0.02,0,0.05,12.41,0.43,0.47,0.01,-0.01,3944544,0,0,0,0.075,0.84,0.05,0.29,2.09,0.8,43.66,0.57,-0.16,31.19,0.08,1.869117,0.08,0.02,-0.02,0.04,12.47,0.48,0.48,-0.02,-0.05,3670225,0,1,0.018181818,0,0.047393365,-0.016129032,-0.013333333,-0.077905759,-0.01754386,-0.083333333,0.386329305,0,-0.014509104,0.125,-0.5,0,-0.4,0.000805802,0,-0.042553191,1,-1,-0.488690201,0,0
0,2021,6.636,-0.34,0,0.24,2.35,-13.93,61.99,0.3,0.14,0.22,0.44,1.432992,0.09,0.11,0.18,0.11,11.32,1.07,0.42,0.11,0.17,6547490,0,0,0,0,0,0,0,0,0,0.168,1.38,0,0.24,-0.75,-5.45,41.54,0.38,-0.17,0.16,0.21,0.835061,-0.09,-0.07,0.01,-0.06,11.19,1.21,-1.33,-0.07,0.01,-3580589,1,1,0,0.027,2.38,0,0.24,-9.7,-8.2,45.09,0.38,-0.45,0.01,0.13,0.648623,-0.09,0,-0.04,0,11.21,1.14,-0.1,-0.16,-0.04,0,1,1,38.5,-1.246376812,-4.133333333,1.555963303,1.603508772,0.492296582,-0.210526316,-1.823529412,0.375,1.095238095,0.716032721,-2,-2.571428571,17,-2.833333333,0.011617516,-0.115702479,-1.315789474,-2.571428571,16,-2.828606969,0,0
0,2018,4.552,-0.67,0.03,0.65,1.48,-7.42,65.37,0.45,0.11,0.9,0.46,3.803357,0.12,0.2,0.28,0.18,11.39,1.12,0.68,0.24,0.25,12447809,0,0,0,0,0,0,0,0,1,5.788,0.58,0.03,0.65,0.68,-2.66,58.32,0.46,0.08,-49.86,0.46,4.216758,-0.08,0.1,0.29,0.07,11.06,1.45,1.47,0.26,0.2,4587833,1,0,1,3.315,1.16,0.03,0.65,0.7,-2.1,84.45,0.5,-0.04,-52.11,0.43,4.295281,-0.12,-0.16,0.02,-0.1,11.05,1.55,1.43,-0.03,0.01,-6798960,1,1,-0.213545266,-2.155172414,1.176470588,1.789473684,1.935185185,0.120884774,-0.02173913,0.375,-1.018050542,0,-0.098037639,-2.5,1,-0.034482759,1.571428571,0.029837251,-0.227586207,-0.537414966,-0.076923077,0.25,1.713221907,0,0
0,2017,5.858,1.03,0.06,0.42,5.39,-0.01,48.81,0.35,0.06,344.07,0.35,6.182814,0.37,0.26,0.09,3.35,13.2,0.08,0.19,0.04,1.15,98456964,0,0,0,0,0,0,1,0,0,7.157,1.03,0.06,0.42,6.45,0,45.12,0.36,0.04,274.88,0.39,6.500543,0.44,0.18,0.09,2.22,12.87,0.08,0.15,0.19,1.12,49587719,0,0,0,4.545,1.09,0.06,0.42,6.94,0.02,41.63,0.34,0.11,250.97,0.36,5.91148,0.45,0.06,0.17,0.65,12.66,0.09,0.14,0.06,1.77,13420028,0,0,-0.181500629,0,-0.164341085,-1,0,0.081781915,-0.027777778,0.5,0.251709837,-0.102564103,-0.048877301,-0.159090909,0.444444444,0,0.509009009,0.025641026,0,0.266666667,-0.789473684,0.026785714,0.98551105,0,0
0,2008,0.6,0.96,0.1,0.39,1.12,0.41,58.3,0.44,-0.02,6.54,0.53,3.723951,0.02,-0.12,0.03,-0.28,11.69,0.42,0.89,-0.06,0.07,-9711958,0,1,0,0,0,0,0,0,0,2.28,0.91,0.1,0.39,1.06,0.28,45.29,0.46,-0.07,18.89,0.54,3.735685,0.01,-0.04,-0.01,-0.12,11.76,0.35,0.94,-0.03,-0.03,-3725118,0,1,0,2.848,0.94,0.1,0.39,1.35,0.22,53.86,0.46,-0.05,26.6,0.54,3.673548,0.05,0,0.01,0,11.75,0.3,0.74,0.03,0.02,0,0,0,-0.736842105,0.054945055,0.056603774,0.464285714,0.351851852,0.287259881,-0.043478261,-0.714285714,-0.653785071,-0.018518519,-0.003141057,1,2,-4,1.333333333,-0.005952381,0.2,-0.053191489,1,-3.333333333,1.607154458,0,0
0,2021,0.199,0.94,0.17,0.24,2.52,0.09,28.39,0.55,-0.04,108.4,0.3,3.446169,0.28,0.22,-0.01,0.85,10.85,0.25,0.4,0.22,-0.05,7685477,0,0,1,0,0,0,0,1,0,0.036,0.56,0.17,0.24,1.49,0.28,32.27,0.56,-0.24,115.96,0.31,1.920665,0.16,0.08,-0.2,0.17,10.87,0.48,0.67,0.08,-0.41,3040443,0,0,1,1.575,0.95,0.17,0.24,1.52,0.17,30.64,0.56,-0.03,12.53,0.27,3.116265,0.08,0.05,0.01,0.19,10.37,0.28,0.66,0.05,0.04,1147920,0,0,4.527777778,0.678571429,0.691275168,-0.678571429,-0.630434783,-0.120235513,-0.017857143,-0.833333333,-0.065194895,-0.032258065,0.794258239,0.75,1.75,-0.95,4,-0.001839926,-0.479166667,-0.402985075,1.75,-0.87804878,1.527749081,0,0
0,2008,6.605,1.09,0.27,0.22,3.96,0.32,64.1,0.43,0.07,57.96,0.23,1.170264,0.34,0.09,0.13,0.78,10.33,0.11,0.25,0.09,1.09,1899829,0,0,0,0,0,0,0,0,0,7.161,1.08,0.27,0.22,2.87,0.32,83.06,0.43,0.06,56.49,0.22,1.121042,0.29,0.09,0.1,0.57,10.27,0.16,0.35,0.09,0.62,1764001,0,0,0,5.044,1.02,0.27,0.22,4.11,0.32,71.53,0.42,0.02,77.32,0.21,1.029357,0.36,0,0.06,0,10.11,0.12,0.24,0.05,0.48,0,0,0,-0.077642787,0.009259259,0.379790941,0,-0.315789474,-0.228268721,0,0.166666667,0.026022305,0.045454545,0.043907365,0.172413793,0,0.3,0.368421053,0.005842259,-0.3125,-0.285714286,0,0.758064516,0.076999956,0,0
0,2016,4.491,1.67,0.06,0.18,3.04,0.32,46.87,0.38,0.28,0.01,0.61,4.486617,0.18,-0.83,0.56,-0.83,11.7,1,0.33,0.34,0.56,-70260000,0,0,0,0,0,0,0,0,1,4.485,1.66,0.06,0.18,3.78,0.32,44.74,0.38,0.31,0.04,0.63,4.325042,0.2,0.06,0.64,0.84,11.6,0.07,0.26,0.37,8.88,4572000,0,0,1,4.5,1.62,0.06,0.18,3,0,49.77,0.37,0.28,0.04,0.6,4.446829,0.2,0.12,0.59,1.1,11.57,0.11,0.33,0.38,5.56,8569000,0,0,0.001337793,0.006024096,-0.195767196,0,6.125,0.047608404,0,-0.096774194,-0.75,-0.031746032,0.037358019,-0.1,-14.83333333,-0.125,-1.988095238,0.00862069,13.28571429,0.269230769,-0.081081081,-0.936936937,-16.36745407,0,0
0,2010,1.479,0.83,0.06,0.22,2.92,0.24,182.57,0.48,-0.22,134.33,0.62,10.488241,0.24,0.02,-0.06,0.05,13.07,0.3,0.34,0.02,-0.21,5232177,0,0,1,0,0,1,0,0,0,1.455,0.81,0.06,0.22,3.68,0.1,57.85,0.48,-0.24,165.42,0.61,10.590287,0.36,0.02,-0.09,0.09,12.94,0.21,0.27,0.02,-0.43,5335751,0,0,0,0.175,0.79,0.06,0.22,5.3,0.15,55.63,0.49,-0.29,182.17,0.6,10.478552,0.41,0.23,-0.11,1.11,12.91,0.21,0.19,0.03,-0.52,65042161,0,0,0.016494845,0.024691358,-0.206521739,1.4,0.555555556,2.155920484,0,-0.083333333,-0.187945835,0.016393443,-0.009635811,-0.333333333,0,-0.333333333,-0.444444444,0.010046368,0.428571429,0.259259259,0,-0.511627907,-0.019411326,0,0
0,2012,3.566,0.86,0.07,0.41,3.03,0.09,57.01,0.68,-0.11,74.84,0.34,0.741893,0.27,0.03,-0.06,0.15,10.32,0.21,0.33,0,-0.28,661560,0,1,0,0,0,0,0,0,0,3.583,0.92,0.07,0.41,2.61,0.13,12.02,0.64,-0.06,102.27,0.38,0.784532,0.22,0.05,0,0.23,10.33,0.24,0.38,0.04,-0.01,1167133,0,0,0,3.625,0.91,0.07,0.41,2.42,0.27,13.13,0.52,-0.06,113.86,0.4,0.809908,0.24,0.06,0,0.16,10.41,0.35,0.41,0.03,0,1322205,0,0,-0.004744627,-0.065217391,0.16091954,-0.307692308,-0.161290323,3.742928453,0.0625,0.833333333,-0.268211597,-0.105263158,-0.0543496,0.227272727,-0.4,-6,-0.347826087,-0.000968054,-0.125,-0.131578947,-1,27,-0.433175139,0,0
0,2015,4.544,1.16,0.02,0.19,1.92,0.3,50.88,0.32,0.13,-0.55,0.73,10.845247,0.08,-0.1,0.2,-0.33,12.51,0.29,0.52,0.13,0.7,-18264065,0,0,0,0,0,0,0,0,0,4.474,1.15,0.02,0.19,1.89,0.28,38.85,0.31,0.16,41.05,0.74,9.194357,0.07,0.13,0.18,0.46,12.62,0.28,0.53,0.13,0.66,26633525,0,0,0,4.49,1.11,0.02,0.19,1.88,0.35,35.54,0.28,0.13,68.13,0.74,6.80713,0.08,0.11,0.11,0.33,12.49,0.33,0.53,0.11,0.35,19843700,0,0,0.015645954,0.008695652,0.015873016,0.071428571,0.078947368,0.30965251,0.032258065,-0.1875,-1.013398295,-0.013513514,0.179554699,0.142857143,-1.769230769,0.111111111,-1.717391304,-0.008716323,0.035714286,-0.018867925,0,0.060606061,-1.685754702,0,0
0,2015,0.156,0.73,0.24,0.67,1.01,1.1,264.6,0.81,-0.47,90.02,0.12,0.028555,0,-0.23,-0.08,-0.36,13.87,0.63,0.99,0.01,-0.12,-167483732,0,0,1,0,0,0,0,0,0,0.101,0.83,0.24,0.67,2.06,0.52,178.2,0.86,-0.48,144.94,0.13,0.031308,0.11,0.04,-0.08,0.1,13.88,0.41,0.48,0.04,-0.2,30487591,0,0,0,0.045,0.77,0.24,0.67,1.65,0.55,115.79,1.03,-0.71,95.63,0.22,0.056179,0.06,-0.21,-0.11,-0.51,13.81,0.41,0.61,-0.01,-0.27,-145422953,0,1,0.544554455,-0.120481928,-0.509708738,1.115384615,1.428571429,0.484848485,-0.058139535,-0.020833333,-0.378915413,-0.076923077,-0.087932797,-1,-6.75,0,-4.6,-0.000720461,0.536585366,1.0625,-0.75,-0.4,-6.493504948,0,0
0,2021,1.456,1.38,0.06,0.3,0.13,0.32,47.82,0.61,-0.26,2.64,0.22,1.293601,-1.85,-0.23,-0.37,-0.11,9.94,2.13,7.64,-0.23,-0.17,-3315156,1,1,1,0,0,0,1,0,0,0.157,1.63,0.06,0.3,0.1,0.32,41.54,0.67,-0.41,-1.16,0.2,1.328662,-1.77,-0.45,-0.55,-0.23,9.87,1.96,10.53,-0.45,-0.28,-6001853,1,1,0,1.488,2.74,0.06,0.3,0.19,0.32,75.1,0.86,-0.72,3.58,0.21,1.356787,-1.17,-1.45,-0.72,-1.01,10.02,1.44,5.29,-0.74,-0.5,-22611625,1,1,8.27388535,-0.153374233,0.3,0,-0.073529412,0.151179586,-0.089552239,-0.365853659,-3.275862069,0.1,-0.026388201,0.04519774,-0.488888889,-0.327272727,-0.52173913,0.007092199,0.086734694,-0.274453941,-0.488888889,-0.392857143,-0.447644586,0,0
0,2016,0.173,0.47,0.09,0.47,4.06,1.52,71.55,0.64,-0.18,57.89,0.27,1.254534,0.38,-0.05,-0.11,-0.07,9.85,0.65,0.25,-0.05,-0.17,-599843,0,1,1,1,0,0,0,0,0,2.895,0.82,0.09,0.47,3.29,1.41,75.72,0.55,-0.06,46.25,0.31,1.307419,0.36,0.13,0,0.2,9.97,0.65,0.3,0.03,0,1896651,0,0,0,0.149,0.09,0.09,0.47,3.09,2.48,79.72,0.58,-0.22,25.1,0.31,1.357604,0.29,0.01,-0.15,0.02,9.86,0.75,0.32,-0.03,-0.19,150623,0,1,-0.940241796,-0.426829268,0.234042553,0.078014184,0.010752688,-0.055071315,0.163636364,2,0.251675676,-0.129032258,-0.040449925,0.055555556,-1.384615385,-11,-1.35,-0.012036108,0,-0.166666667,-2.666666667,-17,-1.3162643,0,0
0,2016,4.513,1.08,0.03,0.14,0.61,-0.92,-0.36,0.35,0.24,0.05,0.69,21.090345,-0.07,0.79,0.47,11692189500,12.26,-8.74,1.63,0.79,6857746400,116921895,1,0,0,0,1,0,1,0,0,4.448,1.08,0.03,0.14,0.42,-0.91,-1.76,0.34,0.24,0.11,0.68,20.43258,-0.12,0.78,0.48,11240264200,12.24,-8.1,2.37,0.78,6899159000,112402642,1,0,0,4.478,1.08,0.03,0.14,0.37,-0.91,-1.07,0.35,0.22,0.26,0.61,18.984362,-0.13,0.67,0.43,9332435900,12.21,-7.6,2.72,0.67,6035088400,93324359,1,0,0.014613309,0,0.452380952,0.010989011,0.011235955,-0.795454545,0.029411765,0,-0.545454545,0.014705882,0.03219197,-0.416666667,0.012820513,-0.020833333,0.040205932,0.001633987,0.079012346,-0.312236287,0.012820513,-0.006002558,0.040205932,1,1
0,2013,1.492,0.98,0.03,0.32,0.63,0.55,49.14,0.49,-0.06,16.2,0.49,9.803166,-0.03,0.08,0.01,0.21,14,0.4,1.6,0.07,0.03,70030338,1,0,0,0,0,0,0,0,0,1.487,0.98,0.03,0.32,0.49,0.65,48.62,0.49,-0.06,14.78,0.52,9.675669,-0.05,-0.01,0.01,-0.01,13.93,0.45,2.03,0.02,0.01,-4514342,1,0,0,0.178,0.97,0.03,0.32,0.48,0.64,45.32,0.46,-0.07,11.57,0.59,10.215402,-0.05,0.12,0,0.26,13.94,0.45,2.09,0.09,0.01,91329888,1,0,0.003362475,0,0.285714286,-0.153846154,-0.170731707,0.010695187,0,0,0.096075778,-0.057692308,0.013177073,-0.4,-9,0,-22,0.005025126,-0.111111111,-0.21182266,2.5,2,-16.51285614,0,0
0,2014,4.494,1.17,0.06,0.21,3.19,0.07,57.19,0.25,0.15,-0.34,0.43,6.632805,0.14,-0.14,0.14,-1.13,12.46,0.12,0.31,0.16,1.16,-25145296,0,0,0,0,1,0,0,0,0,4.515,1.12,0.06,0.21,4.1,-0.12,63.62,0.29,0.14,-0.53,0.46,6.425511,0.13,0.04,0.15,696379900,12.4,-0.08,0.24,0.13,2580858000,6963799,0,0,0,4.499,1.11,0.06,0.21,3.32,0.3,53.76,0.31,0.14,0.23,0.44,5.940301,0.07,0.02,0.11,0.08,12.73,0.25,0.3,0.09,0.42,5026857,0,0,-0.004651163,0.044642857,-0.22195122,-1.583333333,-2.75,-0.101068846,-0.137931034,0.071428571,-0.358490566,-0.065217391,0.032261092,0.076923077,-4.5,-0.066666667,-1.000000002,0.00483871,-2.5,0.291666667,0.230769231,-1,-4.610858958,1,0
0,2019,4.544,1.05,0.12,0.14,2.06,-0.27,58.05,0.29,0.11,12.55,0.27,8.933673,0.07,0.68,0.08,30185477700,13.37,-0.27,0.49,0.07,3506284000,301854777,0,0,0,0,1,0,1,0,0,4.526,1.15,0.12,0.14,2.73,0.14,74.11,0.3,0.15,-0.2,0.28,8.810936,0.14,0.14,0.16,0.75,13.06,0.19,0.37,0.14,0.85,47327686,0,0,0,4.511,1.19,0.12,0.14,3.17,0.43,58.32,0.25,0.13,0.97,0.3,9.07378,0.14,0.03,0.16,0.1,13.07,0.34,0.32,0.14,0.48,11127746,0,0,0.003977022,-0.086956522,-0.245421245,-2.928571429,-1.875,-0.216704898,-0.033333333,-0.266666667,-63.75,-0.035714286,0.013930075,-0.5,3.857142857,-0.5,40247303599,0.0237366,-2.421052632,0.324324324,-0.5,4125039999,5.377974554,0,0
0,2008,1.499,0.73,0.11,0.34,1.2,1.12,59.69,0.54,-0.09,12.11,0.75,17.956971,0.04,-0.07,-0.04,-0.11,12.59,0.63,0.83,-0.08,-0.07,-13508737,0,1,0,0,0,0,0,0,0,1.496,0.79,0.11,0.34,1.15,1.04,61.08,0.53,-0.08,9.08,0.78,17.733056,0.03,0.02,-0.03,0.04,12.69,0.6,0.87,0.02,-0.05,4840819,0,0,0,1.543,0.83,0.11,0.34,1.1,1.08,58.6,0.53,-0.07,2.58,0.72,16.904284,0.02,0,-0.01,0,12.62,0.6,0.91,0.01,-0.02,0,0,0,0.002005348,-0.075949367,0.043478261,0.076923077,0.111111111,-0.02275704,0.018867925,0.125,0.333700441,-0.038461538,0.012626983,0.333333333,-4.5,0.333333333,-3.75,-0.007880221,0.05,-0.045977011,-5,0.4,-3.790589154,0,0
0,2011,7.548,1.07,0.02,0.53,2.37,0.48,58.31,0.44,0.06,33.64,0.33,4.492904,0.15,0.04,0.11,0.09,12,0.4,0.42,0.07,0.28,4246773,0,0,0,0,0,0,0,1,0,8.074,1.04,0.02,0.53,2.9,0.54,51.93,0.34,0.03,46.9,0.33,4.549186,0.17,-0.01,0.1,-0.04,11.96,0.41,0.34,0.05,0.26,-1562735,0,0,1,7.209,1.06,0.02,0.53,2.63,0.5,55.88,0.36,0.06,37.85,0.35,4.52593,0.15,-0.02,0.1,-0.05,11.95,0.39,0.38,0.07,0.26,-2054285,0,0,-0.065147387,0.028846154,-0.182758621,-0.111111111,-0.043478261,0.122857693,0.294117647,1,-0.282729211,0,-0.012371884,-0.117647059,-5,0.1,-3.25,0.003344482,-0.024390244,0.235294118,0.4,0.076923077,-3.717526004,0,0
0,2016,6.128,1.02,0.02,0.53,1.53,2.21,63.43,0.56,0,-6.94,0.48,2.040788,0.11,-0.01,0.05,-0.01,11.7,0.75,0.65,0.03,0.07,-746620,0,0,0,0,0,0,0,0,0,0.841,0.74,0.02,0.53,1.15,1.23,79.19,0.55,-0.06,-42.31,0.46,2.029913,0.04,-0.07,-0.03,-0.1,11.42,0.66,0.87,-0.03,-0.05,-4391753,0,1,0,0.161,-0.88,0.02,0.53,1.49,0.76,144.52,1.09,-1.03,-3.3,0.4,1.839234,0.12,-0.18,-0.76,-0.31,11.36,0.57,0.67,-0.76,-1.34,-10615585,0,1,6.286563615,0.378378378,0.330434783,0.796747967,0.564102564,-0.199015027,0.018181818,-1,-0.835972583,0.043478261,0.005357372,1.75,-0.857142857,-2.666666667,-0.9,0.024518389,0.136363636,-0.252873563,-2,-2.4,-0.829994993,0,0
0,2009,4.504,2.17,0.01,0.32,-0.95,6.76,46.73,0.3,0.13,0.99,0.41,2.547262,0.48,0.07,0.25,0.08,11.11,0.84,-1.06,0.2,0.3,3068341,0,0,0,0,1,0,0,0,1,4.502,2.95,0.01,0.32,-112.17,-11.47,43.02,0.31,0.13,-1.69,0.45,2.711191,0.22,0.38,0.23,1759700700,11.11,-1.1,-0.01,0.2,1074133200,17597007,0,0,1,4.503,0.38,0.01,0.32,3.09,-3.87,45.98,0.31,0.13,-2.12,0.42,2.608031,0.16,0,0.25,0,10.98,1.32,0.32,0.21,0.19,0,0,0,0.000444247,-0.26440678,-0.991530712,-1.589363557,-11.03846154,0.086238959,-0.032258065,0,-1.585798817,-0.088888889,-0.060463833,1.181818182,-0.815789474,0.086956522,-1,0,-1.763636364,105,0,-1,-0.825632791,1,0
0,2010,3.603,0.94,0.04,0.21,6.5,0.19,44.7,0.41,-0.04,0.18,0.4,2.886611,0.58,0.03,0,0.12,11.84,0.25,0.15,0.04,0.02,2906012,0,0,0,0,0,0,0,0,0,1.801,0.98,0.04,0.21,5.6,0.02,47.16,0.4,-0.01,0.34,0.4,2.851827,0.53,0.09,0.04,0.65,11.66,0.13,0.18,0.08,0.28,7090950,0,0,0,8.482,1.05,0.04,0.21,4.99,0.02,57.64,0.4,0.03,0.51,0.48,3.116207,0.48,0.12,0.11,0.91,11.55,0.13,0.2,0.13,0.8,8750913,0,0,1.000555247,-0.040816327,0.160714286,8.5,1.0625,-0.05216285,0.025,3,-0.470588235,0,0.012197093,0.094339623,-0.666666667,-1,-0.815384615,0.015437393,0.923076923,-0.166666667,-0.5,-0.928571429,-0.590180159,0,0
0,2015,2.355,0.94,0.07,0.33,2.32,0.94,63.77,0.48,-0.05,39.36,0.29,4.20547,0.13,-0.02,0.04,-0.04,12.08,0.53,0.43,-0.02,0.07,-2672379,0,1,1,0,0,0,0,0,1,4.514,1.14,0.07,0.33,1.76,0.94,44.36,0.41,0.1,29.78,0.25,3.117002,0.07,0,0.09,0,12.12,0.53,0.57,0,0.18,233282,0,0,1,5.83,1.06,0.07,0.33,1.72,0.9,39.54,0.44,0.04,54.25,0.31,3.27386,0.08,-0.03,0.06,-0.05,12.11,0.53,0.58,-0.02,0.11,-3387979,0,1,-0.478289765,-0.175438596,0.318181818,0,0.00877193,0.437556357,0.170731707,-1.5,0.321692411,0.16,0.349203497,0.857142857,-2,-0.555555556,-4,-0.00330033,0,-0.245614035,-2,-0.611111111,-12.45557308,0,0
0,2011,0.187,1.58,0.14,0.35,1.38,-3,43.86,0.49,-0.07,-0.14,0.59,6.318981,0.11,-0.16,-0.1,-0.12,11.77,1.36,0.73,-0.16,-0.08,-14257483,0,1,0,0,1,0,1,0,0,2.283,1.62,0.14,0.35,1.64,-4.95,43.76,0.47,-0.04,-0.15,0.59,13.997154,0.15,-0.07,-0.01,-0.06,11.8,1.19,0.61,-0.07,-0.01,-6860050,0,1,0,1.508,2.24,0.14,0.35,1.65,-7.7,45.9,0.48,-0.06,-0.25,0.61,14.674536,0.15,-0.1,-0.04,-0.09,11.83,1.12,0.61,-0.1,-0.04,-9535404,0,1,-0.918090232,-0.024691358,-0.158536585,-0.393939394,-0.38474026,0.002285192,0.042553191,0.75,-0.066666667,0,-0.548552441,-0.266666667,1.285714286,9,1,-0.002542373,0.142857143,0.196721311,1.285714286,7,1.078335143,0,0
0,2018,0.195,0.71,0.07,0.22,1.29,0.23,56.38,0.53,-0.27,0.01,0.63,10.972513,0.04,-0.02,-0.18,-0.08,12.87,0.3,0.78,-0.03,-0.61,-6264627,1,1,1,0,0,0,1,0,0,1.543,0.83,0.07,0.22,1.23,0.21,59.54,0.5,-0.16,0.01,0.63,11.098015,0.03,-0.01,-0.11,-0.03,12.89,0.28,0.81,-0.01,-0.39,-2305215,1,1,0,2.279,0.85,0.07,0.22,1.15,0.22,62.96,0.5,-0.14,0.01,0.6,10.592668,0.02,0,-0.09,0,12.9,0.28,0.87,0,-0.33,241088,1,0,-0.873622813,-0.144578313,0.048780488,0.095238095,0.05,-0.053073564,0.06,0.6875,0,0,-0.011308509,0.333333333,1,0.636363636,1.666666667,-0.00155159,0.071428571,-0.037037037,2,0.564102564,1.717589032,0,0
0,2016,4.85,1.01,0.1,0.34,1.6,0.32,41.27,0.38,0,45.2,0.21,2.390902,0.12,0.36,0.1,1.84,10.86,0.2,0.63,0.03,0.5,13121458,0,0,0,1,0,0,0,1,0,2.842,0.78,0.1,0.34,2.03,0.67,62.7,0.42,-0.08,-6.94,0.26,2.62979,0.13,-0.11,0,-0.22,10.7,0.48,0.49,-0.11,-0.01,-3266215,0,1,1,2.829,0.76,0.1,0.34,1.99,0.44,53.73,0.42,-0.11,0.36,0.27,2.680018,0.12,-0.09,-0.08,-0.24,10.73,0.39,0.5,-0.09,-0.2,-2942210,0,1,0.706544687,0.294871795,-0.21182266,-0.52238806,-0.739130435,-0.341786284,-0.095238095,-1,-7.5129683,-0.192307692,-0.090839192,-0.076923077,-4.272727273,10,-9.363636364,0.014953271,-0.583333333,0.285714286,-1.272727273,-51,-5.017328314,0,0
0,2010,7.902,1.59,0.02,0.43,3.34,2.17,53.96,0.33,0.08,44.86,0.41,2.818187,0.37,0.16,0.25,0.22,11.3,0.73,0.3,0.17,0.35,9052871,0,0,0,0,0,0,0,1,0,8.314,2.07,0.02,0.43,2.5,5.58,51.65,0.35,0.07,16.2,0.41,2.83615,0.26,0.13,0.26,0.14,11.1,0.87,0.4,0.14,0.3,5834292,0,0,1,6.014,-326.45,0.02,0.43,1.06,-3255.21,56.23,0.37,0.04,17.58,0.42,2.944355,0.02,0.18,0.18,0.18,11.09,1,0.95,0.14,0.18,8052827,0,0,-0.049554968,-0.231884058,0.336,-0.611111111,-0.600864553,0.044724105,-0.057142857,0.142857143,1.769135802,0,-0.006333586,0.423076923,0.230769231,-0.038461538,0.571428571,0.018018018,-0.16091954,-0.25,0.214285714,0.166666667,0.551665738,0,0
0,2021,8.507,0.84,0.06,0.3,0.22,-1.16,54.28,0.28,0.04,2.68,0.78,33.350625,-0.75,-0.37,0.1,-0.28,14.13,1.29,4.65,0.1,0.07,-347949982,1,0,0,0,0,0,0,1,0,1.809,0.99,0.06,0.3,0.56,1.43,46.24,0.3,0,4.79,0.75,13.657697,-0.2,-0.26,0.07,-0.33,13,0.78,1.77,0.1,0.09,-80574916,1,0,1,8.326,1.14,0.06,0.3,1.22,0.63,45.67,0.28,0.05,10.94,0.78,14.416296,0.05,0.04,0.14,0.08,13.04,0.53,0.82,0.14,0.25,13685687,0,0,3.702598121,-0.151515152,-0.607142857,-1.811188811,-2.240112994,0.173875433,-0.066666667,4,-0.440501044,0.04,1.44189229,2.75,0.423076923,0.428571429,-0.151515152,0.086923077,0.653846154,1.627118644,0,-0.222222222,3.318341232,0,0
0,2012,0.941,0.97,0.15,0.44,5.58,0.19,73.82,0.56,-0.04,22.01,0.34,7.053364,0.55,0.06,0.03,0.24,12.66,0.26,0.18,0.07,0.12,13865911,0,0,0,0,0,1,0,0,0,2.4,0.98,0.15,0.44,6.38,0.23,87.51,0.55,-0.02,27.33,0.35,6.898847,0.56,0.06,0.05,0.22,12.58,0.27,0.16,0,0.17,11735480,0,0,0,1.694,0.98,0.15,0.44,6.7,0.26,63.19,0.45,-0.03,39.16,0.38,7.085458,0.58,0.04,0.04,0.12,12.53,0.29,0.15,0.04,0.15,6782060,0,0,-0.607916667,-0.010204082,-0.12539185,-0.173913043,-0.054054054,-0.156439264,0.018181818,1,-0.194657885,-0.028571429,0.022397511,-0.017857143,0,-0.4,0.090909091,0.0063593,-0.037037037,0.125,7,-0.294117647,0.181537611,0,0
0,2015,4.541,1.23,0.27,0.3,1.9,0.33,45.81,0.33,0.2,35.68,0.48,9.015477,0.1,0.04,0.19,0.13,12.97,0.33,0.53,0.07,0.56,12932608,0,0,0,0,0,0,0,1,0,5.781,1.19,0.27,0.3,1.57,0.35,49.3,0.35,0.16,17.71,0.51,8.985242,0.07,0.06,0.16,0.17,12.92,0.35,0.64,0.09,0.47,17035944,0,0,1,5.864,1.14,0.27,0.3,1.21,0.4,48.14,0.33,0.11,2.88,0.52,9.048032,0.02,0.1,0.12,0.26,12.87,0.37,0.83,0.1,0.33,25691786,0,0,-0.214495762,0.033613445,0.210191083,-0.057142857,-0.056603774,-0.070791075,-0.057142857,0.25,1.014680971,-0.058823529,0.003364962,0.428571429,-0.333333333,0.1875,-0.235294118,0.003869969,-0.057142857,-0.171875,-0.222222222,0.191489362,-0.240863436,0,0
0,2021,6.614,1.1,0.08,0.16,2.69,-0.82,62.72,0.4,0.22,-3.51,0.76,16.599501,0.27,0.5,0.58,10586977500,12.62,-3.64,0.37,0.5,12191676600,105869775,0,0,0,0,1,0,1,0,0,7.176,1.09,0.08,0.16,1.58,-0.83,43.14,0.41,0.18,-2.89,0.7,15.060638,0.12,0.48,0.51,8873293700,12.49,-3.69,0.63,0.48,9444171000,88732937,0,0,0,5.844,1.12,0.08,0.16,3.21,-0.75,60.31,0.39,0.21,-1.67,0.75,16.254505,0.28,0.43,0.51,9658862700,12.68,-2.5,0.31,0.43,11454434400,96588627,0,0,-0.078316611,0.009174312,0.702531646,-0.012048193,-0.012658228,0.453871117,-0.024390244,0.222222222,0.214532872,0.085714286,0.102177809,1.25,0.041666667,0.137254902,0.193128263,0.010408327,-0.013550136,-0.412698413,0.041666667,0.290920781,0.193128263,1,1
0,2015,7.544,1.09,0.34,0.2,1.2,0,44.57,0.42,0.05,165.14,0.38,4.213164,0.1,0,0.1,0.01,12.57,0.47,0.83,0.05,0.22,862813,0,0,0,0,1,0,0,0,0,0.249,0.97,0.34,0.2,2.39,0.36,67.08,0.49,-0.02,69.89,0.46,4.817512,0.23,0.07,0.05,0.18,12.41,0.39,0.42,0.07,0.13,11838042,0,0,0,4.304,0.97,0.34,0.2,1.92,0.36,57.9,0.52,-0.02,51.29,0.5,5.005537,0.16,0.04,0.05,0.09,12.3,0.39,0.52,0.03,0.12,5553116,0,0,29.29718876,0.12371134,-0.49790795,-1,0.412698413,-0.335569469,-0.142857143,-3.5,1.362855916,-0.173913043,-0.125448157,-0.565217391,-1,1,-0.944444444,0.012892828,0.205128205,0.976190476,-0.285714286,0.692307692,-0.927115227,0,0
0,2014,2.874,0.92,0.01,0.58,2.39,0.6,32.72,0.5,-0.04,61.66,0.75,4.050519,0.23,0.03,0.02,0.06,11.8,0.48,0.42,0.02,0.05,2536456,0,0,0,0,0,0,0,1,0,4.084,0.96,0.01,0.58,2.35,0.59,33.31,0.49,-0.02,69.26,0.6,3.595699,0.23,0.04,0.03,0.09,11.75,0.48,0.43,0.04,0.07,3624291,0,0,1,3.789,0.99,0.01,0.58,2.06,0.69,37.21,0.49,0,78.67,0.63,3.564291,0.2,0.03,0.04,0.06,11.76,0.52,0.49,0.02,0.08,2619074,0,0,-0.296278159,-0.041666667,0.017021277,0.016949153,-0.010869565,-0.017712399,0.020408163,1,-0.109731447,0.25,0.126490009,0,-0.25,-0.333333333,-0.333333333,0.004255319,0,-0.023255814,-0.5,-0.285714286,-0.300151119,0,0
0,2010,6.582,1.18,0.03,0.2,2.16,-0.12,37.35,0.32,0.1,0.05,0.75,8.643282,0.13,0.11,0.24,1080220600,11.87,-0.01,0.46,0.18,2422031600,10802206,0,0,0,0,1,0,1,0,0,4.535,1.5,0.03,0.2,2.32,0.03,40.52,0.3,0.26,0.16,0.81,7.916043,0.13,0.1,0.51,0.85,11.89,0.12,0.43,0.12,4.17,10597910,0,0,0,4.529,1.46,0.03,0.2,2.52,0.14,46.15,0.31,0.25,0.04,0.78,6.886809,0.14,0.08,0.42,0.41,11.86,0.2,0.4,0.11,2.09,8075992,0,0,0.45137817,-0.213333333,-0.068965517,-5,-1.071428571,-0.078232971,0.066666667,-0.615384615,-0.6875,-0.074074074,0.091869006,0,0.1,-0.529411765,1270847764,-0.001682086,-1.083333333,0.069767442,0.5,580822924.7,0.019277008,0,0
0,2019,1.491,0.88,0.04,0.59,2.37,0.88,45.43,0.59,-0.05,11.96,0.68,4.618078,0.14,-0.05,0,-0.09,12.36,0.52,0.42,-0.03,0,-7822930,0,1,0,0,0,0,0,0,1,2.359,0.93,0.04,0.59,2.19,0.8,46.27,0.59,-0.03,11.16,0.68,4.72265,0.11,-0.02,0.03,-0.04,12.41,0.5,0.46,0,0.05,-3170580,0,1,1,0.153,0.84,0.04,0.59,1.73,0.8,43.14,0.63,-0.08,7.95,0.73,4.682013,0.08,-0.05,-0.02,-0.1,12.46,0.5,0.58,-0.04,-0.04,-8793259,0,1,-0.367952522,-0.053763441,0.082191781,0.1,0.101010101,-0.018154312,0,0.666666667,0.071684588,0,-0.022142653,0.272727273,1.5,-1,1.25,-0.004029009,0.04,-0.086956522,-3,-1,1.467349822,0,0
0,2020,0.085,1.41,0.26,0.3,0.56,-2.1,47.09,0.58,-0.15,40.67,0.34,4.675812,-0.25,-0.23,-0.09,-0.16,11.79,1.39,1.78,-0.04,-0.06,-20889556,0,1,0,0,0,0,0,1,0,1.467,1.54,0.26,0.3,0.63,-2.06,49.36,0.42,-0.06,83.76,0.36,5.526471,-0.31,-0.16,-0.01,-0.14,11.83,1.15,1.59,0,-0.01,-15178445,0,0,1,0.179,-11.9,0.26,0.3,1.01,148.42,35.72,0.52,-0.06,42.58,0.36,5.40809,0,0.1,0.01,0.1,11.82,1,0.99,0.08,0.01,9020929,0,0,-0.942058623,-0.084415584,-0.111111111,0.019417476,-0.522666667,-0.045988655,0.380952381,1.5,-0.514446036,-0.055555556,-0.153924448,-0.193548387,0.4375,8,0.142857143,-0.003381234,0.208695652,0.119496855,-4,5,0.376264565,0,0
0,2020,3.302,0.94,0.05,0.25,0.79,0.01,49.13,0.38,-0.08,0.01,0.37,5.053569,-0.03,-0.08,0.07,-0.56,12.28,0.14,1.27,-0.08,0.53,-11564037,1,1,0,0,0,0,0,0,0,1.539,0.91,0.05,0.25,1.1,0.01,49.61,0.44,-0.16,0.01,0.4,4.156918,0.01,1.34,0.03,15.51,12.31,0.09,0.91,-0.1,0.32,206727014,0,1,0,1.46,1.23,0.05,0.25,-0.02,-2.41,50.85,0.43,-0.2,-66.44,0.43,4.236831,-0.31,-0.13,0.01,-0.08,12.17,1.49,-59.75,-0.14,0.01,-16976444,1,1,1.145549058,0.032967033,-0.281818182,0,0.6,-0.009675469,-0.136363636,-0.5,0,-0.075,0.215700911,-4,-1.059701493,1.333333333,-1.036105738,-0.002437043,0.555555556,0.395604396,-0.2,0.65625,-1.055938683,0,0
0,2014,2.285,0.64,0,0.19,2.73,0.24,75.02,0.42,-0.11,-1.68,0.53,11.395573,0.33,-0.52,-0.17,-1.5,12.26,0.34,0.37,-0.23,-0.5,-76272894,0,1,0,0,1,0,1,0,0,2.34,0.84,0,0.19,2.28,-0.33,63.06,0.42,-0.08,-0.25,0.52,11.607537,0.26,-0.17,-0.11,-2509733700,12.25,-0.19,0.44,-0.17,-1584005400,-25097337,0,1,0,4.12,0.94,0,0.19,2.91,-0.35,59.74,0.42,-0.04,0.16,0.55,11.517372,0.3,-0.04,-0.02,-653134100,12.3,-0.3,0.34,-0.04,-332260700,-6531341,0,1,-0.023504274,-0.238095238,0.197368421,-1.727272727,-4.3125,0.189660641,0,0.375,5.72,0.019230769,-0.018260894,0.269230769,2.058823529,0.545454545,-0.999999999,0.000816327,-2.789473684,-0.159090909,0.352941176,-1,2.039083151,1,1
0,2018,0.16,0.93,0.03,0.33,0.74,0.05,47.8,0.31,-0.13,1.39,0.62,10.445415,-0.03,0.19,-0.02,1.23,13.8,0.16,1.35,-0.03,-0.12,133760735,1,1,0,0,0,0,0,0,0,1.459,0.95,0.03,0.33,0.63,0.18,41.99,0.32,-0.09,0.64,0.54,8.953769,-0.05,0.26,-0.01,0.97,13.68,0.26,1.6,0,-0.05,154723367,1,1,0,5.157,1.01,0.03,0.33,0.21,0.3,44.37,0.35,0.02,0.04,0.5,8.342517,-0.16,0.01,0.04,0.03,13.42,0.38,4.85,0.05,0.1,5466223,1,0,-0.890335846,-0.021052632,0.174603175,-0.722222222,-0.472222222,0.138366278,-0.03125,0.444444444,1.171875,0.148148148,0.166594202,-0.4,-0.269230769,1,0.268041237,0.00877193,-0.384615385,-0.15625,-3,1.4,-0.13548459,0,0
0,2011,2.832,0.94,0.02,0.4,3.04,0.08,43.59,0.51,-0.03,60.63,0.56,4.189129,0.34,0.01,0.01,0.05,11.29,0.23,0.33,-0.01,0.04,669835,0,1,0,1,0,0,0,0,0,0.352,1,0.02,0.4,3.3,0.11,48.26,0.41,0,64.85,0.57,4.279696,0.36,0.04,0.05,0.15,11.28,0.24,0.3,0.02,0.23,2022887,0,0,0,5.689,1.01,0.02,0.4,3.27,0.14,46.12,0.41,0.01,58.65,0.65,4.675676,0.34,0.01,0.07,0.06,11.26,0.26,0.31,0.02,0.28,788631,0,0,7.045454545,-0.06,-0.078787879,-0.272727273,-0.032258065,-0.096767509,0.243902439,-3,-0.065073246,-0.01754386,-0.021162017,-0.055555556,-0.75,-0.8,-0.666666667,0.000886525,-0.041666667,0.1,-1.5,-0.826086957,-0.668871766,0,0
0,2020,5.839,1.17,0.02,0.14,0.6,0.28,49.93,0.21,0.1,0.01,0.14,1.240451,-0.12,-0.19,0.14,-0.43,11.61,0.44,1.68,0.13,0.32,-14659018,1,0,0,0,0,0,0,0,1,4.487,1.39,0.02,0.14,1.48,0.32,51.31,0.2,0.3,0.01,0.14,1.466402,0.07,-0.03,0.38,-0.19,11.48,0.15,0.68,0.34,2.54,-1879518,0,0,1,4.512,1.27,0.02,0.14,1.51,0.32,53.4,0.25,0.24,0.01,0.14,1.469795,0.07,-0.06,0.28,-0.43,11.5,0.14,0.66,0.27,2.1,-3994966,0,0,0.30131491,-0.158273381,-0.594594595,-0.125,3.444444444,-0.026895342,0.05,-0.666666667,0,0,-0.154085305,-2.714285714,5.333333333,-0.631578947,1.263157895,0.011324042,1.933333333,1.470588235,-0.617647059,-0.874015748,6.79934962,0,0
0,2016,2.302,0.42,0.04,0.18,1.46,9.17,51.53,0.63,-0.04,11.24,0.71,40.17048,0.09,0.02,0.01,0.02,14.26,0.92,0.68,-0.01,0.01,19708000,0,1,0,0,0,0,1,0,0,3.84,0.67,0.04,0.18,1.48,10.94,50.56,0.61,-0.02,18.89,0.71,39.907613,0.1,-0.03,0.04,-0.03,14.18,0.93,0.67,0.02,0.04,-29708000,0,0,0,3.58,0.77,0.04,0.18,1.71,7.75,45.18,0.6,-0.02,38.04,0.73,40.21097,0.13,-0.07,0.04,-0.07,14.21,0.91,0.58,0.02,0.04,-69336000,0,0,-0.400520833,-0.373134328,-0.013513514,-0.16179159,-0.176091625,0.019185127,0.032786885,1,-0.404976178,0,0.006586889,-0.1,-1.666666667,-0.75,-1.666666667,0.005641749,-0.010752688,0.014925373,-1.5,-0.75,-1.663390333,0,0
0,2011,7.564,1.11,0.17,0.2,5.68,0.36,37.16,0.47,0.09,201.18,0.48,10.194934,0.44,0.12,0.1,0.37,13.18,0.33,0.18,0.09,0.29,45457421,0,0,0,0,0,0,1,0,0,4.76,1.06,0.17,0.2,4.62,0.45,43.47,0.41,0.05,182.73,0.49,9.82436,0.37,0.1,0.07,0.25,13.06,0.38,0.22,0.05,0.18,31335239,0,0,0,8.147,1.12,0.17,0.2,4.77,0.64,57.63,0.4,0.09,172.34,0.56,9.441723,0.38,0.03,0.09,0.06,13.01,0.45,0.21,0.07,0.21,7982181,0,0,0.58907563,0.047169811,0.229437229,-0.2,-0.180327869,-0.14515758,0.146341463,0.8,0.100968642,-0.020408163,0.037719913,0.189189189,0.2,0.428571429,0.48,0.009188361,-0.131578947,-0.181818182,0.8,0.611111111,0.450680526,0,0
0,2017,1.095,0.98,0.13,0.35,-0.79,0.32,49.5,0.46,-0.01,1.01,0.32,1.522579,0.72,0.04,0.06,175232600,11.08,-0.4,-1.27,0.07,276231900,1752326,0,0,0,0,0,0,0,1,0,6.436,1.01,0.13,0.35,-0.5,0.32,55.38,0.47,0.01,0.03,0.34,1.747774,1.31,0.1,0.13,333965700,10.76,-0.88,-2.02,0.1,425432400,3339657,0,0,1,4.512,1.2,0.13,0.35,-0.39,0.32,74.66,0.34,0.22,0.03,0.34,1.251972,1.57,0.48,0.5,1323154800,10.58,-1.13,-2.54,0.48,1357515100,13231548,0,0,-0.829863269,-0.02970297,0.58,0,-0.382978723,-0.106175515,-0.021276596,-2,32.66666667,-0.058823529,-0.12884675,-0.450381679,-0.6,-0.538461538,-0.475297613,0.029739777,-0.545454545,-0.371287129,-0.3,-0.35070319,-0.475297613,1,1
0,2020,0.177,0.86,0.04,0.31,2.15,1.05,57.14,0.47,-0.18,25.16,0.31,1.242089,0.1,-0.03,-0.02,-0.05,12.17,0.55,0.46,0.04,-0.04,-3656240,0,0,0,0,0,0,0,1,0,1.526,0.95,0.04,0.31,1.4,0.21,76.43,0.43,-0.08,5.01,0.35,1.229961,0.04,-0.06,0,-0.25,11.72,0.26,0.72,0.04,0.01,-5530771,0,0,1,1.469,0.91,0.04,0.31,1.38,0.17,78.89,0.48,-0.15,5.79,0.12,1.253497,0.05,-0.28,-0.04,-1.05,11.81,0.26,0.72,-0.03,-0.14,-25931738,0,1,-0.884010485,-0.094736842,0.535714286,4,2.542857143,-0.252387806,0.093023256,1.25,4.021956088,-0.114285714,0.009860475,1.5,-0.5,-2,-0.8,0.038395904,1.115384615,-0.361111111,0,-5,-0.338927611,0,0
0,2016,1.069,0.97,0.05,0.3,2.14,1.06,53.23,0.54,-0.02,28.61,0.58,10.574519,0.07,0.03,0.03,0.06,13.41,0.54,0.47,0.03,0.05,14084953,0,0,0,0,0,0,0,0,0,7.479,1,0.05,0.3,1.76,1.12,56.33,0.53,0,18.88,0.62,10.433256,0.05,0.01,0.04,0.02,13.38,0.56,0.57,0.04,0.07,4761358,0,0,0,0.542,0.99,0.05,0.3,1.66,1.17,48.36,0.53,-0.01,38.07,0.58,9.819924,0.05,-0.04,0.03,-0.06,13.38,0.57,0.6,0,0.06,-16280268,0,0,-0.857066453,-0.03,0.215909091,-0.053571429,-0.0703125,-0.055032842,0.018867925,-2,0.515360169,-0.064516129,0.013539685,0.4,2,-0.25,2,0.002242152,-0.035714286,-0.175438596,-0.25,-0.285714286,1.958179788,0,0
0,2013,4.517,2.55,0.01,0.22,3.31,3.17,52.94,0.3,0.23,0.02,0.4,4.345666,0.18,0.22,0.44,0.28,11.47,0.78,0.3,0.35,0.56,14638645,0,0,0,0,1,0,0,1,0,4.533,1378.65,0.01,0.22,3.49,4467.92,48.69,0.29,0.2,0.37,0.38,3.995754,0.17,0.21,0.39,0.21,11.47,1,0.29,0.29,0.39,13798167,0,0,1,6.658,0.51,0.01,0.22,2.84,-5.69,41.96,0.25,0.07,0.31,0.33,3.99671,0.12,0.07,0.2,0.06,11.51,1.2,0.35,0.1,0.16,5020735,0,0,-0.003529671,-0.998150364,-0.051575931,-0.999290498,-0.999262862,0.087286917,0.034482759,0.15,-0.945945946,0.052631579,0.087570957,0.058823529,0.047619048,0.128205128,0.333333333,0,-0.22,0.034482759,0.206896552,0.435897436,0.060912294,0,0
0,2020,7.216,1.07,0.06,0.3,1.25,0.66,47.44,0.35,0.08,79.13,0.32,1.094195,0.04,0.44,0.05,0.9,12.47,0.49,0.8,0.05,0.1,79578495,0,0,0,0,1,0,0,0,0,7.552,1.43,0.06,0.3,1.74,0.76,46.49,0.38,0.07,7.18,0.3,0.97886,0.2,0.05,0.25,0.08,10.73,0.59,0.58,0.19,0.42,1529071,0,0,0,7.585,1.41,0.06,0.3,1.65,0.71,44.65,0.38,0.06,6.22,0.23,0.758987,0.2,0.02,0.25,0.03,10.62,0.59,0.61,0.22,0.43,519141,0,0,-0.044491525,-0.251748252,-0.281609195,-0.131578947,-0.335664336,0.020434502,-0.078947368,0.142857143,10.02089136,0.066666667,0.117825838,-0.8,7.8,-0.8,10.25,0.162162162,-0.169491525,0.379310345,-0.736842105,-0.761904762,51.04368862,0,0
0,2019,1.966,0.99,0.03,0.13,1.53,0.5,36.5,0.52,0,0.15,0.3,0.944807,0.05,0.04,0.07,0.1,10.17,0.39,0.65,0.02,0.17,736806,0,0,0,0,1,0,0,0,1,7.875,1.05,0.03,0.13,1.92,0.53,45.93,0.51,0.02,0.61,0.31,0.902976,0.1,0.07,0.08,0.16,10.15,0.42,0.52,0.07,0.2,1211144,0,0,1,3.328,0.93,0.03,0.13,1.84,0.78,48.44,0.54,-0.02,0.55,0.32,0.968157,0.1,0.01,0.03,0.02,10.18,0.5,0.54,0.01,0.06,199821,0,0,-0.750349206,-0.057142857,-0.203125,-0.056603774,-0.109589041,-0.205312432,0.019607843,-1,-0.754098361,-0.032258065,0.046325705,-0.5,-0.428571429,-0.125,-0.375,0.001970443,-0.071428571,0.25,-0.714285714,-0.15,-0.391644594,0,0
0,2009,5.842,2.25,0.03,0.24,2.63,0.78,49.98,0.28,0.25,-5.99,0.36,3.086237,0.24,-0.05,0.69,-0.09,10.52,0.52,0.38,0.29,1.32,-1209801,1,0,0,0,0,0,0,1,0,4.608,1.24,0.03,0.24,2.62,0.54,53.86,0.37,0.07,-2.86,0.36,2.983262,0.21,-0.41,0.21,-0.93,10.45,0.44,0.38,0.14,0.48,-9809701,1,0,1,8.103,1.19,0.03,0.24,2.78,0.13,54.48,0.36,0.1,-7.32,0.39,3.12073,0.17,0.04,0.23,0.22,10.64,0.2,0.36,0.16,1.16,1281095,1,0,0.267795139,0.814516129,0.003816794,0.444444444,0.384615385,-0.072038619,-0.243243243,2.571428571,1.094405594,0,0.034517585,0.142857143,-0.87804878,2.285714286,-0.903225806,0.006698565,0.181818182,0,1.071428571,1.75,-0.876673,0,0
0,2020,0.06,0.15,0.06,0.3,1.72,0.67,39.7,0.47,-0.25,0.06,0.28,2.640626,0.19,-0.15,-0.32,-0.28,12.08,0.56,0.58,-0.21,-0.58,-18891884,1,1,0,0,0,0,0,0,0,0.084,0.58,0.06,0.3,3.01,0.4,41.17,0.47,-0.17,0.07,0.32,3.103745,0.32,-0.04,-0.19,-0.09,12.06,0.4,0.33,-0.21,-0.49,-4258488,1,1,0,0.082,0.64,0.06,0.3,4.72,0.36,40.48,0.44,-0.15,0.08,0.35,3.370148,0.43,0.22,-0.18,0.62,12.05,0.35,0.21,-0.21,-0.5,25757991,1,1,-0.285714286,-0.74137931,-0.428571429,0.675,0.924242424,-0.035705611,0,0.470588235,-0.142857143,-0.125,-0.149212967,-0.40625,2.75,0.684210526,2.111111111,0.001658375,0.4,0.757575758,0,0.183673469,3.436289124,0,0
0,2013,2.323,0.9,0.04,0.4,2.09,0.62,50.03,0.62,-0.07,144.2,0.82,17.083285,0.25,0.22,0,0.42,13.51,0.52,0.48,0.22,-0.01,111564500,0,0,0,0,0,0,1,0,0,1.465,0.73,0.04,0.4,2.2,1.97,51.13,0.68,-0.1,122.18,0.76,17.013219,0.22,-0.01,-0.03,-0.01,13.46,0.73,0.45,-0.01,-0.05,-3577486,0,1,0,2.313,0.84,0.04,0.4,2.07,1.69,48.33,0.65,-0.06,118.28,0.78,17.313748,0.21,-0.11,-0.01,-0.15,13.41,0.7,0.48,-0.12,-0.01,-49214813,0,1,0.585665529,0.232876712,-0.05,-0.685279188,-0.587121212,-0.021513788,-0.088235294,-0.3,0.180225896,0.078947368,0.004118327,0.136363636,-23,-1,-43,0.00371471,-0.287671233,0.066666667,-23,-0.8,-32.18516746,0,0
0,2016,0.107,0.46,0.07,0.19,2.32,2.29,50.11,0.71,-0.18,96.73,0.81,53.459296,0.21,0.05,-0.09,0.06,15.17,0.75,0.43,0.06,-0.12,122215000,0,0,0,0,0,0,0,0,0,0.091,0.45,0.07,0.19,2.28,2.47,47.74,0.71,-0.2,112.93,0.83,36.537008,0.19,-0.01,-0.08,-0.01,15.02,0.76,0.44,0.02,-0.1,-18142000,0,0,0,0.115,0.61,0.07,0.19,1.95,1.88,46.71,0.7,-0.16,115.73,0.84,35.972674,0.18,0.03,-0.05,0.04,14.91,0.72,0.51,0.05,-0.07,66105000,0,0,0.175824176,0.022222222,0.01754386,-0.072874494,-0.051779935,0.049643904,0,-0.1,-0.143451696,-0.024096386,0.463154728,0.105263158,-6,0.125,-7,0.009986684,-0.013157895,-0.022727273,2,0.2,-7.736578106,0,0
0,2017,4.381,0.97,0.09,0.36,1.24,0.07,110.35,0.52,-0.01,3.1,0.4,4.996222,0.13,0.14,0.02,0.24,11.55,0.59,0.81,0.03,0.03,10087670,0,0,0,0,1,0,1,0,0,2.423,0.89,0.09,0.36,1.01,0.44,100.95,0.53,-0.02,4.8,0.4,5.01644,0,-0.15,0.02,-0.21,11.47,0.71,0.99,0,0.02,-9706235,0,0,0,2.369,0.7,0.09,0.36,1.71,0.36,48.51,0.51,-0.08,4.01,0.4,5.014699,0.25,0.59,-0.09,1.13,11.39,0.52,0.58,-0.07,-0.17,36603540,0,1,0.808089146,0.08988764,0.227722772,-0.840909091,-0.408333333,0.093115404,-0.018867925,-0.5,-0.354166667,0,-0.004030348,13,-1.933333333,0,-2.142857143,0.006974717,-0.169014085,-0.181818182,3,0.5,-2.039297936,0,0
0,2016,4.832,1.13,0.17,0.46,7.19,2.74,36.84,0.53,0.03,10.49,0.26,3.414369,0.18,0.27,0.16,0.36,11.34,0.74,0.14,0.09,0.22,15817064,0,0,0,0,0,0,0,1,0,2.358,13.85,0.17,0.46,5.34,-76.92,43.62,0.5,-0.1,11.13,0.28,3.205696,0.24,-0.08,0,-0.07,11.05,1.01,0.19,-0.11,0,-3327253,0,1,1,6.374,1.55,0.17,0.46,4.44,15.24,64.55,0.52,0.02,8.56,0.32,3.835918,0.26,-0.86,0.14,-0.91,11.16,0.94,0.23,0.06,0.15,-41854127,0,0,1.049194232,-0.918411552,0.346441948,-1.035621425,-1.035033805,-0.155433287,0.06,-1.3,-0.057502246,-0.071428571,0.065094444,-0.25,-4.375,16,-6.142857143,0.026244344,-0.267326733,-0.263157895,-1.818181818,22,-5.753790589,0,0
0,2021,1.469,0.93,0.06,0.3,1.11,0.52,35.51,0.38,-0.07,40.5,0.41,5.076377,0.02,0.07,0,0.15,13.44,0.46,0.9,0.05,-0.01,32183812,0,0,0,0,0,0,0,0,0,2.846,0.95,0.06,0.3,0.83,0.49,36.79,0.41,-0.04,49.87,0.45,5.260774,-0.04,-0.05,0.01,-0.09,13.36,0.49,1.21,0.01,0.03,-20129813,0,0,0,7.588,1.09,0.06,0.3,1.92,0.59,41.8,0.35,0.07,14.18,0.51,6.392072,0.07,0.04,0.09,0.1,13.32,0.42,0.52,0.08,0.23,17513033,0,0,-0.483836964,-0.021052632,0.337349398,0.06122449,-0.105263158,-0.034792063,-0.073170732,0.75,-0.18788851,-0.088888889,-0.035051306,-1.5,-2.4,-1,-2.666666667,0.005988024,-0.06122449,-0.256198347,4,-1.333333333,-2.598813263,0,0
0,2014,0.415,0.95,0.03,0.28,1.79,0.32,50.75,0.5,-0.03,55.39,0.47,4.844208,0.23,0,0.02,-0.01,11.52,0.29,0.56,0,0.06,-233230,0,1,0,0,0,0,1,0,0,2.9,0.88,0.03,0.28,1.73,0.32,64.26,0.54,-0.07,44.35,0.48,4.62379,0.21,-0.02,-0.04,-0.06,11.53,0.29,0.58,-0.01,-0.12,-1147126,0,1,0,1.79,0.97,0.03,0.28,2.3,0.32,65.18,0.54,-0.02,46.46,0.53,4.812992,0.31,-0.02,0.02,-0.09,11.48,0.24,0.44,0.03,0.09,-1452085,0,0,-0.856896552,0.079545455,0.034682081,0,-0.023809524,-0.210239651,-0.074074074,-0.571428571,0.248928974,-0.020833333,0.047670418,0.095238095,-1,-1.5,-0.833333333,-0.000867303,0,-0.034482759,-1,-1.5,-0.796683189,0,0
0,2019,0.179,0.88,0.01,0.26,1.3,0.47,48.51,0.67,-0.07,155.54,0.69,13.041772,0.03,-0.01,-0.01,-0.02,12.85,0.39,0.77,-0.01,-0.04,-1867603,0,1,1,0,0,0,0,0,0,3.868,0.9,0.01,0.26,1.38,0.49,38.44,0.64,-0.06,2.21,0.7,12.642177,0.04,0,0.01,0,12.86,0.39,0.73,0,0.03,-472474,0,1,0,2.89,0.86,0.01,0.26,1.47,0.52,35.19,0.66,-0.09,0.46,0.69,12.523028,0.04,-0.01,-0.02,-0.02,12.87,0.4,0.68,-0.01,-0.05,-2092642,0,1,-0.953722854,-0.022222222,-0.057971014,-0.040816327,0,0.261966701,0.046875,0.166666667,69.3800905,-0.014285714,0.031608085,-0.25,-1,-2,-2,-0.000777605,0,0.054794521,-1,-2.333333333,2.952816451,0,0
0,2017,3.582,0.88,0.25,0.27,1.06,2.03,39.28,0.33,-0.06,11.72,0.71,17.230181,0.01,0.04,0.02,0.06,13.8,0.7,0.94,0.04,0.03,28876593,0,0,1,0,0,0,1,0,0,4.095,0.9,0.25,0.27,0.99,2.47,45.6,0.33,-0.05,13.67,0.71,16.550191,0,0.02,0.03,0.03,13.8,0.74,1.01,0.02,0.03,16705279,0,0,0,4.278,0.9,0.25,0.27,2.51,2.8,47.61,0.3,-0.04,19.71,0.64,15.972121,0.19,0,0.02,0,13.81,0.77,0.4,0.02,0.03,-2574021,0,0,-0.125274725,-0.022222222,0.070707071,-0.178137652,-0.186851211,-0.138596491,0,0.2,-0.142648135,0,0.041086535,1,1,-0.333333333,1,0,-0.054054054,-0.069306931,1,0,0.728590884,0,0
0,2009,5.281,1.03,0.14,0.46,3.99,0.95,55.79,0.44,0.02,109.77,0.29,3.194155,0.27,0.05,0.06,0.09,11.4,0.53,0.25,0.05,0.11,2829765,0,0,1,0,0,0,1,0,0,2.309,0.83,0.14,0.46,3.71,1.1,61.05,0.48,-0.11,79.72,0.27,3.159443,0.23,-0.1,-0.04,-0.18,11.37,0.57,0.27,-0.1,-0.07,-6206073,0,1,0,2.644,0.99,0.14,0.46,6.97,0.88,65.67,0.45,-0.01,145,0.31,3.331585,0.36,0.02,0.03,0.04,11.44,0.5,0.14,0.02,0.06,1408656,0,0,1.287137289,0.240963855,0.075471698,-0.136363636,-0.123076923,-0.086158886,-0.083333333,-1.181818182,0.376944305,0.074074074,0.010986747,0.173913043,-1.5,-2.5,-1.5,0.002638522,-0.070175439,-0.074074074,-1.5,-2.571428571,-1.455967083,0,0
0,2015,3.401,1,0.02,0.44,4.55,0.9,54.47,0.51,0,216.18,0.54,8.433642,0.42,-0.02,0.04,-0.03,13.4,0.53,0.22,0.03,0.08,-7594515,0,0,0,0,0,0,0,1,0,5.575,1,0.02,0.44,4.4,0.76,63.07,0.52,0,255,0.54,8.012696,0.45,0.02,0.04,0.04,13.38,0.51,0.23,0.06,0.08,8182367,0,0,1,7.46,1.01,0.02,0.44,4.76,0.62,67.91,0.53,0.01,222.79,0.53,7.759524,0.48,0.16,0.05,0.35,13.25,0.46,0.21,0.08,0.11,64079611,0,0,-0.389955157,0,0.034090909,0.184210526,0.105769231,-0.136356429,-0.019230769,0,-0.152235294,0,0.052534877,-0.066666667,-2,0,-1.75,0.001494768,0.039215686,-0.043478261,-0.5,0,-1.928156241,0,0
0,2019,2.362,-0.36,0.21,0.24,0.48,3.55,31.92,0.59,-0.14,10.49,0.12,2.258713,-0.18,-0.03,-0.12,-0.04,9.98,0.86,2.08,-0.03,-0.15,-504589,0,1,1,1,0,0,0,0,0,0.041,-0.75,0.21,0.24,0.84,3.18,32.31,0.65,-0.22,6.38,0.18,2.630978,-0.05,-0.2,-0.22,-0.24,10.03,0.83,1.2,-0.18,-0.26,-3118123,0,1,0,2.355,0.45,0.21,0.24,1.88,1.11,45.41,0.61,-0.14,26.3,0.18,2.608512,0.27,-0.06,-0.1,-0.09,10.14,0.67,0.53,-0.06,-0.15,-1093901,0,1,56.6097561,-0.52,-0.428571429,0.116352201,0.21010101,-0.012070566,-0.092307692,-0.363636364,0.644200627,-0.333333333,-0.141493011,2.6,-0.85,-0.454545455,-0.833333333,-0.004985045,0.036144578,0.733333333,-0.833333333,-0.423076923,-0.838175402,0,0
0,2015,8.018,1.01,0.01,0.4,1.96,-0.21,39.73,0.44,0,0.01,0.79,4.780486,0.15,-0.04,0.09,-148493900,10.88,-0.08,0.51,0.04,320193300,-1484939,0,0,0,0,1,0,0,0,0,6.578,1.17,0.01,0.4,2.14,-0.23,45.13,0.41,0.09,0.22,0.85,5.086981,0.18,0.14,0.26,511463900,10.9,-0.1,0.47,0.2,974016700,5114639,0,0,0,6.591,1.19,0.01,0.4,2.19,-0.19,42.45,0.42,0.09,0.38,0.79,4.831575,0.19,0.13,0.26,456495700,10.82,-0.04,0.46,0.21,908168700,4564957,0,0,0.218911523,-0.136752137,-0.08411215,-0.086956522,-0.222222222,-0.119654332,0.073170732,-1,-0.954545455,-0.070588235,-0.060250864,-0.166666667,-1.285714286,-0.653846154,-1.290331146,-0.001834862,-0.2,0.085106383,-0.8,-0.671265082,-1.290331146,1,1
0,2009,4.93,1.04,0.1,0.24,3.64,0.45,56.02,0.42,0.02,87.85,0.8,18.567955,0.32,-0.01,0.06,-0.02,13.68,0.39,0.27,-0.01,0.14,-3627489,1,1,0,0,0,0,0,1,0,4.525,1.07,0.1,0.24,4.13,0.41,48.51,0.42,0.04,138.14,0.88,17.963888,0.39,0.03,0.08,0.07,13.66,0.38,0.24,0.06,0.21,16859862,1,0,1,6.638,1.09,0.1,0.24,5.67,0.41,50.69,0.42,0.06,143.44,0.82,17.562813,0.44,0,0.09,0,13.58,0.36,0.18,0.09,0.26,0,1,0,0.089502762,-0.028037383,-0.118644068,0.097560976,0.048387097,0.154813441,0,-0.5,-0.364050963,-0.090909091,0.03362674,-0.179487179,-1.333333333,-0.25,-1.285714286,0.001464129,0.026315789,0.125,-1.166666667,-0.333333333,-1.21515532,0,0
0,2018,2.822,0.41,0.03,0.54,2.26,0.33,38.12,0.62,-0.1,80.27,0.23,1.432539,0.44,-0.21,-0.29,-0.41,8.7,0.51,0.44,-0.21,-0.57,-865945,0,1,1,1,0,0,0,0,0,2.287,0.56,0.03,0.54,4.72,0.29,44.43,0.6,-0.12,81.51,0.2,1.280814,0.6,-0.21,-0.29,-0.6,8.78,0.35,0.21,-0.21,-0.81,-957331,0,1,0,3.286,0.8,0.03,0.54,4.11,0.26,40.64,0.59,-0.07,88.06,0.21,1.291865,0.59,-0.03,-0.13,-0.09,9.06,0.35,0.24,-0.03,-0.36,-189132,0,1,0.233930914,-0.267857143,-0.521186441,0.137931034,0.925925926,-0.142021157,0.033333333,-0.166666667,-0.015212857,0.15,0.118459823,-0.266666667,0,0,-0.316666667,-0.009111617,0.457142857,1.095238095,0,-0.296296296,-0.095459146,0,0
0,2009,0.146,2.1,0.06,0.3,0.36,0.32,60.94,0.7,-0.48,46.61,0.51,4.393037,-0.87,-0.52,-0.3,-0.38,11.02,1.37,2.76,-0.28,-0.22,-22049340,1,1,0,0,1,0,0,0,1,3.22,-0.05,0.06,0.3,0.99,0.35,334.34,0.49,-0.13,0,0.44,3.96302,-0.01,0.07,-0.09,0.07,11.38,0.89,1.01,-0.08,-0.11,4046502,1,1,1,1.25,0.56,0.06,0.3,1.07,2.92,149.05,0.44,-0.02,-0.06,0.55,4.818974,0.06,-0.17,0.05,-0.18,11.11,0.95,0.93,0.03,0.06,-7822461,1,0,-0.954658385,-43,-0.636363636,-0.085714286,-1.4393404,-0.817730454,0.428571429,2.692307692,4661,0.159090909,0.108507401,86,-8.428571429,2.333333333,-6.428571429,-0.031634446,0.539325843,1.732673267,2.5,1,-6.448987792,0,0
0,2020,3.191,0.99,0.31,0.31,4.15,0.13,18.76,0.5,-0.01,382.24,0.22,2.523902,0.58,0.08,0.02,0.29,11.34,0.28,0.24,0.08,0.07,4746773,0,0,1,1,0,0,0,0,0,5.305,1.03,0.31,0.31,4.5,0.16,27.25,0.52,0.03,316.66,0.23,2.384513,0.56,0.07,0.05,0.24,11.21,0.27,0.22,0.07,0.18,3426348,0,0,0,4.795,1.04,0.31,0.31,4.08,0.21,26.74,0.51,0.03,286.32,0.25,2.440678,0.52,0.07,0.05,0.21,11.17,0.31,0.25,0.07,0.17,3314531,0,0,-0.398491989,-0.038834951,-0.077777778,-0.1875,0.026315789,-0.311559633,-0.038461538,-1.333333333,0.207099097,-0.043478261,0.058455961,0.035714286,0.142857143,-0.6,0.208333333,0.011596789,0.037037037,0.090909091,0.142857143,-0.611111111,0.385373873,0,0
0,2009,8.065,1.04,0.06,0.39,3.07,0.17,71.91,0.35,0.05,37.12,0.58,5.709292,0.16,-0.01,0.1,-0.05,12.82,0.21,0.33,-0.01,0.45,-2712890,0,1,0,0,0,0,0,0,1,6.335,1.01,0.06,0.39,2.03,0.2,59.89,0.38,0.01,21.24,0.63,5.708793,0.09,0.02,0.03,0.07,12.86,0.24,0.49,0.03,0.13,4695198,0,0,1,8.155,1,0.06,0.39,2.16,0.23,65.11,0.34,0.01,12.07,0.58,5.446123,0.09,0,0.06,0,12.85,0.24,0.46,0.1,0.23,0,0,0,0.27308603,0.02970297,0.512315271,-0.15,-0.129032258,0.200701286,-0.078947368,4,0.747645951,-0.079365079,8.74e-05,0.777777778,-1.5,2.333333333,-1.714285714,-0.00311042,-0.125,-0.326530612,-1.333333333,2.461538462,-1.577800979,0,0
0,2021,1.067,0.92,0.15,0.31,1.15,0.16,75.71,0.59,-0.05,38.6,0.51,5.291243,0.05,0.14,0,0.32,12.02,0.43,0.87,0.14,-0.01,15934047,0,0,0,0,0,0,0,0,0,3.594,0.81,0.15,0.31,0.83,0.23,60.87,0.56,-0.1,64.2,0.36,3.600853,-0.08,-0.02,-0.04,-0.03,11.98,0.55,1.21,-0.02,-0.08,-1870378,1,1,0,2.339,0.62,0.15,0.31,1.77,0.15,69.3,0.65,-0.23,38.49,0.35,3.431121,0.19,-0.06,-0.19,-0.16,11.63,0.34,0.56,-0.07,-0.56,-4339090,0,1,-0.703116305,0.135802469,0.385542169,-0.304347826,-0.382113821,0.243798259,0.053571429,-0.5,-0.398753894,0.416666667,0.469441546,-1.625,-8,-1,-11.66666667,0.003338898,-0.218181818,-0.280991736,-8,-0.875,-9.519158694,0,0
0,2009,2.296,1.13,0.38,0.32,1.58,-3.66,41.29,0.4,-0.07,-1.49,0.44,2.162623,0.04,-0.13,0,-0.1,10.82,1.35,0.63,-0.13,0,-4704053,0,1,0,0,1,0,0,0,0,2.299,1.24,0.38,0.32,2.44,-5.52,48.44,0.37,-0.08,-0.14,0.45,2.028984,0.07,-0.13,0,-0.11,10.85,1.21,0.41,-0.13,0,-4801401,0,1,0,1.594,1.11,0.38,0.32,3.49,-14.01,42.66,0.37,-0.01,-3.09,0.45,2.003482,0.06,0,0.03,0,10.88,1.07,0.29,-0.08,0.03,0,0,1,-0.001304915,-0.088709677,-0.352459016,-0.336956522,-0.331010453,-0.147605285,0.081081081,-0.125,9.642857143,-0.022222222,0.065864985,-0.428571429,0,0,-0.090909091,-0.002764977,0.115702479,0.536585366,0,0,-0.020274916,0,0
0,2009,2.36,-1.36,0.03,0.27,0.62,0.7,100.33,0.51,-0.07,11.01,0.61,3.441631,-0.35,0.06,-0.06,0.07,10.91,0.95,1.62,0.02,-0.07,2389823,1,0,0,0,1,0,0,1,0,2.83,7.9,0.03,0.27,2.03,-21.19,90.55,0.49,-0.06,0.13,0.68,3.571763,0.47,-0.43,-0.12,-0.42,10.28,1.03,0.49,-0.03,-0.12,-8664642,0,1,1,2.874,0.6,0.03,0.27,3.01,0.03,59.5,0.53,-0.06,2.11,0.64,3.267091,0.71,-0.64,-0.15,-1.74,9.83,0.37,0.33,0,-0.4,-8281475,0,0,-0.166077739,-1.172151899,-0.694581281,-1.03303445,-1.52032735,0.108006626,0.040816327,0.166666667,83.69230769,-0.102941176,-0.036433548,-1.744680851,-1.139534884,-0.5,-1.166666667,0.061284047,-0.077669903,2.306122449,-1.666666667,-0.416666667,-1.275813242,0,0
0,2020,7.14,1.03,0.05,0.2,0.5,0.06,32.64,0.49,0.02,43.63,0.28,3.66446,-0.18,0.4,0.06,1.02,11.79,0.39,2.01,0.09,0.14,36317716,1,0,0,0,0,0,0,1,0,5.812,1.14,0.05,0.2,0.67,0.16,33.73,0.47,0.04,21.38,0.26,3.138974,-0.15,-0.09,0.15,-0.16,11.04,0.54,1.49,0.18,0.28,-3794030,1,0,1,1.259,0.99,0.05,0.2,1.1,1.36,35.27,0.53,-0.01,11.54,0.29,3.453712,0.02,0,0.06,-0.01,11.49,0.65,0.91,0.09,0.09,-220541,0,0,0.228492774,-0.096491228,-0.253731343,-0.625,-0.456896552,-0.032315446,0.042553191,-0.5,1.040692236,0.076923077,0.16740693,0.2,-5.444444444,-0.6,-7.375,0.067934783,-0.277777778,0.348993289,-0.5,-0.5,-10.57233232,0,0
0,2016,5.815,1.08,0.02,0.4,1.82,0.11,43.93,0.29,0.05,1.74,0.75,11.140745,0.09,0.03,0.14,0.15,12.54,0.2,0.55,0.08,0.72,5842942,0,0,0,0,0,0,0,0,0,4.562,1.12,0.02,0.4,2.34,0.11,46.58,0.28,0.08,8.1,0.8,11.04122,0.14,0.21,0.16,1.09,12.49,0.19,0.43,0.13,0.87,38084477,0,0,0,5.846,1.1,0.02,0.4,1.22,0.14,48.41,0.29,0.05,11.67,0.75,10.226886,0.05,0.03,0.15,0.1,12.37,0.31,0.82,0.09,0.48,4974000,0,0,0.274660237,-0.035714286,-0.222222222,0,0.086956522,-0.05689137,0.035714286,-0.375,-0.785185185,-0.0625,0.00901395,-0.357142857,-0.857142857,-0.125,-0.862385321,0.004003203,0.052631579,0.279069767,-0.384615385,-0.172413793,-0.846579434,0,0
0,2011,7.589,1.06,0,0.27,1.2,0.63,35.97,0.46,0.03,13.27,0.44,2.515,0.04,0.06,0.06,0.12,10.54,0.5,0.83,0.07,0.13,1635761,0,0,0,0,1,0,0,0,0,4.786,1.03,0,0.27,1.38,0.57,44.87,0.37,0.01,9,0.48,2.749476,0.07,0.03,0.06,0.07,10.38,0.48,0.73,0.06,0.12,749544,0,0,0,3.829,0.95,0,0.27,1.47,0.65,44.08,0.39,-0.02,14.86,0.44,2.620964,0.09,-0.06,0.02,-0.12,10.36,0.51,0.68,-0.03,0.03,-1292406,0,1,0.585666527,0.029126214,-0.130434783,0.105263158,0.075268817,-0.198350791,0.243243243,2,0.474444444,-0.083333333,-0.08528025,-0.428571429,1,0,0.714285714,0.015414258,0.041666667,0.136986301,0.166666667,0.083333333,1.18234153,0,0
0,2017,2.903,0.34,0.18,0.5,0.53,1.75,70.91,0.57,-0.04,4.5,0.28,2.944404,-0.34,0.05,0.02,0.05,10.2,0.9,1.88,-0.03,0.02,930508,1,1,0,0,0,0,1,0,0,8.246,1.12,0.18,0.5,0.68,3.74,99.28,0.54,0,6.96,0.26,3.122495,-0.25,-0.05,0.09,-0.05,10.25,0.95,1.46,0.08,0.09,-887332,1,0,0,0.146,-1.54,0.18,0.5,0.56,2.28,76.8,0.58,-0.14,7.52,0.32,2.313456,-0.31,-0.17,-0.14,-0.18,10.29,0.91,1.78,-0.13,-0.16,-3426361,1,1,-0.647950521,-0.696428571,-0.220588235,-0.532085561,-0.549483013,-0.285757454,0.055555556,-4,-0.353448276,0.076923077,-0.057034839,0.36,-2,-0.777777778,-2,-0.004878049,-0.052631579,0.287671233,-1.375,-0.777777778,-2.048658225,0,0
0,2013,2.456,0.99,0.19,0.33,8.74,0.6,56.84,0.35,-0.01,15.8,0.67,30.6408,0.45,0.01,0.04,0.02,13.98,0.41,0.11,0.04,0.09,7076717,0,0,1,0,0,0,1,0,0,0.802,0.98,0.19,0.33,4.95,0.6,54.54,0.35,-0.02,19.6,0.66,30.006222,0.12,0.02,0.03,0.05,13.94,0.39,0.2,0.02,0.07,14281738,0,0,0,2.178,0.98,0.19,0.33,3.04,0.63,52.55,0.35,-0.01,19.3,0.66,30.136495,0.12,0.05,0.03,0.11,13.96,0.42,0.33,0.05,0.08,37478327,0,0,2.06234414,0.010204082,0.765656566,0,0.061538462,0.042170884,0,-0.5,-0.193877551,0.015151515,0.021148214,2.75,-0.5,0.333333333,-0.6,0.00286944,0.051282051,-0.45,1,0.285714286,-0.50449189,0,0
0,2018,0.117,2.06,0.04,0.37,1.46,-2.77,46.92,0.45,-0.2,0.01,0.31,2.797156,0.12,0.32,-0.35,0.23,10.38,1.42,0.68,-0.43,-0.25,7225014,0,1,0,0,1,0,1,0,0,1.532,1.4,0.04,0.37,-0.07,-0.1,57.53,0.41,-0.14,-4.95,0.25,2.744251,-3.79,-2.12,-0.73,-0.56,9.06,3.8,-13.69,-1.01,-0.19,-12692733,0,1,0,0.367,1.4,0.04,0.37,0.32,-0.49,54.07,0.4,-0.03,-7.62,0.28,3.139761,-0.74,-0.05,0.04,-0.04,10.43,1.17,3.13,-0.05,0.04,-1162628,0,1,-0.923629243,0.471428571,-21.85714286,26.7,1.470588235,-0.184425517,0.097560976,0.428571429,-1.002020202,0.24,0.019278484,-1.031662269,-1.150943396,-0.520547945,-1.410714286,0.145695364,-0.626315789,-1.049671293,-0.574257426,0.315789474,-1.569224453,0,0
0,2019,1.858,0.99,0.21,0.45,2.96,0.13,39.7,0.54,-0.01,100.11,0.33,4.835441,0.23,0.04,0.03,0.16,12.9,0.22,0.34,0.12,0.13,9878459,0,0,1,0,0,0,0,0,1,3.429,1,0.21,0.45,3.99,0.11,39.94,0.52,0,129.2,0.29,4.234767,0.3,0.07,0.04,0.38,12.81,0.19,0.25,0.07,0.21,18090395,0,0,1,6.734,1.01,0.21,0.45,4.46,0.16,39.76,0.54,0.01,178.36,0.29,4.10511,0.36,0.1,0.05,0.43,12.77,0.23,0.22,0.1,0.2,24276776,0,0,-0.458151064,-0.01,-0.258145363,0.181818182,0.217391304,-0.006009014,0.038461538,-1,-0.225154799,0.137931034,0.141843459,-0.233333333,-0.428571429,-0.25,-0.578947368,0.007025761,0.157894737,0.36,0.714285714,-0.380952381,-0.45393901,0,0
0,2013,3.645,0.93,0.28,0.25,2.17,3.12,33.96,0.52,-0.02,69.46,0.7,25.294247,0.16,0.18,0.05,0.23,13.8,0.79,0.46,0.04,0.07,123985582,0,0,0,0,0,0,0,1,0,3.657,0.5,0.28,0.25,2.32,26.9,34.45,0.51,-0.02,66.89,0.71,25.278402,0.17,-0.04,0.06,-0.04,13.74,0.97,0.43,0,0.06,-27156309,0,1,1,2.354,0.61,0.28,0.25,2.24,11.02,36.06,0.51,-0.03,65.19,0.74,24.591708,0.16,-0.07,0.03,-0.08,13.76,0.93,0.45,-0.02,0.03,-48073053,0,1,-0.003281378,0.86,-0.064655172,-0.88401487,-0.87839586,-0.014223512,0.019607843,0,0.038421289,-0.014084507,0.00062682,-0.058823529,-5.5,-0.166666667,-6.75,0.004366812,-0.18556701,0.069767442,4,0.166666667,-5.565627162,0,0
0,2009,0.949,0.89,0.02,0.3,0.99,1.04,59.14,0.5,-0.03,1.11,0.62,4.798861,0,0,0.03,0,11.34,0.64,1.01,0,0.04,61179,1,0,0,0,0,0,1,0,0,4.299,0.84,0.02,0.3,0.96,0.81,56.07,0.5,-0.05,4.22,0.59,4.484508,-0.01,-0.09,0.01,-0.14,11.25,0.61,1.04,-0.05,0.01,-4687573,1,1,0,4.091,0.89,0.02,0.3,1.14,0.53,50.41,0.52,-0.04,7.35,0.48,4.388105,0.03,-0.02,0.01,-0.03,11.21,0.5,0.88,-0.03,0.03,-837859,0,1,-0.779250989,0.05952381,0.03125,0.283950617,0.147435897,0.054752987,0,-0.4,-0.736966825,0.050847458,0.070097545,-1,-1,2,-1,0.008,0.049180328,-0.028846154,-1,3,-1.013051317,0,0
0,2016,4.392,1.26,0.18,0.28,0.01,-0.2,-0.01,0.41,0.01,-2.28,0.57,8.239454,17.68,-361.76,51.97,-16039788200,6.46,-22.75,69.05,25.17,2304185600,-160397882,0,0,0,0,0,0,0,1,0,4.393,1.1,0.18,0.28,0.24,0.02,0.2,0.36,0.05,3.4,0.58,8.834025,-0.18,0.19,0.15,0.77,12.7,0.25,4.18,0.11,0.62,43292207,1,0,1,7.559,1.13,0.18,0.28,0.42,0.03,59.72,0.33,0.06,12.71,0.54,8.455795,-0.32,0.07,0.14,0.12,12.95,0.56,2.4,0.08,0.24,19885031,1,0,-0.000227635,0.145454545,-0.958333333,-11,-3.909090909,-1.05,0.138888889,-0.8,-1.670588235,-0.017241379,-0.067304654,-99.22222222,-1905,345.4666667,-20830893767,-0.491338583,-92,15.51913876,227.8181818,3716428386,-4.705005892,0,0
0,2012,2.131,1.17,0.06,0.32,0.15,0.32,49.12,0.64,-0.03,0,0.33,2.326048,-1.07,-0.01,-0.03,0,11.78,1.26,6.68,-0.01,-0.02,-561379,1,1,0,0,0,0,0,0,0,3.834,1.61,0.06,0.32,0.18,0.32,52.49,0.71,-0.14,0.01,0.29,2.375872,-1.08,-11.8,-0.11,-9.04,11.58,1.31,5.68,-0.16,-0.08,-882426591,1,1,0,4.301,0.94,0.06,0.32,2.54,0.36,435.1,0.45,-0.42,165.97,0.32,2.572672,0.17,0.04,-0.03,0.12,14.46,0.35,0.39,-0.03,-0.09,56116754,1,1,-0.44418362,-0.273291925,-0.166666667,0,0.140515222,-0.064202705,-0.098591549,-0.785714286,-1,0.137931034,-0.020970827,-0.009259259,-0.999152542,-0.727272727,-1,0.017271157,-0.038167939,0.176056338,-0.9375,-0.75,-0.999363824,0,0
0,2021,7.145,1.24,0.1,0.12,1.77,0.02,60.1,0.3,0.14,0,0.5,10.278588,0.15,-0.05,0.24,-0.24,12.64,0.22,0.57,0.25,1.12,-11114366,0,0,0,0,1,0,0,0,0,4.784,1.08,0.1,0.12,3.04,0.14,64.35,0.34,0.05,0.1,0.5,10.963016,0.22,-0.09,0.11,-0.4,12.71,0.22,0.33,0.08,0.49,-20172805,0,0,0,7.514,1.16,0.1,0.12,2.69,0.04,62.63,0.32,0.11,0.1,0.53,11.583322,0.18,0.01,0.18,0.07,12.72,0.14,0.37,0.15,1.32,2180481,0,0,0.493520067,0.148148148,-0.417763158,-0.857142857,0,-0.066045066,-0.117647059,1.8,-1,0,-0.06243063,-0.318181818,-0.444444444,1.181818182,-0.4,-0.005507474,0,0.727272727,2.125,1.285714286,-0.449042114,0,0
0,2015,2.335,1.18,0.09,0.31,0.37,-0.63,62.67,0.49,-0.14,1.19,0.33,1.900846,-0.88,-0.31,-0.03,-0.14,10.67,2.11,2.7,-0.2,-0.01,-9117305,1,1,0,0,1,0,1,0,0,3.598,1.32,0.09,0.31,0.52,-0.99,64.07,0.52,-0.2,13.07,0.32,1.823267,-0.49,-0.75,-0.12,-0.42,10.71,1.77,1.93,-0.3,-0.07,-23444666,1,1,0,2.257,6.11,0.09,0.31,1.48,-20.18,79.3,0.4,-0.06,4.42,0.32,1.823114,0.25,-0.09,-0.04,-0.08,10.38,1.02,0.68,-0.06,-0.04,-1919090,1,1,-0.351028349,-0.106060606,-0.288461538,-0.363636364,-0.177489177,-0.0218511,-0.057692308,-0.3,-0.908951798,0.03125,0.042549446,0.795918367,-0.586666667,-0.75,-0.666666667,-0.003734827,0.192090395,0.398963731,-0.333333333,-0.857142857,-0.611113888,0,0
0,2015,2.455,0.99,0.16,0.12,1.49,0.34,54.83,0.45,-0.01,0.01,0.62,22.24851,0.03,0.06,0.01,0.21,14.02,0.3,0.67,0.07,0.04,55058161,1,0,1,0,0,0,1,0,0,2.813,0.92,0.16,0.12,1.54,0.37,64.05,0.51,-0.11,0.01,0.6,21.200982,0.04,0.03,-0.02,0.1,13.96,0.33,0.65,0.02,-0.07,25349889,1,0,0,2.843,0.92,0.16,0.12,1.33,0.39,69.83,0.52,-0.1,0.01,0.64,22.497758,0.03,0.05,-0.03,0.14,13.94,0.34,0.75,0.03,-0.09,39227989,1,0,-0.127266264,0.076086957,-0.032467532,-0.081081081,-0.083333333,-0.143950039,-0.117647059,-0.909090909,0,0.033333333,0.049409409,-0.25,1,-1.5,1.1,0.004297994,-0.090909091,0.030769231,2.5,-1.571428571,1.171929076,0,0
0,2011,2.316,0.6,0.08,0.48,1.48,4.57,60.14,0.48,-0.05,23.35,0.48,5.352045,0.14,-0.12,0.03,-0.14,11.89,0.87,0.68,0,0.04,-12445027,0,1,0,0,0,0,0,0,1,3.636,0.9,0.08,0.48,1.68,2.02,55.58,0.36,-0.02,34.96,0.49,5.466113,0.17,0,0.06,0,11.89,0.75,0.6,0,0.08,247377,0,1,1,2.35,0.83,0.08,0.48,1.4,1.96,59.32,0.38,-0.04,13.13,0.49,5.416125,0.1,0.06,0.04,0.08,11.84,0.74,0.71,0.05,0.05,5438522,0,0,-0.363036304,-0.333333333,-0.119047619,1.262376238,1.299342105,0.082043901,0.333333333,1.5,-0.332093822,-0.020408163,-0.020868211,-0.176470588,-12,-0.5,-14,0,0.16,0.133333333,0,-0.5,-51.30793889,0,0
0,2009,4.436,1.14,0.1,0.45,2.77,-0.01,35.29,0.27,0.22,2.85,0.54,4.599802,0.05,0.03,0.18,1.24,12.6,0.02,0.36,0.14,8.17,5631959,0,0,0,0,1,0,0,0,0,4.44,1.13,0.1,0.45,2.01,0,40.49,0.28,0.23,1.25,0.55,4.475482,0.04,-0.04,0.16,-1.17,12.58,0.04,0.5,0.13,4.09,-9100977,0,0,0,4.44,1.13,0.1,0.45,2.89,-0.06,37.21,0.26,0.22,1.89,0.58,4.596598,0.06,0,0.16,0,12.56,-0.03,0.35,0.13,3215534600,0,0,0,-0.000900901,0.008849558,0.378109453,-1,-0.5,-0.128426772,-0.035714286,-0.043478261,1.28,-0.018181818,0.027778014,0.25,-1.75,0.125,-2.05982906,0.001589825,-0.5,-0.28,0.076923077,0.997555012,-1.618830154,0,1
0,2015,5.82,1.08,0.02,0.43,4.12,0.01,34.95,0.4,0.11,8.09,0.41,1.965948,0.13,0.1,0.13,2.16,11.67,0.05,0.24,0.1,2.66,8321960,0,0,0,1,0,0,0,0,0,4.9,1.02,0.02,0.43,2.92,0.01,39.06,0.42,0.03,10.69,0.4,1.737038,0.12,0.06,0.07,0.85,11.58,0.07,0.34,0.06,1.04,4463797,0,0,0,3.502,1,0.02,0.43,1.58,0.01,35.32,0.46,-0.01,3.9,0.35,1.635327,0.04,0.06,0.05,0.71,11.53,0.08,0.63,0.05,0.6,4109480,0,0,0.187755102,0.058823529,0.410958904,0,-0.375,-0.105222734,-0.047619048,2.666666667,-0.243217961,0.025,0.131781803,0.083333333,0.666666667,0.857142857,1.541176471,0.007772021,-0.285714286,-0.294117647,0.666666667,1.557692308,0.864323131,0,0
0,2011,4.483,1.24,0.04,0.24,3.17,1.23,21.94,0.53,0.08,99.32,0.83,14.375352,0.28,-0.03,0.14,-0.05,12.8,0.61,0.32,0.08,0.23,-7023872,0,0,0,0,0,0,0,0,0,3.821,0.97,0.04,0.24,3.53,0.89,23.92,0.47,-0.01,84.3,0.79,14.193604,0.27,0.05,0.04,0.09,12.68,0.53,0.28,0.05,0.07,11104790,0,0,0,1.532,0.93,0.04,0.24,2.84,0.84,24.59,0.47,-0.03,75.54,0.78,14.795453,0.25,0.08,0.02,0.16,12.58,0.53,0.35,0.08,0.03,17116457,0,0,0.173253075,0.278350515,-0.101983003,0.382022472,0.392857143,-0.08277592,0.127659574,-9,0.178173191,0.050632911,0.012804923,0.037037037,-1.6,2.5,-1.555555556,0.009463722,0.150943396,0.142857143,0.6,2.285714286,-1.632508314,0,0
0,2018,0.163,0.83,0.01,0.3,3.87,0.28,49.62,0.32,-0.1,0.49,0.73,6.513577,0.39,-0.09,-0.05,-0.29,13.26,0.33,0.26,-0.09,-0.14,-37061032,0,1,0,0,0,0,0,0,1,0.19,0.88,0.01,0.3,4.46,0.25,48.22,0.3,-0.08,0.85,0.72,6.498732,0.41,-0.01,-0.02,-0.02,13.34,0.29,0.22,-0.06,-0.06,-2920774,0,1,1,1.535,0.9,0.01,0.3,3.94,0.26,54.68,0.3,-0.06,1.05,0.76,6.450225,0.39,-0.21,-0.01,-0.67,13.37,0.31,0.25,-0.04,-0.02,-92545878,0,1,-0.142105263,-0.056818182,-0.132286996,0.12,0.142857143,0.029033596,0.066666667,0.25,-0.423529412,0.013888889,0.002284292,-0.048780488,8,1.5,13.5,-0.005997001,0.137931034,0.181818182,0.5,1.333333333,11.68877085,0,0
0,2009,6.668,1.08,0.02,0.28,1.26,0.29,88.06,0.44,0.06,26.44,0.59,10.328444,0.04,0.02,0.08,0.07,12.76,0.33,0.79,0.03,0.25,5833363,0,0,0,0,0,0,1,0,0,5.783,1.07,0.02,0.28,1.65,0.37,41,0.46,0.06,26.09,0.63,8.921844,0.07,0.1,0.05,0.28,12.75,0.35,0.61,0.09,0.14,22907427,0,0,0,5.875,1.14,0.02,0.28,1.88,0.45,49.23,0.42,0.1,26.99,0.57,9.594236,0.09,0,0.15,0,12.64,0.38,0.53,0.12,0.39,0,0,0,0.153034757,0.009345794,-0.236363636,-0.216216216,-0.056603774,1.147804878,-0.043478261,0,0.013415102,-0.063492063,0.157657991,-0.428571429,-0.8,0.6,-0.75,0.000784314,-0.057142857,0.295081967,-0.666666667,0.785714286,-0.74535058,0,0
0,2014,6.192,1.02,0.22,0.25,3.44,0.32,62.42,0.29,0.03,0.14,0.68,9.080201,0.23,0.05,0.07,0.51,13.51,0.1,0.29,0.06,0.78,25263271,0,0,0,0,0,0,0,1,0,2.354,0.86,0.22,0.25,2.91,0.32,87.5,0.44,-0.29,0.14,0.78,9.343509,0.16,0.15,-0.08,1.78,13.57,0.08,0.34,-0.1,-1,78963079,0,1,1,0.654,1,0.22,0.25,1.71,0,64.75,0.39,-0.01,0.6,0.66,8.300163,0.06,0.21,0.04,2.38,13.4,0.09,0.58,0.03,0.43,95828993,0,0,1.630416313,0.186046512,0.182130584,0,0.222222222,-0.286628571,-0.340909091,-1.103448276,0,-0.128205128,-0.028180847,0.4375,-0.666666667,-1.875,-0.713483146,-0.004421518,0.25,-0.147058824,-1.6,-1.78,-0.680062235,0,0
0,2009,5.798,1.14,0.3,0.01,5.61,-0.6,49,0.31,0.22,0.53,0.21,4.559123,0.21,1.83,0.45,4437198200,10.46,-1.41,0.18,0.3,1096326300,44371982,0,0,0,0,1,0,0,0,0,4.503,2.02,0.3,0.01,5.46,0.64,45.63,0.31,0.36,-1.29,0.22,4.72471,0.19,-1.19,0.61,-2.84,10.46,0.42,0.18,0.6,1.45,-28823014,0,0,0,4.524,1.25,0.3,0.01,23.24,-0.02,48.47,0.3,0.28,0.3,0.22,2.760751,0.59,-0.62,0.29,-50.48,11.04,0.01,0.04,0.21,23.6,-26810764,0,0,0.287586054,-0.435643564,0.027472527,-1.9375,-1.819444444,0.07385492,0,-0.388888889,-1.410852713,-0.045454545,-0.035047019,0.105263158,-2.537815126,-0.262295082,-1562393733,0,-4.357142857,0,-0.5,756087102.4,-2.539463638,0,0
0,2010,0.117,1.73,0.05,0.22,0.27,-2.37,35.53,0.4,-0.08,0.84,0.6,6.847095,-0.54,0.68,-0.05,0.57,11.85,1.19,3.77,-0.05,-0.04,65878754,1,1,0,0,1,0,1,0,0,0.045,1.46,0.05,0.22,0.21,-0.65,38.53,0.41,-0.24,0.35,0.52,6.954953,-1.07,-0.34,-0.34,-0.17,11.68,2.03,4.77,-0.36,-0.17,-27765830,1,1,0,0.126,1.36,0.05,0.22,0.3,-0.77,56.11,0.4,-0.12,0,0.53,7.494295,-0.79,-0.13,-0.1,-0.08,11.87,1.57,3.29,-0.13,-0.07,-12630035,1,1,1.6,0.184931507,0.285714286,2.646153846,2.177664975,-0.077861407,-0.024390244,-0.666666667,1.4,0.153846154,-0.015508085,-0.495327103,-3,-0.852941176,-4.352941176,0.014554795,-0.413793103,-0.209643606,-0.861111111,-0.764705882,-3.372655671,0,0
0,2017,0.074,0.82,0.04,0.18,2.74,0.39,45.23,0.46,-0.17,86.34,0.82,45.76449,0.19,0.06,-0.09,0.17,14.81,0.36,0.37,0.06,-0.25,114052000,0,0,0,1,0,0,0,0,0,2.902,0.97,0.04,0.18,2.71,0.45,36.83,0.4,-0.02,90.6,0.83,43.666508,0.18,0.05,0.01,0.12,14.76,0.39,0.37,0.05,0.04,84015000,0,0,0,0.132,0.9,0.04,0.18,2.47,0.52,43.01,0.42,-0.09,81.36,0.85,41.54412,0.15,0.11,-0.03,0.27,14.72,0.41,0.41,0.11,-0.07,192033000,0,0,-0.974500345,-0.154639175,0.011070111,-0.133333333,-0.126984127,0.228074939,0.15,7.5,-0.047019868,-0.012048193,0.048045564,0.055555556,0.2,-10,0.416666667,0.003387534,-0.076923077,0,0.2,-7.25,0.357519491,0,0
0,2016,8.536,1.13,0.01,0.43,3.06,1.97,52.63,0.51,0.03,56.77,0.35,2.379851,0.24,-0.26,0.1,-0.37,11.1,0.7,0.33,0.06,0.14,-12011071,0,0,1,0,0,0,0,0,1,5.518,1.03,0.01,0.43,2.52,0.17,43.62,0.53,0.02,47.99,0.31,2.187462,0.23,0.08,0.09,0.28,10.84,0.27,0.4,0.08,0.34,2730548,0,0,1,8.178,1.01,0.01,0.43,2.16,0.21,44.39,0.53,0,50.26,0.3,2.078479,0.2,0.04,0.08,0.14,10.79,0.32,0.46,0.08,0.24,1489740,0,0,0.546937296,0.097087379,0.214285714,10.58823529,5.378378378,0.206556625,-0.037735849,0.5,0.182954782,0.129032258,0.087950785,0.043478261,-4.25,0.111111111,-2.321428571,0.02398524,1.592592593,-0.175,-0.25,-0.588235294,-5.398776729,0,0
0,2016,3.285,0.85,0.04,0.25,0.49,0.33,53.92,0.44,-0.1,3.58,0.57,15.447922,-0.15,-0.13,-0.05,-0.27,13.8,0.47,2.04,-0.13,-0.11,-86038302,1,1,0,0,0,0,0,0,0,1.91,0.98,0.04,0.25,0.46,0.18,49.21,0.4,-0.02,5.93,0.61,16.891755,-0.16,-0.04,0.01,-0.1,13.9,0.4,2.17,-0.04,0.04,-31388683,1,1,0,4.301,0.95,0.04,0.25,0.56,0.16,42.81,0.48,-0.04,41.98,0.63,16.774497,-0.14,0,0,0,13.97,0.41,1.8,0,0.01,190225,1,0,0.719895288,-0.132653061,0.065217391,0.833333333,0.308823529,0.095712254,0.1,4,-0.396290051,-0.06557377,-0.085475606,-0.0625,2.25,-6,1.7,-0.007194245,0.175,-0.059907834,2.25,-3.75,1.741061229,0,0
0,2018,1.473,0.62,0.01,0.26,0.84,1.12,31.67,0.46,-0.19,8.93,0.46,11.956126,-0.03,-0.07,-0.07,-0.11,13.22,0.62,1.19,-0.08,-0.11,-25074077,1,1,1,0,0,0,0,1,0,2.279,0.71,0.01,0.26,1.16,1,44.57,0.43,-0.16,10.81,0.49,12.448116,0.03,-0.07,-0.05,-0.12,13.28,0.58,0.86,-0.07,-0.08,-28753394,0,1,1,2.856,0.8,0.01,0.26,1.56,0.91,51.19,0.44,-0.12,15.33,0.46,12.548434,0.07,-0.03,-0.01,-0.05,13.36,0.54,0.64,-0.04,-0.02,-12896233,0,1,-0.353663888,-0.126760563,-0.275862069,0.12,0.175182482,-0.289432354,0.069767442,0.1875,-0.173913043,-0.06122449,-0.03952325,-2,0,0.4,-0.083333333,-0.004518072,0.068965517,0.38372093,0.142857143,0.375,-0.127961137,0,0
0,2021,0.747,-5.69,0.16,0.15,1.81,22.05,84.52,0.48,-0.1,0.6,0.52,14.388103,0.24,0.12,-0.14,0.12,12.45,0.97,0.55,0,-0.14,21224759,0,0,0,0,0,1,0,0,0,4.315,4,0.16,0.15,1.38,-7.22,82.06,0.48,-0.13,0.92,0.53,14.928416,0.15,-0.68,-0.17,-0.62,12.38,1.1,0.73,-0.06,-0.16,-112877244,0,1,0,2.269,0.98,0.16,0.15,4.82,1.2,103.67,0.44,0,0.66,0.54,15.605763,0.41,0.11,0.07,0.19,12.75,0.59,0.21,0.04,0.12,26792439,0,0,-0.826882966,-2.4225,0.311594203,-4.05401662,-3.796847636,0.029978065,0,-0.230769231,-0.347826087,-0.018867925,-0.036193592,0.6,-1.176470588,-0.176470588,-1.193548387,0.005654281,-0.118181818,-0.246575342,-1,-0.125,-1.188033994,0,0
0,2016,5.976,0.98,0.07,0.22,0.22,-0.04,62.9,0.37,0.01,-0.18,0.56,9.261078,-1.29,-0.55,0.17,-0.33,11.89,1.68,4.5,-0.03,0.1,-55535377,1,1,0,0,0,0,1,0,0,5.803,0.09,0.07,0.22,0.22,-0.21,50.8,0.35,0.06,-0.19,0.65,9.80596,-0.84,-0.01,0.2,-0.01,12.15,1.1,4.48,0.07,0.18,-1476385,1,0,0,5.793,-0.01,0.07,0.22,0.22,-0.26,49.3,0.35,0.06,-0.27,0.64,9.398896,-0.83,-0.07,0.19,-0.06,12.16,1.09,4.59,0.05,0.17,-9064991,1,0,0.029812166,9.888888889,0,-0.80952381,-0.774429224,0.238188976,0.057142857,-0.833333333,-0.052631579,-0.138461538,-0.055566411,0.535714286,54,-0.15,32,-0.021399177,0.527272727,0.004464286,-1.428571429,-0.444444444,36.61578247,0,0
0,2014,0.033,0.31,0.04,0.31,2.16,1.4,62.96,0.75,-0.52,34.31,0.48,4.692766,0.1,-0.18,-0.18,-0.29,12.32,0.62,0.46,-0.2,-0.29,-28574276,0,1,0,0,0,0,0,0,0,3.906,0.98,0.04,0.31,3.02,0.98,49.44,0.52,-0.02,18.8,0.53,5.162606,0.18,0.1,0.05,0.18,12.53,0.54,0.33,0.04,0.1,18527619,0,0,0,2.821,0.95,0.04,0.31,2.73,1.39,48.29,0.53,-0.03,17.17,0.55,5.657866,0.16,0.03,0.04,0.05,12.48,0.62,0.37,0.01,0.07,6193728,0,0,-0.991551459,-0.683673469,-0.284768212,0.428571429,0.381355932,0.273462783,0.442307692,25,0.825,-0.094339623,-0.091008301,-0.444444444,-2.8,-4.6,-2.611111111,-0.016759777,0.148148148,0.393939394,-6,-3.9,-2.542253001,0,0
0,2019,8.283,1.08,0.02,0.3,9.06,0.32,133.77,0.38,0.05,4.9,0.34,1.894215,0.6,1.33,0.15,18.07,10.29,0.07,0.11,0.08,2.09,27466536,0,0,0,0,1,0,1,0,0,4.088,1.21,0.02,0.3,0.48,0.32,44.9,0.36,-0.05,-0.07,0.36,2.007232,-1.13,-0.23,0.03,-0.11,9.25,2.16,2.08,-0.23,0.01,-1696856,1,1,0,1.546,2.02,0.02,0.3,0.57,0.32,80.4,0.42,-0.2,-1.74,0.19,2.529894,-0.72,-0.67,-0.47,-0.4,9.59,1.66,1.77,-0.67,-0.28,-6848942,1,1,1.026174168,-0.107438017,17.875,0,-1.043010753,1.979287305,0.055555556,-2,-71,-0.055555556,-0.056304901,-1.530973451,-6.782608696,4,-165.2727273,0.112432432,-0.967592593,-0.947115385,-1.347826087,208,-17.1867218,0,0
0,2018,6.599,1.71,0.06,0.25,5.93,1.26,67.25,0.33,0.19,0.29,0.8,33.593919,0.27,-0.05,0.38,-0.09,13.8,0.58,0.17,0.4,0.65,-37533861,0,0,1,0,0,0,0,0,0,6.595,1.54,0.06,0.25,13.9,0.65,61.19,0.35,0.18,0.21,0.78,35.497149,0.32,0.08,0.41,0.18,13.58,0.41,0.07,0.43,1.01,41532390,0,0,0,7.167,1.45,0.06,0.25,12.24,0.87,68.16,0.35,0.14,0.22,0.82,33.45543,0.32,0.01,0.34,0.02,13.57,0.48,0.08,0.37,0.71,6216993,0,0,0.00060652,0.11038961,-0.573381295,0.938461538,1,0.09903579,-0.057142857,0.055555556,0.380952381,0.025641026,-0.053616419,-0.15625,-1.625,-0.073170732,-1.5,0.016200295,0.414634146,1.428571429,-0.069767442,-0.356435644,-1.903725044,0,0
0,2021,1.523,1.1,0.24,0.25,0.42,-0.04,59.5,0.42,-0.06,410.22,0.77,4.059602,-0.7,-0.01,0.02,0,13,1.22,2.38,0,0.02,-1792000,1,1,0,0,0,0,1,0,0,1.491,1.11,0.24,0.25,0.41,0.32,64.14,0.47,-0.07,492.65,0.69,3.483496,-0.72,-0.02,0.03,-0.01,13.01,1.22,2.45,-0.02,0.02,-5650000,1,1,0,0.11,1.21,0.24,0.25,0.67,-2.51,50.96,0.42,-0.13,457.22,0.75,3.632323,-0.23,-0.02,0.02,-0.01,13.01,1.2,1.5,-0.02,0.01,-4758000,1,1,0.021462106,-0.009009009,0.024390244,-1.125,-0.028419183,-0.072341752,-0.106382979,-0.142857143,-0.167319598,0.115942029,0.165381559,-0.027777778,-0.5,-0.333333333,-1,-0.00076864,0,-0.028571429,-1,0,-0.682831858,0,0
0,2021,3.611,0.95,0.09,0.46,3.15,0.44,66.47,0.53,-0.05,75.02,0.51,4.663511,0.2,0.03,-0.02,0.08,13.03,0.37,0.32,0,-0.05,9147448,0,0,1,0,0,0,1,0,0,3.072,0.99,0.09,0.46,1.25,0.16,53.93,0.53,-0.01,28.25,0.5,5.867149,0.04,0.02,0.01,0.08,12.84,0.27,0.8,0.03,0.04,5993281,0,0,0,4.797,1.02,0.09,0.46,2.11,0.03,38.68,0.51,0.03,44.8,0.49,5.732983,0.13,0.04,0.04,0.3,12.64,0.14,0.47,0.05,0.29,8891913,0,0,0.175455729,-0.04040404,1.52,1.75,0.567567568,0.232523642,0,4,1.655575221,0.02,-0.205148702,4,0.5,-3,0,0.014797508,0.37037037,-0.6,-1,-2.25,0.52628385,0,0
0,2018,7.827,1.47,0.01,0.25,1.51,3.53,97.91,0.25,0.04,6.02,0.22,2.082069,0.17,0.06,0.11,0.07,11.62,0.85,0.66,0.08,0.13,4482101,0,0,0,0,1,1,0,0,0,1.515,-0.36,0.01,0.25,1.29,3.18,140.47,0.42,-0.14,0.8,0.28,1.986748,0.12,-0.16,-0.08,-0.18,11.17,0.86,0.77,-0.16,-0.09,-7685753,0,1,0,2.349,0.4,0.01,0.25,1.95,1.71,171.28,0.41,-0.13,2.67,0.26,2.049016,0.3,0.04,-0.06,0.06,11.33,0.75,0.51,-0.07,-0.08,2575328,0,1,4.166336634,-5.083333333,0.170542636,0.110062893,-0.064516129,-0.302982843,-0.404761905,-1.285714286,6.525,-0.214285714,0.047978405,0.416666667,-1.375,-2.375,-1.388888889,0.040286482,-0.011627907,-0.142857143,-1.5,-2.444444444,-1.583170055,0,0
0,2021,6.652,1.04,0.02,0.36,-5.94,0,33.47,0.45,0.11,712.33,0.51,13.588126,0.9,0.14,0.06,12600370400,14.06,-0.13,-0.17,0.13,5471104100,126003704,0,0,0,0,0,0,0,1,0,4.5,1.03,0.02,0.36,4.55,0.04,31.93,0.46,0.08,17.11,0.47,12.077154,0.23,0.1,0.04,1.01,14.15,0.1,0.22,0.1,0.44,95638574,0,0,1,6.593,1.05,0.02,0.36,14.52,0.01,34.52,0.43,0.13,610.52,0.49,12.478581,0.76,0.14,0.07,2.28,13.99,0.06,0.07,0.08,1.13,115872216,0,0,0.478222222,0.009708738,-2.305494505,-1,-2,0.048230504,-0.02173913,0.375,40.63237873,0.085106383,0.125109939,2.913043478,0.4,0.5,12475614256,-0.006360424,-2.3,-1.772727273,0.3,12434327499,0.317498774,0,0
0,2010,0.056,-1.73,0.24,0.1,1.36,0.12,66.62,1.02,-1.41,26.92,0.49,2.745905,0.16,-0.05,-1.3,-0.1,11.93,0.51,0.74,-0.05,-2.53,-5167118,0,1,1,0,0,0,1,0,0,0.022,-1.36,0.24,0.1,1.91,0.1,103.06,0.99,-1.31,12.97,0.51,2.730331,0.42,0.17,-1.08,0.34,12.02,0.51,0.52,0.12,-2.13,20011759,0,0,0,0.016,-4.64,0.24,0.1,1.09,0.11,565.2,4.58,-9.57,6.61,0.65,2.65108,0.05,0.26,-2.01,0.41,11.89,0.64,0.92,0.21,-3.15,26216246,0,0,1.545454545,0.272058824,-0.287958115,0.2,0.009615385,-0.353580439,0.03030303,0.076335878,1.075558982,-0.039215686,0.00570407,-0.619047619,-1.294117647,0.203703704,-1.294117647,-0.007487521,0,0.423076923,-1.416666667,0.187793427,-1.258204089,0,0
0,2012,2.296,4.83,0.01,0.34,1.69,-112.88,32.56,0.5,-0.03,71.38,0.47,4.575453,0.13,0,0.06,0,11.98,1.01,0.59,0.04,0.06,-530540,0,0,0,0,0,0,0,0,1,1.503,11.27,0.01,0.34,1.55,-308.92,23.26,0.47,-0.03,70.64,0.54,5.259906,0.11,-0.06,0.06,-0.06,11.92,1,0.65,0,0.06,-6062483,0,1,1,0.144,0.17,0.01,0.34,1.75,13.38,24.13,0.38,-0.05,74.45,0.55,5.406592,0.14,0.03,0.04,0.04,11.89,0.94,0.57,-0.01,0.04,3490828,0,1,0.527611444,-0.571428571,0.090322581,-0.634597954,-0.63858225,0.399828031,0.063829787,0,0.010475651,-0.12962963,-0.13012647,0.181818182,-1,0,-1,0.005033557,0.01,-0.092307692,4,0,-0.912488002,0,0
0,2009,7.132,1.25,0.06,0.3,5.39,2.04,45.74,0.39,0.06,88.15,0.36,1.720725,0.43,0.1,0.2,0.15,9.87,0.7,0.19,0.1,0.28,1379747,0,0,0,1,0,0,0,0,0,6.633,1.5,0.06,0.3,3.34,3.3,54.82,0.38,0.08,65.1,0.35,1.619436,0.32,0.11,0.23,0.13,9.84,0.8,0.3,0.12,0.28,1388894,0,0,0,8.294,1.65,0.06,0.3,2.8,7.16,49.63,0.41,0.05,48.13,0.35,1.679672,0.27,0.1,0.19,0.11,9.74,0.9,0.36,0.1,0.22,1135788,0,0,0.075229911,-0.166666667,0.613772455,-0.381818182,-0.41,-0.165632981,0.026315789,-0.25,0.354070661,0.028571429,0.062545849,0.34375,-0.090909091,-0.130434783,0.153846154,0.00304878,-0.125,-0.366666667,-0.166666667,0,-0.006585816,0,0
0,2010,0.298,0.96,0.03,0.28,1.3,1.38,31.87,0.36,0,46.35,0.71,6.893595,0.12,0.04,0.05,0.05,11.59,0.75,0.77,0.04,0.06,2685064,0,0,0,0,0,1,0,0,0,1.173,0.77,0.03,0.28,1.19,1.66,29.45,0.37,-0.03,42.88,0.66,6.860401,0.08,0.11,0,0.14,11.57,0.78,0.84,0.11,0.01,7932006,0,0,0,2.105,0.71,0.03,0.28,0.95,3.37,30.06,0.38,-0.02,32.89,0.71,7.033534,-0.02,-0.14,0.03,-0.16,11.46,0.88,1.06,-0.14,0.04,-9073570,1,1,-0.745950554,0.246753247,0.092436975,-0.168674699,-0.170391061,0.082173175,-0.027027027,-1,0.080923507,0.075757576,0.004838493,0.5,-0.636363636,5,-0.642857143,0.001728608,-0.038461538,-0.083333333,-0.636363636,5,-0.661489918,0,0
0,2010,6.393,1.42,0.09,0.42,0.39,0,51.2,0.34,0.01,-0.2,0.37,3.313272,-0.57,-1.55,0.03,-1.64,11.09,0.94,2.55,0.04,0.04,-70803441,0,0,0,0,1,0,0,1,0,5.889,1.02,0.09,0.42,1.54,0,98.7,0.35,0.02,-6.7,0.46,3.788583,0.07,0.03,0.08,0.2,11.7,0.12,0.65,0.03,0.66,2106040,0,0,1,7.528,1.06,0.09,0.42,2.31,-0.23,48.96,0.36,0.04,-0.43,0.49,4.003636,0.17,-0.01,0.14,-86306300,11.42,-0.13,0.43,-0.07,911203700,-863063,0,1,0.085583291,0.392156863,-0.746753247,0,119.7142857,-0.481256332,-0.028571429,-0.5,-0.970149254,-0.195652174,-0.12545878,-9.142857143,-52.66666667,-0.625,-9.2,-0.052136752,6.833333333,2.923076923,0.333333333,-0.939393939,-34.61922898,0,1
0,2008,4.566,1.15,0.02,0.36,5.16,0.48,42.86,0.29,0.07,-0.19,0.78,13.428497,0.26,-0.22,0.12,-0.61,12.36,0.36,0.19,0.1,0.34,-36093984,0,0,0,0,0,0,0,1,0,4.577,1.1,0.02,0.36,3.71,0.66,43.43,0.3,0.06,-0.15,0.81,13.03994,0.14,0.1,0.08,0.23,12.76,0.43,0.27,0.1,0.19,24338328,0,0,1,4.567,1.14,0.02,0.36,3.32,0.94,45.48,0.3,0.07,-0.36,0.8,12.370402,0.1,0,0.09,0,12.72,0.51,0.3,0.12,0.18,0,0,0,-0.002403321,0.045454545,0.39083558,-0.272727273,-0.24,-0.013124568,-0.033333333,0.166666667,0.266666667,-0.037037037,0.029797453,0.857142857,-3.2,0.5,-3.652173913,-0.031347962,-0.162790698,-0.296296296,0,0.789473684,-2.483010008,0,0
0,2011,0.15,-2.27,0.1,0.23,0.91,11.29,40.19,0.75,-0.1,17.17,0.77,7.614653,-0.03,-0.02,-0.06,-0.02,12.01,0.95,1.1,-0.01,-0.06,-1991608,1,1,0,0,0,1,0,0,0,3.334,0.37,0.1,0.23,1,8.49,53.39,0.5,-0.04,29.54,0.84,5.97425,0,0.04,0.02,0.04,12.01,0.93,1,0.04,0.02,4460682,1,0,0,2.832,-0.53,0.1,0.23,0.89,11.85,39.76,0.5,-0.04,32.07,0.75,5.454661,-0.05,0.02,0.02,0.02,11.61,0.95,1.12,0.02,0.02,1385816,1,0,-0.955008998,-7.135135135,-0.09,0.329799764,0.368185213,-0.24723731,0.5,1.5,-0.418754232,-0.083333333,0.274578901,-3,-1.5,-4,-1.5,0,0.021505376,0.1,-1.25,-4,-1.446480605,0,0
0,2020,3.847,0.97,0.02,0.33,0.81,0.03,35.65,0.32,-0.01,0.11,0.55,12.33061,-0.05,0.53,0.05,1.84,12.26,0.29,1.23,0.05,0.16,78201504,1,0,0,0,0,0,1,0,0,4.576,1.5,0.02,0.33,1.44,3.58,34.05,0.31,0.05,0.03,0.57,12.537854,0.06,0.07,0.17,0.09,12.22,0.81,0.69,0.16,0.21,10452568,0,0,0,4.527,2.06,0.02,0.33,0.99,6.19,32.11,0.31,0.07,0.03,0.58,12.484694,0,0.24,0.25,0.27,12.25,0.89,1.01,0.19,0.28,34726549,1,0,-0.159309441,-0.353333333,-0.4375,-0.991620112,-0.905963303,0.046989721,0.032258065,-1.2,2.666666667,-0.035087719,-0.016529463,-1.833333333,6.571428571,-0.705882353,19.44444444,0.003273322,-0.641975309,0.782608696,-0.6875,-0.238095238,6.481558981,0,0
0,2017,0.004,-0.16,0.11,0.2,1.57,2.5,48.51,0.84,-0.31,98.18,0.9,78.645033,0.14,0.01,-0.19,0.02,15.4,0.78,0.64,0.01,-0.25,43352000,0,0,0,0,0,1,0,0,0,0.028,-0.15,0.11,0.2,1.54,2.64,30.5,0.83,-0.3,85.42,0.88,76.080638,0.13,-0.01,-0.19,-0.01,15.37,0.79,0.65,0.01,-0.24,-22295000,0,0,0,0.031,-0.02,0.11,0.2,1.77,2.66,31.7,0.84,-0.28,95.15,0.87,77.020408,0.16,-0.03,-0.17,-0.04,15.38,0.79,0.57,0,-0.22,-95674000,0,0,-0.857142857,0.066666667,0.019480519,-0.053030303,-0.042440318,0.590491803,0.012048193,0.033333333,0.149379536,0.022727273,0.033706276,0.076923077,-2,0,-3,0.001951854,-0.012658228,-0.015384615,0,0.041666667,-2.944471855,0,0
0,2009,1.515,0.23,0.04,0.27,1.59,6.6,45.59,0.41,-0.09,51.33,0.8,17.181555,0.13,-0.01,-0.02,-0.01,13.62,0.9,0.63,-0.02,-0.02,-4574000,0,1,0,0,0,0,0,1,0,0.173,-0.13,0.04,0.27,1.49,5.89,52.77,0.44,-0.14,49.81,0.74,17.642243,0.12,-0.2,-0.04,-0.22,13.62,0.89,0.67,-0.05,-0.05,-112415000,0,1,1,2.328,0.8,0.04,0.27,1.33,1.37,58.4,0.43,-0.08,25.86,0.75,17.301354,0.07,0.03,0,0.05,13.55,0.67,0.75,0.05,0,16428000,0,0,7.757225434,-2.769230769,0.067114094,0.120543294,0.09417596,-0.136062157,-0.068181818,-0.357142857,0.030515961,0.081081081,-0.026112779,0.083333333,-0.95,-0.5,-0.954545455,0,0.011235955,-0.059701493,-0.6,-0.6,-0.95931148,0,0
0,2016,3.512,0.99,0.05,0.22,2.07,1.24,48.08,0.46,0,70.29,0.74,16.948849,0.17,0.03,0.03,0.05,13.62,0.62,0.48,0.07,0.05,16170958,0,0,0,0,0,0,1,0,0,1.408,0.98,0.05,0.22,2.19,1.28,56.94,0.47,-0.01,63.15,0.69,15.373478,0.18,0.06,0.02,0.1,13.55,0.63,0.46,0.03,0.04,33816973,0,0,0,2.352,0.89,0.05,0.22,2.23,1.67,62.97,0.5,-0.05,52.16,0.68,14.997453,0.18,0,-0.01,0,13.51,0.68,0.45,0.02,-0.01,-1181881,0,0,1.494318182,0.010204082,-0.054794521,-0.03125,-0.01183432,-0.155602388,-0.021276596,-1,0.113064133,0.072463768,0.102473298,-0.055555556,-0.5,0.5,-0.5,0.005166052,-0.015873016,0.043478261,1.333333333,0.25,-0.521809418,0,0
0,2011,5.783,1.17,0.04,0.28,2.2,1.13,46.05,0.43,0.06,15.27,0.67,26.79759,0.12,0.14,0.11,0.25,13.77,0.58,0.45,0.19,0.19,95768606,0,0,0,0,0,0,0,1,0,5.806,1.24,0.04,0.28,2.39,1.73,49.25,0.33,0.06,14.97,0.68,27.567563,0.14,0.07,0.11,0.1,13.61,0.67,0.42,0.13,0.16,38017389,0,0,1,4.579,1.32,0.04,0.28,2.05,2.24,46.55,0.35,0.07,8.34,0.74,27.884089,0.11,-0.11,0.15,-0.15,13.56,0.72,0.49,-0.04,0.21,-56774132,0,1,-0.003961419,-0.056451613,-0.079497908,-0.346820809,-0.333333333,-0.064974619,0.303030303,0,0.02004008,-0.014705882,-0.027930398,-0.142857143,1,0,1.5,0.011756062,-0.134328358,0.071428571,0.461538462,0.1875,1.519073732,0,0
0,2019,3.021,1.09,0.25,0.12,0.91,-4.99,57.88,0.37,-0.03,-17.84,0.18,3.693913,-0.01,-0.28,-0.01,-0.22,12.17,1.23,1.1,-0.02,-0.01,-37075313,1,1,0,0,0,0,0,0,0,1.767,-1.52,0.25,0.12,0.55,3.42,192.81,0.39,-0.22,21.34,0.19,2.699658,-0.35,0.47,-0.12,0.5,12.15,0.95,1.84,-0.13,-0.13,62125920,1,1,0,3.256,1.51,0.25,0.12,0.23,-0.23,59.45,0.36,-0.39,0.3,0.26,4.657214,-2.5,-1.65,-1.25,-0.42,10.22,3.91,4.3,-1.49,-0.32,-31356654,1,1,0.709677419,-1.717105263,0.654545455,-2.459064327,-1.296457766,-0.699808101,-0.051282051,-0.863636364,-1.835988754,-0.052631579,0.368289243,-0.971428571,-1.595744681,-0.916666667,-1.44,0.001646091,0.294736842,-0.402173913,-0.846153846,-0.923076923,-1.596776885,0,0
0,2017,0.035,-10.99,0.01,0.4,1.57,0.78,57.51,0.64,-1.34,4.33,0.17,0.322645,0.23,0.35,-3.9,0.53,8.57,0.67,0.64,0.36,-5.83,1291895,0,0,1,1,0,0,0,0,0,0.01,641.79,0.01,0.4,0.93,-16.16,-36.2,-0.49,3.42,1.51,0.12,0.253149,-0.04,-0.11,-15.33,-0.11,8.36,1.02,1.07,-0.11,-14.97,-324339,1,1,0,0.03,-61.81,0.01,0.4,1.25,6.19,38.49,0.54,-1.36,9.85,0.13,0.295753,0.13,-0.17,-4.25,-0.18,8.56,0.93,0.8,-3.87,-4.56,-624994,0,1,2.5,-1.017123981,0.688172043,-1.048267327,-1.04748472,-2.588674033,-2.306122449,-1.391812865,1.867549669,0.416666667,0.27452607,-6.75,-4.181818182,-0.745596869,-5.818181818,0.025119617,-0.343137255,-0.401869159,-4.272727273,-0.610554442,-4.983162679,0,0
0,2021,0.152,0.88,0.07,0.36,1.18,0.37,45.3,0.5,-0.08,7.02,0.48,8.033225,0.03,0.04,-0.03,0.1,12.78,0.38,0.85,0.03,-0.07,9544516,0,0,0,0,0,0,0,1,0,2.903,0.91,0.07,0.36,1.08,0.27,40.2,0.5,-0.07,9.53,0.43,6.969737,0.01,0,-0.01,-0.01,12.66,0.34,0.93,-0.01,-0.02,-1022214,0,1,1,6.186,1.02,0.07,0.36,1.33,0.29,36.19,0.48,0.01,14.41,0.48,7.364111,0.04,0.05,0.07,0.16,12.65,0.33,0.75,0.06,0.21,11065698,0,0,-0.947640372,-0.032967033,0.092592593,0.37037037,0.150943396,0.126865672,0,0.142857143,-0.263378804,0.11627907,0.152586532,2,4,2,-11,0.009478673,0.117647059,-0.086021505,-4,2.5,-10.33710162,0,0
0,2021,2.354,0.74,0.03,0.25,2.94,0.14,57.02,0.5,-0.21,0.48,0.58,7.495155,0.42,0.03,-0.15,0.09,13.17,0.32,0.34,0.03,-0.47,10683714,0,0,0,0,0,0,0,0,0,2.323,0.76,0.03,0.25,2.89,0.08,63.3,0.44,-0.2,0.5,0.53,7.183652,0.38,0,-0.15,-0.01,13.05,0.26,0.35,0,-0.58,-628831,0,1,0,0.39,0.93,0.03,0.25,4.05,0.04,54.27,0.38,-0.05,0.41,0.54,7.284869,0.39,0.11,-0.04,0.65,12.93,0.16,0.25,0.1,-0.24,30860917,0,0,0.013344813,-0.026315789,0.017301038,0.75,0.277777778,-0.099210111,0.136363636,0.05,-0.04,0.094339623,0.043362763,0.105263158,3,0,-10,0.009195402,0.230769231,-0.028571429,3,-0.189655172,-17.98980171,0,0
0,2011,6.256,1.03,0.02,0.49,2.81,-0.04,45.24,0.32,0.01,-0.57,0.33,1.328375,0.19,0.12,0.11,1.67,9.85,0.07,0.36,0.04,1.62,1528075,0,0,0,0,1,0,0,0,1,4.568,1.55,0.02,0.49,3.83,0.32,62.7,0.36,0.19,-1.69,0.42,1.517953,0.27,-0.09,0.45,-0.29,10.02,0.31,0.26,0.39,1.44,-1421360,0,0,1,5.247,1.03,0.02,0.49,3.61,0.3,58.7,0.33,0.01,-0.12,0.47,1.61126,0.26,0.03,0.09,0.1,10.14,0.31,0.28,0.03,0.31,540122,0,0,0.369527145,-0.335483871,-0.266318538,-1.125,-0.847826087,-0.2784689,-0.111111111,-0.947368421,-0.662721893,-0.214285714,-0.12489056,-0.296296296,-2.333333333,-0.755555556,-6.75862069,-0.016966068,-0.774193548,0.384615385,-0.897435897,0.125,-2.075079501,0,0
0,2019,1.502,2.49,0.06,0.33,0.52,-0.17,272.38,0.64,-1.04,0.23,0.13,0.643868,-0.76,0.36,-1.03,0.21,9.89,1.72,1.92,0.34,-0.6,4911889,1,0,1,0,0,0,0,0,0,1.483,1.63,0.06,0.33,0.33,-0.08,146.95,0.45,-0.56,0.23,0.12,0.576313,-1.55,0.24,-0.85,0.1,9.62,2.42,3.05,0.11,-0.35,2529640,1,0,0,0.108,1.66,0.06,0.33,0.2,0.32,96.09,0.63,-0.77,0.19,0.2,0.876682,-2.72,-0.27,-1.52,-0.08,9.25,3.39,5.06,-0.27,-0.45,-1997363,1,1,0.012811868,0.527607362,0.575757576,1.125,0.391812865,0.853555631,0.422222222,0.857142857,0,0.083333333,0.117219289,-0.509677419,0.5,0.211764706,1.1,0.028066528,-0.289256198,-0.370491803,2.090909091,0.714285714,0.941734397,0,0
0,2016,0.057,0.52,0.02,0.28,1.77,0.05,43.01,0.55,-0.3,12.24,0.5,4.688561,0.14,0.36,-0.31,1.6,11.33,0.22,0.57,-0.13,-1.4,20740826,0,1,0,0,0,0,0,1,0,0.083,0.71,0.02,0.28,1.41,1.09,24.9,0.43,-0.08,17.46,0.45,4.362809,0.07,-0.17,-0.02,-0.27,11.4,0.61,0.71,0,-0.03,-10279290,0,0,1,0.086,0.81,0.02,0.28,1.38,0.51,25.45,0.47,-0.08,18.67,0.41,4.068213,0.07,0.01,-0.02,0.01,11.42,0.45,0.72,0.01,-0.05,364823,0,0,-0.313253012,-0.267605634,0.255319149,-0.95412844,-0.811688312,0.727309237,0.279069767,2.75,-0.298969072,0.111111111,0.074665657,1,-3.117647059,14.5,-6.925925926,-0.006140351,-0.639344262,-0.197183099,-13,45.66666667,-3.017729435,0,0
0,2017,4.664,1.01,0.01,0.21,1.85,0.62,40.75,0.42,0.01,9.82,0.5,8.106212,0.07,0.1,0.04,0.22,12.77,0.43,0.54,0.07,0.1,23799000,0,0,0,0,0,0,0,0,0,2.364,0.97,0.01,0.21,1,0.87,31.65,0.44,-0.02,10.65,0.56,9.025907,0,-0.1,0.02,-0.2,12.75,0.52,1,0,0.04,-24264000,1,0,0,3.266,0.98,0.01,0.21,1.08,0.6,32.35,0.45,-0.02,7.36,0.55,8.520777,0.01,-0.02,0.02,-0.04,12.77,0.43,0.93,0.03,0.05,-4398000,0,0,0.972927242,0.041237113,0.85,-0.287356322,-0.280373832,0.287519747,-0.045454545,-1.5,-0.077934272,-0.107142857,-0.101895023,7,-2,1,-2.1,0.001568627,-0.173076923,-0.46,7,1.5,-1.980835806,0,0
0,2017,7.153,1.2,0.17,0.21,3.26,0.3,56.89,0.3,0.13,0.36,0.45,6.599041,0.19,-0.17,0.23,-0.57,12.94,0.3,0.31,0.15,0.77,-48673225,0,0,0,0,0,0,0,1,0,6.626,1.17,0.17,0.21,4.76,0.21,48.8,0.31,0.16,1.31,0.51,6.902645,0.29,0.14,0.19,0.57,13.07,0.24,0.21,0.14,0.79,44628402,0,0,1,7.185,1.14,0.17,0.21,3.79,0.27,53.58,0.3,0.12,0.58,0.53,6.305432,0.28,0.11,0.17,0.37,12.95,0.29,0.26,0.11,0.59,31384684,0,0,0.079535165,0.025641026,-0.31512605,0.428571429,0.35483871,0.165778689,-0.032258065,-0.1875,-0.72519084,-0.117647059,-0.043983719,-0.344827586,-2.214285714,0.210526316,-2,-0.009946442,0.25,0.476190476,0.071428571,-0.025316456,-2.090633382,0,0
0,2021,4.533,1.08,0.03,0.4,2.92,0.74,27.83,0.47,0.05,279.82,0.46,4.476712,0.38,0.06,0.09,0.12,12.09,0.54,0.34,0.14,0.16,7720877,0,0,0,0,0,0,0,0,0,0.052,0.8,0.03,0.4,2.43,0.85,22.12,0.52,-0.12,227.06,0.4,3.940521,0.32,0.07,-0.03,0.11,12.04,0.58,0.41,-0.05,-0.04,7865194,0,1,0,4.761,1.03,0.03,0.4,3.74,1,36.69,0.47,0.01,104.88,0.39,4.204234,0.28,0.04,0.09,0.07,11.8,0.55,0.27,0.04,0.16,3356595,0,0,86.17307692,0.35,0.201646091,-0.129411765,-0.158273381,0.258137432,-0.096153846,-1.416666667,0.23236149,0.15,0.136071093,0.1875,-0.142857143,-4,0.090909091,0.004152824,-0.068965517,-0.170731707,-3.8,-5,-0.018348816,0,0
0,2017,3.84,0.61,0.17,0.38,1.3,0.47,72.48,0.4,-0.08,9.16,0.27,6.132793,0.13,-0.11,-0.06,-0.18,11.58,0.62,0.77,-0.11,-0.1,-8469162,0,1,1,0,0,1,0,0,0,3.424,0.96,0.17,0.38,1.84,0.4,72.4,0.38,-0.01,14.03,0.33,6.891554,0.26,-0.01,0.09,-0.01,11.58,0.51,0.55,-0.01,0.17,-544712,0,1,0,2.674,0.95,0.17,0.38,1.7,0.39,63.64,0.38,-0.01,18.28,0.39,7.556356,0.23,-0.12,0.1,-0.22,11.62,0.52,0.59,-0.01,0.18,-8938692,0,1,0.121495327,-0.364583333,-0.293478261,0.175,0.567307692,0.001104972,0.052631579,7,-0.347113329,-0.181818182,-0.110100131,-0.5,10,-1.666666667,17,0,0.215686275,0.4,10,-1.588235294,14.54796296,0,0
0,2021,3.094,1,0.13,0.16,2.19,1.67,47.07,0.61,0,74.31,0.6,13.118522,0.13,0.03,0.06,0.05,13.52,0.67,0.46,0.03,0.08,18153928,0,0,1,0,0,1,0,0,0,1.449,0.84,0.13,0.16,1.14,0.82,43.12,0.65,-0.06,213.05,0.56,12.953526,0.07,0.02,0.01,0.03,13.59,0.72,0.88,0.02,0.01,10698435,0,0,0,4.106,0.95,0.13,0.16,1.26,0.92,50.4,0.6,-0.02,196.11,0.55,13.033462,0.12,0.04,0.04,0.06,13.49,0.71,0.8,0.04,0.06,19845906,0,0,1.1352657,0.19047619,0.921052632,1.036585366,-0.225680934,0.091604824,-0.061538462,-1,-0.651208636,0.071428571,0.012737536,0.857142857,0.5,5,0.666666667,-0.005150846,-0.069444444,-0.477272727,0.5,7,0.696876973,0,0
0,2011,4.491,-1.38,0.38,0.15,0.58,0.32,37.69,0.42,0.2,-0.82,0.4,2.620751,-0.67,-0.36,1.46,-0.22,9.65,1.6,1.72,1.44,0.91,-3856265,0,0,0,0,1,1,0,0,0,8.095,0.23,0.38,0.15,0.74,0.32,48.31,0.52,0.03,0.26,0.44,2.916234,-0.32,0.2,0.21,0.16,9.66,1.24,1.35,0.2,0.17,2189463,0,0,0,4.182,1.05,0.38,0.15,0.63,0.32,43.77,0.53,0,1.07,0.42,2.864217,-0.54,0.05,0.01,0.03,9.61,1.47,1.58,-0.01,0,488592,0,1,-0.445213095,-7,-0.216216216,0,-0.481481481,-0.219830263,-0.192307692,5.666666667,-4.153846154,-0.090909091,-0.101323488,1.09375,-2.8,5.952380952,-2.375,-0.001035197,0.290322581,0.274074074,6.2,4.352941176,-2.761283475,0,0
0,2014,3.867,0.97,0.09,0.48,4.8,0.41,72.95,0.42,-0.03,17.01,0.29,3.345794,0.24,0.06,0.01,0.19,12.19,0.34,0.21,0.04,0.02,8588365,0,0,0,0,0,0,0,0,1,7.079,1,0.09,0.48,2.4,0.3,52.04,0.5,0,18.82,0.29,3.129968,0.11,0.05,0.03,0.18,12.02,0.29,0.42,0.07,0.11,5898422,0,0,1,4.978,1.03,0.09,0.48,2.18,0.35,51.21,0.42,0.02,15.18,0.3,3.175045,0.1,0.03,0.05,0.08,11.99,0.32,0.46,0.02,0.16,2909035,0,0,-0.453736403,-0.03,1,0.366666667,0.243902439,0.401806303,-0.16,-3,-0.096174283,0,0.068954699,1.181818182,0.2,-0.666666667,0.055555556,0.014143095,0.172413793,-0.5,-0.428571429,-0.818181818,0.456044515,0,0
0,2015,0.128,0.39,0.03,0.5,2.16,0.2,55.1,0.58,-0.13,12.89,0.19,1.431978,0.31,0.18,-0.19,0.45,8.74,0.39,0.46,-0.19,-0.49,766425,1,1,0,1,1,0,0,1,0,0.114,0.02,0.03,0.5,1.08,0.18,32.48,0.55,-0.15,7.02,0.28,1.463388,0.03,0.1,-0.24,0.19,8.61,0.51,0.92,-0.07,-0.47,375687,1,1,1,0.144,0.3,0.03,0.5,1.02,0.16,18.64,0.51,-0.08,4.41,0.27,1.34261,0.01,2.23,0.19,4.34,8.41,0.51,0.98,-0.22,0.37,6980249,1,1,0.122807018,18.5,1,0.111111111,-0.37254902,0.696428571,0.054545455,-0.133333333,0.836182336,-0.321428571,-0.021463891,9.333333333,0.8,-0.208333333,1.368421053,0.015098722,-0.235294118,-0.5,1.714285714,0.042553191,1.040062605,0,0
0,2012,0.172,0.91,0.08,0.27,2.75,0.23,52.87,0.55,-0.08,152.57,0.29,3.237361,0.3,0.02,-0.01,0.07,11.89,0.33,0.36,0.03,-0.04,2233066,0,0,0,0,0,0,0,0,1,0.119,0.9,0.08,0.27,3.35,0.17,39.12,0.54,-0.09,149.46,0.21,3.017178,0.31,0.01,-0.03,0.06,11.76,0.26,0.3,0.03,-0.11,1308495,0,0,1,0.119,0.92,0.08,0.27,3.82,0.19,31.41,0.48,-0.07,153.44,0.23,2.841479,0.34,0.04,-0.01,0.17,11.74,0.26,0.26,0.04,-0.05,3782594,0,0,0.445378151,0.011111111,-0.179104478,0.352941176,0.4,0.351482618,0.018518519,-0.111111111,0.020808243,0.380952381,0.07297647,-0.032258065,1,-0.666666667,0.166666667,0.011054422,0.269230769,0.2,0,-0.636363636,0.70659116,0,0
0,2016,7.873,1.18,0.01,0.17,0.49,0.06,51.72,0.42,0.11,80.55,0.58,14.018453,-0.27,0.05,0.13,0.09,13.12,0.55,2.03,0.13,0.23,17043984,1,0,0,0,0,0,0,1,0,0.495,0.99,0.01,0.17,0.45,0.04,54.58,0.42,-0.01,60.79,0.55,13.192429,-0.3,0,0.05,-0.01,13.04,0.57,2.21,0.04,0.09,-1176132,1,0,1,5.049,1.08,0.01,0.17,0.66,0.08,51.13,0.43,0.05,121.27,0.55,12.562439,-0.17,0.01,0.1,0.03,13,0.55,1.52,0.08,0.18,4225298,1,0,14.90505051,0.191919192,0.088888889,0.5,-0.061068702,-0.052400147,0,-12,0.325053463,0.054545455,0.062613488,-0.1,5,1.6,-10,0.006134969,-0.035087719,-0.081447964,2.25,1.555555556,-15.49155707,0,0
0,2013,3.331,0.93,0.36,0.27,3.42,0.5,61.92,0.45,-0.07,4.56,0.51,6.278994,0.26,0.02,-0.03,0.06,12.62,0.41,0.29,0.03,-0.07,4894878,0,0,0,0,0,0,1,0,0,3.216,0.99,0.36,0.27,3.41,0.42,63.53,0.42,-0.01,24.57,0.53,5.908747,0.29,0.04,0.01,0.11,12.54,0.38,0.29,0.05,0.03,7873487,0,0,0,3.776,1,0.36,0.27,4.16,0.44,55.02,0.42,0,55.64,0.54,5.928023,0.35,0.03,0.02,0.09,12.48,0.38,0.24,0.04,0.04,6326894,0,0,0.035758706,-0.060606061,0.002932551,0.19047619,0.114754098,-0.025342358,0.071428571,6,-0.814407814,-0.037735849,0.062660831,-0.103448276,-0.5,-4,-0.454545455,0.006379585,0.078947368,0,-0.4,-3.333333333,-0.378308747,0,0
0,2011,5.287,1.08,0.22,0.23,0.99,0.59,41.08,0.45,0.04,16.35,0.62,10.390843,0,0.09,0.09,0.17,12.99,0.51,1.01,0.06,0.17,27480798,1,0,0,0,0,0,0,0,0,0.652,0.99,0.22,0.23,0.95,0.8,46.36,0.39,-0.01,7.78,0.6,10.228145,-0.01,0.06,0.05,0.1,12.9,0.57,1.06,0.01,0.09,15267745,1,0,0,2.946,0.96,0.22,0.23,0.91,0.93,48.54,0.41,-0.02,8.7,0.63,10.635025,-0.02,0.12,0.04,0.2,12.85,0.6,1.1,0.14,0.06,31974210,1,0,7.108895706,0.090909091,0.042105263,-0.2625,-0.184615385,-0.113891286,0.153846154,-5,1.101542416,0.033333333,0.015906892,-1,0.5,0.8,0.7,0.006976744,-0.105263158,-0.047169811,5,0.888888889,0.799925136,0,0
0,2019,0.821,0.95,0.07,0.19,1.82,0.53,61.39,0.57,-0.05,24.53,0.58,13.468798,0.1,0.03,0,0.07,13.74,0.43,0.55,0.02,-0.01,19778807,0,0,0,0,0,0,0,1,0,3.333,0.9,0.07,0.19,1.79,0.57,57,0.5,-0.11,18.38,0.54,12.27168,0.09,-0.04,-0.03,-0.08,13.7,0.44,0.56,-0.02,-0.07,-22779326,0,1,1,3.831,0.93,0.07,0.19,1.89,0.56,58.62,0.47,-0.07,17.42,0.53,11.688958,0.1,-0.02,-0.01,-0.04,13.76,0.43,0.53,-0.02,-0.02,-12695166,0,1,-0.753675368,0.055555556,0.016759777,-0.070175439,-0.038461538,0.077017544,0.14,-0.545454545,0.334602829,0.074074074,0.097551273,0.111111111,-1.75,-1,-1.875,0.002919708,-0.022727273,-0.017857143,-2,-0.857142857,-1.868278851,0,0
0,2018,2.906,0.7,0.14,0.18,1.35,1.05,47.23,0.58,-0.07,40.52,0.54,10.482408,0.11,-0.02,-0.04,-0.04,12.82,0.67,0.74,-0.02,-0.06,-6110099,0,1,1,0,0,0,1,0,0,3.877,0.84,0.14,0.18,1.09,1.01,48.59,0.59,-0.05,13.88,0.56,10.346636,0.03,0,-0.01,0,12.81,0.64,0.91,0,-0.02,326449,0,0,0,3.339,0.8,0.14,0.18,0.6,0.1,47.5,0.59,-0.06,10.72,0.59,10.425155,-0.22,-0.02,-0.06,-0.03,12.66,0.59,1.68,-0.02,-0.1,-4210384,0,1,-0.25045138,-0.166666667,0.23853211,0.03960396,0.12849162,-0.027989298,-0.016949153,0.4,1.919308357,-0.035714286,0.013122333,2.666666667,-2,3,-4,0.00078064,0.046875,-0.186813187,-2,2,-19.71685623,0,0
0,2018,4.565,-0.03,0.03,0.38,1.29,-2.29,50.03,0.21,0.27,30.68,0.37,0.86524,0.1,0.15,0.57,0.1,10.72,1.51,0.77,0.53,0.38,4657493,0,0,0,0,1,0,0,0,0,5.781,0.39,0.03,0.38,1.05,-1.92,51.7,0.21,0.24,84.46,0.37,0.78262,0.02,-0.06,0.4,-0.04,10.86,1.57,0.95,0.37,0.25,-2074102,0,0,0,4.556,0.41,0.03,0.38,1.43,-2.16,39.49,0.22,0.24,28.67,0.36,0.718053,0.1,0.07,0.45,0.04,10.6,1.66,0.7,0.41,0.27,2025460,0,0,-0.210344231,-1.076923077,0.228571429,0.192708333,0.08,-0.032301741,0,0.125,-0.636751125,0,0.105568475,4,-3.5,0.425,-3.5,-0.012891344,-0.038216561,-0.189473684,0.432432432,0.52,-3.245546747,0,0
0,2016,7.54,1.06,0.03,0.22,1.1,0,44.16,0.38,0.06,2.35,0.39,2.980887,0.01,-0.06,0.16,-0.49,11.52,0.13,0.91,-0.02,1.19,-4435357,0,1,0,0,0,0,0,1,0,8.354,1.03,0.03,0.22,1.08,0,43.46,0.38,0.03,2.17,0.4,3.317986,0.01,-0.03,0.12,-0.26,11.57,0.12,0.92,-0.02,1.01,-2308721,0,1,1,1.473,0.96,0.03,0.22,0.93,0,41.32,0.4,-0.05,0.2,0.39,2.702707,-0.01,-0.07,0.06,-0.67,11.6,0.11,1.08,-0.06,0.54,-5430413,1,1,-0.097438353,0.029126214,0.018518519,0,0.071428571,0.016106765,0,1,0.082949309,-0.025,-0.101597475,0,1,0.333333333,0.884615385,-0.004321521,0.083333333,-0.010869565,0,0.178217822,0.921131657,0,0
0,2016,4.146,1.04,0.06,0.31,6.34,0.32,-1690.84,0.49,0.03,0.21,0.38,1.910688,0.36,0.09,0.11,1.37,10.68,0.07,0.16,0.09,1.58,2786115,0,0,1,1,0,0,0,0,0,1.594,1.16,0.06,0.31,3.46,0.32,-1647.78,0.46,0.11,9.25,0.41,2.016967,0.26,0.24,0.22,2.23,10.62,0.11,0.29,0.24,2.04,6727859,0,0,0,3.217,1.08,0.06,0.31,1.09,0.32,-1552.95,0.56,0.04,7.86,0.46,1.853312,0.02,0.14,0.14,0.56,10.48,0.25,0.92,0.14,0.57,3449030,0,0,1.601003764,-0.103448276,0.832369942,0,-0.416666667,0.026132129,0.065217391,-0.727272727,-0.977297297,-0.073170732,-0.052692483,0.384615385,-0.625,-0.5,-0.385650224,0.005649718,-0.363636364,-0.448275862,-0.625,-0.225490196,-0.58588386,0,0
0,2019,2.838,-1.03,0.11,0.56,0.45,0.32,41.87,0.57,-0.06,2.79,0.15,1.431871,-0.52,-0.42,0.02,-0.45,9.14,0.93,2.24,0.39,0.03,-2716427,1,0,0,1,0,0,1,0,0,2.883,0.58,0.11,0.56,0.44,0.32,45.23,0.58,-0.11,16.09,0.17,1.08792,-0.36,-0.12,-0.05,-0.18,9.46,0.65,2.25,-0.12,-0.08,-1065951,1,1,0,2.848,0.59,0.11,0.56,0.47,0.32,41.7,0.65,-0.14,16.69,0.23,1.41909,-0.3,-0.15,-0.09,-0.27,9.55,0.57,2.15,-0.15,-0.15,-1487586,1,1,-0.015608741,-2.775862069,0.022727273,0,6.592391304,-0.074286978,-0.017241379,-0.454545455,-0.826600373,-0.117647059,0.31615468,0.444444444,2.5,-1.4,1.5,-0.033826638,0.430769231,-0.004444444,-4.25,-1.375,1.548360103,0,0
0,2009,3.895,0.94,0.01,0.52,1.86,0,57.92,0.38,-0.05,4.22,0.37,2.807235,0.09,-0.02,0,-0.19,11.33,0.11,0.54,-0.02,-0.04,-1165468,0,1,0,0,0,0,0,0,0,4.281,0.96,0.01,0.52,1.79,0,58.24,0.39,-0.04,4.49,0.38,2.813821,0.08,0,0.01,-0.04,11.35,0.1,0.56,0,0.05,-229402,0,1,0,8.42,1,0.01,0.52,2.11,0,53.84,0.37,0,5.11,0.39,3.046403,0.09,0.03,0.06,0.44,11.33,0.08,0.47,0.03,0.82,2007481,0,0,-0.090165849,-0.020833333,0.039106145,0,0.090909091,-0.005494505,-0.025641026,0.25,-0.06013363,-0.026315789,-0.00234059,0.125,-2,-1,3.75,-0.001762115,0.1,-0.035714286,-2,-1.8,4.080461373,0,0
0,2019,7.188,1.3,0.04,0.23,1.4,0.32,39.03,0.33,0.09,0.59,0.65,10.190483,0.09,-0.06,0.29,-0.15,12.19,0.41,0.72,0.2,0.71,-8522749,0,0,0,0,0,0,0,1,0,7.16,1.39,0.04,0.23,2.29,0.28,42.85,0.34,0.13,0.49,0.67,10.52109,0.19,0,0.38,-0.01,12.18,0.33,0.44,0.29,1.14,-539229,0,0,1,4.543,1.41,0.04,0.23,2.74,0.32,54.31,0.33,0.14,1.06,0.66,9.911878,0.23,0.05,0.37,0.15,12.2,0.34,0.37,0.29,1.08,7265327,0,0,0.003910615,-0.064748201,-0.388646288,0.142857143,0.38,-0.089148191,-0.029411765,-0.307692308,0.204081633,-0.029850746,-0.031423265,-0.526315789,-6,-0.236842105,14,0.000821018,0.242424242,0.636363636,-0.310344828,-0.377192982,14.80543517,0,0
0,2019,7.556,1.4,0.03,0.24,0.37,0.06,56.21,0.34,0.06,0,0.6,9.20541,-0.48,0.1,0.17,0.13,11.87,0.77,2.72,0.1,0.22,9800809,1,0,0,0,1,0,1,0,0,7.153,1.82,0.03,0.24,0.32,0.01,59.13,0.33,0.07,-0.01,0.57,8.697917,-0.59,0.11,0.17,0.13,11.89,0.87,3.14,0.11,0.2,11505462,1,0,0,8.113,6,0.03,0.24,0.25,0.11,54.59,0.33,0.05,-0.07,0.54,8.22194,-0.74,0.09,0.13,0.09,11.93,0.99,4.06,0.08,0.13,9552453,1,0,0.056339997,-0.230769231,0.15625,5,-0.510233918,-0.049382716,0.03030303,-0.142857143,-1,0.052631579,0.058346498,-0.186440678,-0.090909091,0,0,-0.001682086,-0.114942529,-0.133757962,-0.090909091,0.1,-0.148160326,0,0
0,2021,4.469,1.43,0.01,0.21,3.74,0.32,45.88,0.31,0.21,0.01,0.06,0.665342,0.2,0.04,0.44,0.49,11.16,0.07,0.27,0.46,5.91,1768684,0,0,0,0,0,0,0,0,0,4.524,1.23,0.01,0.21,9.96,0.32,43.96,0.33,0.12,0.01,0.08,0.642079,0.25,-0.06,0.27,-2.13,11.08,0.03,0.1,0.43,9.37,-2718530,0,0,0,4.448,1.51,0.01,0.21,7.83,0,39.48,0.29,0.25,0.01,0.18,0.795344,0.24,0.11,0.53,3.15,11.14,0.04,0.13,0.56,15.04,5344418,0,0,-0.012157383,0.162601626,-0.624497992,0,1.666666667,0.043676069,-0.060606061,0.75,0,-0.25,0.036230744,-0.2,-1.666666667,0.62962963,-1.230046948,0.007220217,1.333333333,1.7,0.069767442,-0.369263607,-1.650603083,0,0
0,2020,0.117,0.79,0.02,0.47,1.33,0.17,64.71,0.61,-0.15,131.13,0.09,0.837005,0.12,-0.02,-0.07,-0.05,9.65,0.46,0.75,-0.03,-0.15,-263713,0,1,0,1,1,0,0,0,1,0.147,0.87,0.02,0.47,1.08,0.32,45.33,0.55,-0.08,97.66,0.11,1.028011,0.03,-0.05,-0.02,-0.11,9.59,0.4,0.92,-0.05,-0.06,-460483,0,1,1,5.815,1.1,0.02,0.47,1.21,0.08,50.3,0.46,0.06,116.28,0.13,1.166,0.09,0.01,0.1,0.03,9.76,0.46,0.83,0.01,0.21,175142,0,0,-0.204081633,-0.091954023,0.231481481,-0.46875,0.268656716,0.427531436,0.109090909,0.875,0.34271964,-0.181818182,-0.185801514,3,-0.6,2.5,-0.545454545,0.006256517,0.15,-0.184782609,-0.4,1.5,-0.427312192,0,0
